carte,categorie,question,reponse,difficulte,theme
1,Géographie,"Quelle ville de Bahia fut la première capitale du Brésil, jusqu'en 1763 ?",Salvador,3,Grandes villes
1,Divertissement,Comment s'appelle le café où se retrouvent les personnages de « Friends » ?,Central Perk,1,Sitcoms
1,Histoire,Quel peuple gaulois a donné son nom à la ville de Paris ?,Les Parisii,1,Gaule
1,Arts & Littérature,Quel personnage de Molière découvre qu'il dit de la prose sans le savoir ?,Monsieur Jourdain,2,Théâtre
1,Sciences & Nature,Quel est le symbole chimique du fer ?,Fe,1,Chimie : éléments
1,Sports & Loisirs,Quels Jeux olympiques d'été ont été boycottés par de nombreux pays africains pour protester contre une tournée de rugby néo-zélandaise en Afrique du Sud ?,Montréal 1976,3,Histoire des JO
2,Géographie,De quelle couleur est la croix qui orne le drapeau blanc de la Finlande ?,Bleue,2,Drapeaux
2,Divertissement,Quel film de Luc Besson (1994) raconte l'amitié entre un tueur à gages new-yorkais et une fillette nommée Mathilda ?,Léon,1,Cinéma français
2,Histoire,"Quel incident de 1618, au cours duquel des émissaires impériaux sont jetés par une fenêtre, déclenche la guerre de Trente Ans ?",La défenestration de Prague,2,Guerre de Trente Ans
2,Arts & Littérature,"Quel compositeur autrichien, auteur de 104 symphonies, est surnommé le « père de la symphonie » ?",Joseph Haydn,2,Compositeurs
2,Sciences & Nature,"Quelle unité, correspondant à une désintégration par seconde, mesure l'activité d'une source radioactive ?",Le becquerel,3,Unités et mesures
2,Sports & Loisirs,Comment appelle-t-on le groupe principal de coureurs dans une course cycliste ?,Le peloton,1,Cyclisme – vocabulaire
3,Géographie,Quel pays d'Asie centrale a pour capitale Achgabat ?,Le Turkménistan,3,Asie
3,Divertissement,De quelle planète Superman est-il originaire ?,Krypton,1,Comics
3,Histoire,Quelle civilisation du Yucatán et du Guatemala a développé une écriture glyphique et un calendrier très élaboré ?,Les Mayas,1,Amériques et Afrique antiques
3,Arts & Littérature,"Quel philosophe a écrit « L'homme est né libre, et partout il est dans les fers » ?",Jean-Jacques Rousseau,2,Citations
3,Sciences & Nature,Quel ingénieur écossais a fait en 1926 la première démonstration publique de la télévision ?,John Logie Baird,3,Télécommunications
3,Sports & Loisirs,Quelle ville japonaise a accueilli les Jeux olympiques d'été reportés d'un an et disputés en 2021 à huis clos ?,Tokyo,1,Villes olympiques
4,Géographie,Quelle île de Méditerranée orientale a pour capitale Nicosie ?,Chypre,1,Îles
4,Divertissement,"Dans le jeu « Among Us », comment appelle-t-on les joueurs chargés de saboter le vaisseau ?",Les imposteurs,2,Jeux vidéo
4,Histoire,"En quelle année le Royaume-Uni, l'Irlande et le Danemark sont-ils entrés dans la CEE ?",1973,2,Construction européenne
4,Arts & Littérature,"Dans « Germinal », comment s'appelle le jeune ouvrier qui arrive à Montsou et mène la grève ?",Étienne Lantier,2,Personnages
4,Sciences & Nature,Quel physicien allemand a découvert les rayons X en 1895 ?,Wilhelm Röntgen,2,Physique
4,Sports & Loisirs,Dans quelle ville de la métropole lyonnaise le club de basket de l'ASVEL a-t-il son siège ?,Villeurbanne,2,Basket – clubs
5,Géographie,"Quel massif, le plus élevé des Carpates, est partagé entre la Slovaquie et la Pologne ?",Les Tatras,3,Montagnes
5,Divertissement,"Quelle artiste américaine, vedette des Folies Bergère, dansait vêtue d'une ceinture de bananes ?",Joséphine Baker,1,Music-hall
5,Histoire,Quelle conférence de 1884-1885 fixe les règles du partage de l'Afrique entre puissances européennes ?,La conférence de Berlin,1,Colonisation
5,Arts & Littérature,"Quel compositeur français a écrit « L'Apprenti sorcier », popularisé par « Fantasia » de Disney ?",Paul Dukas,3,Œuvres
5,Sciences & Nature,Quel astre découvert en 1930 a été reclassé en « planète naine » en 2006 ?,Pluton,1,Astronomie : planètes
5,Sports & Loisirs,Quel entraîneur serbe dirigeait Limoges lors de son titre européen de 1993 ?,Božidar Maljković,3,Basket – clubs
6,Géographie,Quel désert semi-aride couvre une grande partie du Botswana ?,Le Kalahari,2,Déserts
6,Divertissement,Quel animateur présentait le jeu « Le Bigdil » sur TF1 ?,Vincent Lagaf',1,Animateurs
6,Histoire,Quel explorateur descend le Mississippi jusqu'à son embouchure en 1682 et baptise la Louisiane ?,Cavelier de La Salle,3,Colonies
6,Arts & Littérature,"Quel ballet de Stravinsky, créé en 1910, s'inspire d'un conte russe mettant en scène un oiseau magique ?",L'Oiseau de feu,2,Danse
6,Sciences & Nature,Quel test psychologique projectif demande d'interpréter des taches d'encre ?,Le test de Rorschach,1,Psychologie
6,Sports & Loisirs,Quel club italien est surnommé « la Vieille Dame » ?,La Juventus de Turin,1,Football – clubs
7,Géographie,Combien de degrés de longitude couvre un fuseau horaire théorique ?,15°,2,Fuseaux et latitudes
7,Divertissement,De quel astéroïde vient le Petit Prince de Saint-Exupéry ?,L'astéroïde B 612,2,Personnages de fiction
7,Histoire,"Quelle reine, dernière souveraine de l'Égypte ptolémaïque, se donna la mort en 30 av. J.-C. ?",Cléopâtre VII,1,Égypte ancienne
7,Arts & Littérature,"Quel roman d'Harper Lee, paru en 1960, est raconté par la petite Scout Finch, fille d'un avocat de l'Alabama ?",Ne tirez pas sur l'oiseau moqueur,2,Littérature américaine
7,Sciences & Nature,Quel insecte Napoléon Ier choisit-il comme emblème pour remplacer la fleur de lys ?,L'abeille,2,Insectes
7,Sports & Loisirs,"Quel est le score maximal d'une partie de bowling, obtenu en enchaînant douze strikes ?",300,3,Vocabulaire et règles
8,Géographie,Quelle grande ville wallonne est surnommée « la Cité ardente » ?,Liège,2,Belgique
8,Divertissement,Combien de dragons Daenerys Targaryen fait-elle éclore dans « Game of Thrones » ?,Trois,2,Séries américaines
8,Histoire,Quel général a dirigé le Chili de 1973 à 1990 ?,Augusto Pinochet,1,Amérique latine
8,Arts & Littérature,"Quel romancier turc, auteur de « Mon nom est Rouge », reçut le prix Nobel de littérature en 2006 ?",Orhan Pamuk,2,Prix Nobel de littérature
8,Sciences & Nature,Quel liquide transparent baigne le cerveau et la moelle épinière ?,Le liquide céphalorachidien,2,Cerveau et nerfs
8,Sports & Loisirs,Quel gâteau breton très riche en beurre et en sucre a un nom qui signifie « gâteau au beurre » en breton ?,Le kouign-amann,1,Cuisine régionale
9,Géographie,Quelle est la ville la plus peuplée du Brésil ?,São Paulo,1,Grandes villes
9,Divertissement,"Quel chanteur a connu le succès avec « Ces soirées-là », adaptation d'un titre des Four Seasons, en 2000 ?",Yannick,3,Variété française
9,Histoire,Sur quelle île de l'Atlantique Sud Napoléon meurt-il en 1821 ?,Sainte-Hélène,1,Napoléon
9,Arts & Littérature,Quel roman de Jules Verne raconte la survie de quinze jeunes garçons naufragés sur une île ?,Deux ans de vacances,3,Littérature jeunesse
9,Sciences & Nature,Quel psychologue suisse a décrit les grands stades du développement de l'intelligence chez l'enfant ?,Jean Piaget,1,Psychologie
9,Sports & Loisirs,Dans quel pays sont traditionnellement tressés les chapeaux de paille appelés « panamas » ?,L'Équateur,2,Mode
10,Géographie,Quel pays africain est le seul à faire figurer un fusil d'assaut sur son drapeau ?,Le Mozambique,3,Drapeaux
10,Divertissement,Quel chanteur algérien a interprété « Aïcha » en 1996 ?,Khaled,1,Variété francophone
10,Histoire,Quel dictateur communiste a été exécuté avec son épouse le 25 décembre 1989 ?,Nicolae Ceaușescu,1,Fin de la guerre froide
10,Arts & Littérature,Quelle poétesse chilienne devint en 1945 la première lauréate latino-américaine du prix Nobel de littérature ?,Gabriela Mistral,3,Prix Nobel de littérature
10,Sciences & Nature,Comment appelle-t-on l'ensemble du matériel génétique d'un organisme ?,Le génome,1,Génétique
10,Sports & Loisirs,Comment appelle-t-on l'opération consistant à dissoudre les sucs d'une poêle avec un liquide ?,Déglacer,2,Vocabulaire culinaire
11,Géographie,Quelle ville de Bosnie-Herzégovine est célèbre pour son vieux pont ottoman enjambant la Neretva ?,Mostar,2,Monuments
11,Divertissement,"Quel terminal télématique français, relié à la ligne téléphonique, a précédé Internet dans les foyers ?",Le Minitel,1,Internet
11,Histoire,Quel chef germanique déposa le dernier empereur romain d'Occident en 476 ?,Odoacre,3,Rome antique
11,Arts & Littérature,Comment appelle-t-on la voix de femme la plus aiguë ?,La soprano,1,Voix
11,Sciences & Nature,Quel anglicisme désigne l'état d'épuisement professionnel ?,Le burn-out,1,Psychologie
11,Sports & Loisirs,Quel nom officiel porte le trophée remis au vainqueur de la Coupe de France de football ?,La coupe Charles-Simon,3,Football – compétitions
12,Géographie,Dans la cour de quel château Napoléon fit-il ses adieux à la Garde impériale en 1814 ?,Fontainebleau,2,Châteaux
12,Divertissement,"Quel DJ suédois, mort en 2018, a signé « Levels » et « Wake Me Up » ?",Avicii,2,Électro
12,Histoire,"Quel homme d'État, chef du gouvernement installé à Versailles, fait réprimer la Commune de Paris en 1871 ?",Adolphe Thiers,1,IIIe République
12,Arts & Littérature,"Comment s'appelle le malade imaginaire de Molière, hypocondriaque entouré de médecins ?",Argan,3,Théâtre
12,Sciences & Nature,Combien d'os compte le squelette d'un adulte humain ?,206,1,Os et squelette
12,Sports & Loisirs,Quel gardien allemand a violemment percuté Patrick Battiston lors de France-RFA à Séville en 1982 ?,Harald Schumacher,2,Football – Coupe du monde
13,Géographie,Quel département français porte le numéro 13 ?,Les Bouches-du-Rhône,1,Départements
13,Divertissement,Quel film de 1959 avec Charlton Heston fut le premier à remporter onze Oscars ?,Ben-Hur,3,Oscars
13,Histoire,Quelle reine exerce la régence pendant l'enfance de Louis XIV ?,Anne d'Autriche,2,Louis XIV
13,Arts & Littérature,Quel musée parisien occupe une ancienne gare construite pour l'Exposition universelle de 1900 ?,Le musée d'Orsay,1,Musées
13,Sciences & Nature,Comment appelle-t-on la trace lumineuse laissée dans le ciel par une « étoile filante » ?,Un météore,2,Astronomie : petits corps
13,Sports & Loisirs,"Quel avant, numéro 2, est généralement chargé de lancer le ballon en touche ?",Le talonneur,2,Rugby – règles
14,Géographie,Quelle est la ville la plus peuplée de Nouvelle-Zélande ?,Auckland,2,Grandes villes
14,Divertissement,Quel trompettiste et chanteur de jazz américain était surnommé « Satchmo » ?,Louis Armstrong,1,Jazz
14,Histoire,"Quelle bataille aéronavale de juin 1942, autour d'un atoll du Pacifique, a vu le Japon perdre quatre porte-avions ?",La bataille de Midway,2,Guerre du Pacifique
14,Arts & Littérature,"Quel écrivain soviétique, auteur du « Don paisible », reçut le prix Nobel de littérature en 1965 ?",Mikhaïl Cholokhov,3,Prix Nobel de littérature
14,Sciences & Nature,Quel arbre produit les glands ?,Le chêne,1,Arbres
14,Sports & Loisirs,Quelle discipline équestre consiste à franchir un parcours de barres et de murs sans les faire tomber ?,Le saut d'obstacles,1,Équitation
15,Géographie,Quel est le plus petit État du monde par sa superficie ?,Le Vatican,1,Pays
15,Divertissement,Quelle actrice est la cible d'attaques de volatiles dans « Les Oiseaux » (1963) d'Alfred Hitchcock ?,Tippi Hedren,3,Classiques hollywoodiens
15,Histoire,"Quel poète, chantre de la négritude, fut le premier président du Sénégal indépendant ?",Léopold Sédar Senghor,1,Décolonisation
15,Arts & Littérature,Quel écrivain vaudois a écrit « Derborence » et « La Grande Peur dans la montagne » ?,Charles-Ferdinand Ramuz,3,Francophonie
15,Sciences & Nature,"Quel surnom, qui désigne le petit d'un rapace, fut donné au fils de Napoléon Ier ?",L'Aiglon,1,Noms des petits
15,Sports & Loisirs,Comment appelle-t-on la faute du serveur qui touche la ligne de fond avec le pied avant de frapper la balle ?,Une faute de pied,2,Tennis – règles
16,Géographie,Quel courant froid remonte le long des côtes du Chili et du Pérou ?,Le courant de Humboldt,2,Océans et mers
16,Divertissement,Quel chanteur a interprété « La Montagne » en 1964 ?,Jean Ferrat,1,Chanson française
16,Histoire,Quel groupe de poètes de la Renaissance est mené par Ronsard et Du Bellay ?,La Pléiade,2,Renaissance
16,Arts & Littérature,Quel maître du vaudeville a écrit « Un fil à la patte » et « La Dame de chez Maxim » ?,Georges Feydeau,2,Théâtre
16,Sciences & Nature,Pour l'explication de quel phénomène Albert Einstein a-t-il reçu le prix Nobel de physique ?,L'effet photoélectrique,3,Physique
16,Sports & Loisirs,Quel petit gâteau en forme de coquillage est la spécialité de Commercy ?,La madeleine,1,Pâtisserie
17,Géographie,Quelle est la capitale du Monténégro ?,Podgorica,3,Capitales
17,Divertissement,Quelle encyclopédie en ligne collaborative a été lancée en 2001 par Jimmy Wales et Larry Sanger ?,Wikipédia,1,Internet
17,Histoire,"Dans quelle ville se trouvait le palais d'Hiver, pris d'assaut par les bolcheviks en octobre 1917 ?",Petrograd (Saint-Pétersbourg),1,Révolution russe
17,Arts & Littérature,Quel philosophe allemand a publié en 1807 la « Phénoménologie de l'esprit » ?,Georg Wilhelm Friedrich Hegel,2,Philosophie moderne
17,Sciences & Nature,"Quel arbre du genre Pinus, typique des côtes méditerranéennes, produit les pignons comestibles ?",Le pin parasol,2,Arbres
17,Sports & Loisirs,Quelle nation a battu la France en finale de l'Eurobasket 2022 ?,L'Espagne,2,Basket – compétitions
18,Géographie,Quels deux fleuves se disputent le titre de plus long fleuve du monde ?,Le Nil et l'Amazone,2,Géographie physique
18,Divertissement,Quel acteur incarne le maréchal des logis-chef Cruchot dans « Le Gendarme de Saint-Tropez » (1964) ?,Louis de Funès,1,Comédies françaises
18,Histoire,Quel régime militaire a gouverné la Grèce de 1967 à 1974 ?,La dictature des colonels,3,Europe du Sud
18,Arts & Littérature,Quel instrument à clavier et à tuyaux trône dans la tribune de nombreuses églises ?,L'orgue,1,Instruments
18,Sciences & Nature,Quel oiseau échassier « claquette » ou « craquette » en frappant les deux parties de son bec ?,La cigogne,2,Cris des animaux
18,Sports & Loisirs,Quel athlète français a été sacré champion du monde du décathlon à Londres en 2017 ?,Kevin Mayer,2,Athlétisme
19,Géographie,Quelle est la capitale du sultanat d'Oman ?,Mascate,3,Capitales
19,Divertissement,Quel réseau social de partage de photos a été racheté par Facebook en 2012 ?,Instagram,1,Internet
19,Histoire,En quelle année la grotte de Lascaux a-t-elle été découverte par quatre adolescents ?,1940,2,Préhistoire
19,Arts & Littérature,Quel personnage de Perrault tue ses épouses trop curieuses qui ont ouvert un petit cabinet interdit ?,Barbe-Bleue,1,Contes
19,Sciences & Nature,Quelle sonde européenne a largué le module Philae sur une comète en novembre 2014 ?,Rosetta,2,Espace : missions
19,Sports & Loisirs,Quel crustacé d'eau douce est l'ingrédient principal de la sauce Nantua ?,L'écrevisse,2,Cuisine régionale
20,Géographie,Quelle langue est devenue co-officielle avec l'arabe au Maroc en 2011 ?,L'amazighe (berbère),2,Langues
20,Divertissement,"Quel personnage en blouson de cuir, joué par Henry Winkler, est devenu la star de « Happy Days » ?",Fonzie,2,Sitcoms
20,Histoire,Quel parallèle servait de ligne de démarcation entre les deux Corées avant la guerre de 1950 ?,Le 38e parallèle,2,Guerre de Corée
20,Arts & Littérature,"Comment appelle-t-on les deux points placés sur une voyelle, comme dans « maïs » ?",Le tréma,1,Langue française
20,Sciences & Nature,"Comment appelle-t-on des organes de même origine évolutive, comme le bras humain et l'aile de chauve-souris ?",Des organes homologues,3,Évolution
20,Sports & Loisirs,Pour quelle Exposition universelle la tour Eiffel a-t-elle été construite ?,Celle de 1889,1,Tourisme
21,Géographie,Quelle île des Antilles est partagée entre Haïti et la République dominicaine ?,Hispaniola,2,Amériques
21,Divertissement,Quel chanteur américain a reçu le prix Nobel de littérature en 2016 ?,Bob Dylan,1,Célébrités de la musique
21,Histoire,Près de quelle localité des Hauts-de-Seine le général de Gaulle a-t-il échappé à un attentat de l'OAS en août 1962 ?,Le Petit-Clamart,2,Ve République
21,Arts & Littérature,Quel mot est employé dans plusieurs cantons suisses romands pour dire « quatre-vingts » ?,Huitante,2,Francophonie
21,Sciences & Nature,Quel est l'âge approximatif de l'Univers selon les estimations des astronomes ?,"13,8 milliards d'années",2,Astronomie : cosmologie
21,Sports & Loisirs,Comment appelle-t-on l'art de tailler les arbres et les arbustes en formes géométriques ou animales ?,L'art topiaire,2,Jardinage
22,Géographie,Quelle ancienne ville minière du Pas-de-Calais accueille depuis 2012 une antenne du musée du Louvre ?,Lens,2,Villes
22,Divertissement,Quel lieutenant en imperméable froissé revient toujours poser « une dernière question » ?,Columbo,1,Séries américaines
22,Histoire,Quelle ville d'Éthiopie est célèbre pour ses églises médiévales entièrement taillées dans le roc ?,Lalibela,3,Afrique médiévale
22,Arts & Littérature,"Quel photographe français, cofondateur de l'agence Magnum, a théorisé « l'instant décisif » ?",Henri Cartier-Bresson,1,Photographie
22,Sciences & Nature,"Quel nombre, 10 puissance 100, a inspiré le nom d'un célèbre moteur de recherche ?",Le gogol (googol),2,Mathématiques
22,Sports & Loisirs,"Quel animal virtuel électronique en forme d'œuf, qu'il fallait nourrir et soigner, a été lancé au Japon en 1996 ?",Le Tamagotchi,1,Jouets
23,Géographie,Quelle ville indienne a été conçue dans les années 1950 par Le Corbusier ?,Chandigarh,2,Grandes villes
23,Divertissement,"Quelle émission de M6, diffusée en 2001 avec Loana parmi les candidats, est considérée comme la première téléréalité française ?",Loft Story,1,Téléréalité
23,Histoire,"Quel Allemand fut le premier président de la Commission de la CEE, de 1958 à 1967 ?",Walter Hallstein,3,Construction européenne
23,Arts & Littérature,Combien de noires vaut une ronde ?,Quatre,1,Solfège
23,Sciences & Nature,"Quels prix parodiques récompensent chaque année des recherches qui « font d'abord rire, puis réfléchir » ?",Les prix Ig Nobel,2,Grands scientifiques
23,Sports & Loisirs,Près de quelle ville de la Vienne se trouve le parc du Futuroscope ?,Poitiers,2,Tourisme
24,Géographie,Quelle ville est la préfecture du département du Jura ?,Lons-le-Saunier,3,Préfectures
24,Divertissement,"Quel acteur incarne Assane Diop, gentleman cambrioleur, dans la série Netflix « Lupin » ?",Omar Sy,1,Séries françaises
24,Histoire,"Quel texte l'Assemblée générale de l'ONU a-t-elle adopté à Paris, au palais de Chaillot, en décembre 1948 ?",La Déclaration universelle (DUDH),1,Relations internationales
24,Arts & Littérature,"Quel poète russe, auteur d'« Eugène Onéguine », est mort des suites d'un duel en 1837 ?",Alexandre Pouchkine,2,Littérature russe
24,Sciences & Nature,De quel élément chimique le diamant et le graphite sont-ils tous deux constitués ?,Le carbone,1,Géologie
24,Sports & Loisirs,Quel skieur autrichien avait déjà réalisé le triplé en ski alpin aux Jeux de Cortina d'Ampezzo en 1956 ?,Toni Sailer,3,Sports d'hiver
25,Géographie,Quelle ville de Charente-Maritime a son Vieux-Port gardé par la tour de la Chaîne et la tour Saint-Nicolas ?,La Rochelle,1,Villes
25,Divertissement,Quel producteur des Beatles est souvent surnommé le « cinquième Beatle » ?,George Martin,3,Pop-rock britannique
25,Histoire,Dans quelle oasis libyenne Leclerc a-t-il juré en 1941 de ne déposer les armes qu'une fois le drapeau flottant sur Strasbourg ?,Koufra,2,France libre
25,Arts & Littérature,Comment appelle-t-on le tour complet qu'un danseur effectue sur une seule jambe ?,Une pirouette,1,Danse
25,Sciences & Nature,Quel est le muscle le plus volumineux du corps humain ?,Le grand fessier,2,Muscles
25,Sports & Loisirs,Quel joueur portugais a marqué le seul but de la finale de l'Euro 2016 contre la France ?,Éder,2,Football – Euro
26,Géographie,"Comment appelle-t-on la vague qui remonte certains estuaires, comme celui de la Dordogne, lors des grandes marées ?",Le mascaret,2,Fleuves et rivières
26,Divertissement,Quel chanteur ivoirien de reggae a connu le succès avec « Brigadier Sabari » ?,Alpha Blondy,2,Reggae
26,Histoire,Le mur de scène de quel théâtre antique Louis XIV aurait-il qualifié de « plus belle muraille de mon royaume » ?,Le théâtre d'Orange,2,Rome antique
26,Arts & Littérature,"Comment appelle-t-on un tableau représentant des objets inanimés comme des fruits, des fleurs ou de la vaisselle ?",Une nature morte,1,Genres picturaux
26,Sciences & Nature,"Quelle est la planète la plus chaude du Système solaire, en raison de son effet de serre ?",Vénus,2,Astronomie : planètes
26,Sports & Loisirs,"Quel coureur britannique a été le premier à courir le mile en moins de quatre minutes, en 1954 ?",Roger Bannister,2,Athlétisme
27,Géographie,Quel empereur moghol a fait construire le Taj Mahal ?,Shah Jahan,2,Monuments et sites
27,Divertissement,Quelle petite cochonne rose adore sauter dans les flaques de boue dans un dessin animé britannique ?,Peppa Pig,1,Dessins animés
27,Histoire,"Combien d'années dure le règne de Louis XIV, le plus long de l'histoire de France ?",72 ans,2,Louis XIV
27,Arts & Littérature,Dans quelle série de Peyo les Schtroumpfs sont-ils apparus pour la première fois en 1958 ?,Johan et Pirlouit,3,Bande dessinée
27,Sciences & Nature,"Quelle molécule stimulante est présente dans le café, le thé et le cola ?",La caféine,1,Nutrition
27,Sports & Loisirs,Quel vin effervescent espagnol est principalement produit en Catalogne ?,Le cava,2,Vins
28,Géographie,"Quel archipel lusophone de l'Atlantique, au large du Sénégal, a pour capitale Praia ?",Le Cap-Vert,2,Îles
28,Divertissement,"Quelle salle de spectacle du boulevard des Capucines, à Paris, a accueilli Piaf, Brel et les Beatles ?",L'Olympia,1,Salles et festivals
28,Histoire,"Quel général français est tué en 1800 à Marengo, bataille dont il a assuré la victoire ?",Louis Desaix,3,Consulat
28,Arts & Littérature,Quel dramaturge allemand a écrit « L'Opéra de quat'sous » et « Mère Courage et ses enfants » ?,Bertolt Brecht,2,Littérature allemande
28,Sciences & Nature,Dans quel petit organe la bile est-elle stockée entre les repas ?,La vésicule biliaire,1,Digestion
28,Sports & Loisirs,Quel vin mousseux de Vénétie entre dans la recette du spritz ?,Le prosecco,1,Vins
29,Géographie,Quel pays d'Asie du Sud-Est est le seul de la région à n'avoir jamais été colonisé par une puissance européenne ?,La Thaïlande,2,Asie
29,Divertissement,Quel chanteur à la barbe blanche a écrit et interprété « Le Métèque » en 1969 ?,Georges Moustaki,2,Chanson française
29,Histoire,Comment appelle-t-on la révolution pacifique qui a mis fin au régime communiste tchécoslovaque en 1989 ?,La révolution de Velours,2,Fin de la guerre froide
29,Arts & Littérature,"Comment appelle-t-on un mot ou une phrase qui se lit dans les deux sens, comme « Ésope reste ici et se repose » ?",Un palindrome,1,Langue française
29,Sciences & Nature,Quel neurobiologiste français a nommé et caractérisé le sommeil paradoxal à la fin des années 1950 ?,Michel Jouvet,3,Psychologie
29,Sports & Loisirs,Quel pilote britannique a été sacré sept fois champion du monde de Formule 1 entre 2008 et 2020 ?,Lewis Hamilton,1,Sports mécaniques
30,Géographie,Quelle ville du Massachusetts a donné son nom à la « tea party » de 1773 ?,Boston,1,Grandes villes
30,Divertissement,Quel acteur tient le rôle de l'autiste savant Raymond Babbitt dans « Rain Man » (1988) ?,Dustin Hoffman,2,Acteurs
30,Histoire,En quelle année l'arrière-garde de Charlemagne fut-elle massacrée à Roncevaux ?,778,3,Mérovingiens et Carolingiens
30,Arts & Littérature,"Quel jeune homme, épris de son propre reflet dans l'eau, fut changé en fleur ?",Narcisse,1,Mythologie grecque
30,Sciences & Nature,Quelle mathématicienne anglaise a écrit au XIXe siècle ce que l'on considère comme le premier programme informatique ?,Ada Lovelace,2,Mathématiques
30,Sports & Loisirs,"Quel jeu d'ambiance français, conçu par Jean-Louis Roubira, fait retrouver des cartes aux illustrations oniriques à partir d'un indice ?",Dixit,3,Jeux de société
31,Géographie,Quel pays d'Afrique australe a pour capitale Lilongwe et longe le lac Nyassa ?,Le Malawi,3,Pays
31,Divertissement,Quelle chanteuse et actrice est la fille de Serge Gainsbourg et de Jane Birkin ?,Charlotte Gainsbourg,1,Célébrités de la musique
31,Histoire,Quel as de l'aviation allemande était surnommé le « Baron rouge » ?,Manfred von Richthofen,2,Première Guerre mondiale
31,Arts & Littérature,"Quel compositeur italien a écrit « Madame Butterfly », l'histoire d'une geisha abandonnée ?",Giacomo Puccini,1,Opéra
31,Sciences & Nature,Quelle enzyme fait défaut aux personnes intolérantes au lactose ?,La lactase,2,Nutrition
31,Sports & Loisirs,Quelle sélection a remporté la Copa América 2021 en battant le Brésil au Maracanã ?,L'Argentine,3,Football – compétitions
32,Géographie,Quelle ville flamande aux nombreux canaux est surnommée « la Venise du Nord » ?,Bruges,1,Belgique
32,Divertissement,Dans quelle fontaine romaine Anita Ekberg se baigne-t-elle dans « La dolce vita » ?,La fontaine de Trevi,2,Cinéma européen
32,Histoire,Quel gouverneur français tente de bâtir un empire en Inde avant d'être rappelé en France en 1754 ?,Dupleix,3,Colonies
32,Arts & Littérature,Comment appelle-t-on le nom d'emprunt sous lequel un écrivain publie ses livres ?,Un pseudonyme,1,Vocabulaire littéraire
32,Sciences & Nature,Quel est le métal le plus abondant dans la croûte terrestre ?,L'aluminium,2,Chimie : éléments
32,Sports & Loisirs,Comment appelle-t-on la crème de sésame utilisée dans le houmous ?,Le tahini (tahina),2,Cuisine du monde
33,Géographie,Quel titre porte le chef de l'État luxembourgeois ?,Grand-duc,1,Luxembourg
33,Divertissement,"Quel réalisateur a obtenu la Palme d'or 2013 pour « La Vie d'Adèle », partagée avec ses deux actrices ?",Abdellatif Kechiche,3,Festival de Cannes
33,Histoire,"Comment appelle-t-on la guerre israélo-arabe de juin 1967, remportée très rapidement par Israël ?",La guerre des Six Jours,1,Proche-Orient
33,Arts & Littérature,Quelle romancière américaine a écrit « Autant en emporte le vent » ?,Margaret Mitchell,2,Littérature américaine
33,Sciences & Nature,Quel savant anglais a observé en 1665 des « cellules » dans une fine tranche de liège ?,Robert Hooke,3,Grands scientifiques
33,Sports & Loisirs,Quelle pièce occupe chacun des quatre coins de l'échiquier au début d'une partie ?,La tour,1,Échecs
34,Géographie,Quelle est la capitale du Portugal ?,Lisbonne,1,Capitales
34,Divertissement,"Quel instrument électronique se joue sans être touché, en approchant les mains de deux antennes ?",Le thérémine,3,Instruments
34,Histoire,Quel roi de Sparte tomba avec ses 300 hoplites au défilé des Thermopyles ?,Léonidas,1,Grèce antique
34,Arts & Littérature,"Quel dieu nordique, fils d'Odin et de Frigg, fut tué par une arme taillée dans du gui ?",Balder,3,Mythologie nordique
34,Sciences & Nature,Quel alliage est principalement composé de fer et d'un peu de carbone ?,L'acier,1,Chimie : matériaux
34,Sports & Loisirs,Quel surnom a été donné à l'équipe de France masculine de handball victorieuse dans les années 2000-2010 ?,Les Experts,1,Handball – équipe de France
35,Géographie,Quel animal noir figure sur le drapeau rouge de l'Albanie ?,Un aigle à deux têtes,2,Drapeaux
35,Divertissement,Quels félins gardent la salle du trésor dans « Fort Boyard » ?,Des tigres,1,Jeux télé
35,Histoire,Quel nom de code désignait le débarquement anglo-américain en Afrique du Nord en novembre 1942 ?,Opération Torch,3,Seconde Guerre mondiale
35,Arts & Littérature,Quel roi possédait les écuries qu'Héraclès nettoya en un jour en y détournant deux fleuves ?,Augias,1,Mythologie grecque
35,Sciences & Nature,"Selon la tradition, dans quel pays d'Afrique le caféier a-t-il été découvert ?",L'Éthiopie,2,Plantes
35,Sports & Loisirs,"Quelle sauce grecque associe yaourt, concombre râpé, ail et huile d'olive ?",Le tzatziki,1,Cuisine du monde
36,Géographie,Quelle ville est le chef-lieu du canton du Valais ?,Sion,2,Suisse
36,Divertissement,"Quelle chanteuse, surnommée « la Dame en noir », a écrit « L'Aigle noir » ?",Barbara,1,Chanson française
36,Histoire,Quel site archéologique de Terre-Neuve atteste d'une présence viking en Amérique ?,L'Anse aux Meadows,3,Vikings et Europe du Nord
36,Arts & Littérature,Quel photographe a publié en 1999 le livre à succès « La Terre vue du ciel » ?,Yann Arthus-Bertrand,1,Photographie
36,Sciences & Nature,Quel nuage d'orage peut s'élever sur plus de 10 km et prendre la forme d'une enclume ?,Le cumulonimbus,2,Météorologie
36,Sports & Loisirs,Quel fromage bourguignon à croûte orangée est lavé au marc de Bourgogne ?,L'époisses,2,Fromages
37,Géographie,Quel gratte-ciel new-yorkais King Kong escalade-t-il dans le film de 1933 ?,L'Empire State Building,1,Monuments et sites
37,Divertissement,"Quel mouvement spirituel, qui vénère l'empereur éthiopien Haïlé Sélassié, est étroitement associé au reggae ?",Le rastafarisme,2,Reggae
37,Histoire,Quel dramaturge dissident est élu président de la Tchécoslovaquie en décembre 1989 ?,Václav Havel,2,Fin de la guerre froide
37,Arts & Littérature,"Quelle dramaturge a écrit « Art », pièce de 1994 autour d'un tableau blanc ?",Yasmina Reza,3,Théâtre
37,Sciences & Nature,Comment appelle-t-on la science qui étudie les relations des êtres vivants entre eux et avec leur milieu ?,L'écologie,1,Biologie générale
37,Sports & Loisirs,"Quel coureur a remporté le tout premier Tour de France, en 1903 ?",Maurice Garin,3,Cyclisme – champions
38,Géographie,"Comment appelle-t-on la région d'Océanie regroupant notamment les Fidji, le Vanuatu et la Nouvelle-Calédonie ?",La Mélanésie,2,Océanie
38,Divertissement,Quel acteur couvert de chaînes en or jouait Barracuda dans « L'Agence tous risques » ?,Mr. T,2,Séries américaines
38,Histoire,Comment appelle-t-on la période quasi sans combats sur le front ouest entre septembre 1939 et mai 1940 ?,La drôle de guerre,1,Seconde Guerre mondiale
38,Arts & Littérature,"Quelle tragédie de Racine met en scène la veuve d'Hector, captive de Pyrrhus ?",Andromaque,2,Théâtre
38,Sciences & Nature,Quel naturaliste suédois a créé la nomenclature binominale qui désigne chaque espèce par deux noms latins ?,Carl von Linné,2,Grands scientifiques
38,Sports & Loisirs,Quelle grande course de trot attelé se dispute chaque hiver sur l'hippodrome de Vincennes ?,Le Prix d'Amérique,2,Équitation
39,Géographie,Quelle est la capitale du Danemark ?,Copenhague,1,Capitales
39,Divertissement,"Quel film de Luchino Visconti, avec Burt Lancaster et Alain Delon, a remporté la Palme d'or en 1963 ?",Le Guépard,3,Festival de Cannes
39,Histoire,Comment appelait-on les poètes-musiciens qui composaient en langue d'oc au Moyen Âge ?,Les troubadours,1,Culture médiévale
39,Arts & Littérature,Quel roman d'Emily Brontë raconte la passion destructrice de Heathcliff et Catherine sur les landes du Yorkshire ?,Les Hauts de Hurlevent,2,Littérature anglaise
39,Sciences & Nature,Comment appelle-t-on les quatre grandes lunes de Jupiter découvertes en 1610 ?,Les satellites (lunes) galiléens,2,Astronomie : planètes
39,Sports & Loisirs,Quel perchiste suédois a remporté le titre olympique aux Jeux de Tokyo 2020 ?,Armand Duplantis,2,Athlétisme
40,Géographie,"Sur quel plateau se dressent les pyramides de Khéops, Khéphren et Mykérinos ?",Gizeh,1,Monuments
40,Divertissement,Quel agent de la cellule antiterroriste vit chaque saison de « 24 heures chrono » en temps réel ?,Jack Bauer,2,Séries américaines
40,Histoire,Quel peintre a immortalisé La Mort de Marat ?,Jacques-Louis David,2,Révolution française
40,Arts & Littérature,Quel écrivain britannique né à Bombay reçut le prix Nobel de littérature en 1907 ?,Rudyard Kipling,2,Prix Nobel de littérature
40,Sciences & Nature,Quelle est l'étoile la plus brillante du ciel nocturne ?,Sirius,2,Astronomie : Soleil et étoiles
40,Sports & Loisirs,Quel coureur américain a été déchu en 2012 de ses sept victoires sur le Tour de France pour dopage ?,Lance Armstrong,1,Cyclisme – Tour de France
41,Géographie,Quel est le seul pays d'Afrique à avoir l'espagnol pour langue officielle ?,La Guinée équatoriale,2,Langues
41,Divertissement,"Quel tambour d'Afrique de l'Ouest, en forme de calice, se joue à mains nues ?",Le djembé,1,Instruments
41,Histoire,Quel grand-prince de Kiev se convertit au christianisme vers 988 ?,Vladimir Ier,3,Saint-Empire et Europe centrale
41,Arts & Littérature,"Quel est le prénom de Madame Bovary, l'héroïne de Flaubert ?",Emma,1,Personnages
41,Sciences & Nature,"Quelle particule, parfois surnommée « particule de Dieu », a été découverte au CERN en 2012 ?",Le boson de Higgs,1,Physique
41,Sports & Loisirs,Quel Français a mis fin à la domination d'Eddy Merckx en remportant le Tour de France 1975 ?,Bernard Thévenet,3,Cyclisme – champions
42,Géographie,Quelle ville a accueilli les Jeux olympiques d'été de 1988 ?,Séoul,1,Grandes villes
42,Divertissement,Quel jeu télévisé des années 1960 associait un candidat cérébral et un candidat sportif chargé de rattraper ses erreurs ?,La Tête et les Jambes,3,Jeux télé
42,Histoire,Quelle institution Richelieu fonde-t-il en 1635 pour veiller sur la langue française ?,L'Académie française,1,Louis XIII
42,Arts & Littérature,Quel philosophe anglais a publié en 1859 l'essai « De la liberté » ?,John Stuart Mill,3,Philosophie moderne
42,Sciences & Nature,Quelle est la valeur approchée du nombre pi arrondie au centième ?,"3,14",1,Mathématiques
42,Sports & Loisirs,"En natation, comment appelle-t-on le cordon flottant qui sépare deux couloirs du bassin ?",La ligne d'eau,1,Vocabulaire et règles
43,Géographie,"Dans quelle ville indienne se trouve le Temple d'or, principal lieu saint des sikhs ?",Amritsar,2,Monuments et sites
43,Divertissement,Quel sorcier cherche sans cesse à capturer les Schtroumpfs ?,Gargamel,1,BD franco-belge
43,Histoire,Quelle bataille de 1410 vit la Pologne-Lituanie écraser les chevaliers Teutoniques ?,Grunwald (Tannenberg),3,Saint-Empire et Europe centrale
43,Arts & Littérature,"Chez Perrault, en quelle matière est la pantoufle que perd Cendrillon ?",En verre,1,Contes
43,Sciences & Nature,Quelle mathématicienne française a correspondu avec Gauss sous le pseudonyme masculin de « M. Le Blanc » ?,Sophie Germain,3,Mathématiques
43,Sports & Loisirs,"Comment appelle-t-on le fait, pour un même joueur, de marquer trois buts dans un match ?",Un coup du chapeau (hat-trick),1,Football – vocabulaire
44,Géographie,Quel fromage suisse à trous porte le nom d'une vallée du canton de Berne ?,L'emmental,1,Suisse
44,Divertissement,Quel cinéaste sud-coréen a réalisé « Parasite » ?,Bong Joon-ho,3,Réalisateurs
44,Histoire,"Quelle ville basque, bombardée en avril 1937 par la légion Condor, a inspiré un célèbre tableau de Picasso ?",Guernica,1,Guerre d'Espagne
44,Arts & Littérature,Quel peintre américain a représenté un fermier à la fourche et sa fille dans « American Gothic » (1930) ?,Grant Wood,2,Tableaux célèbres
44,Sciences & Nature,"Quel alliage, qui a donné son nom à un âge de la préhistoire, est composé de cuivre et d'étain ?",Le bronze,1,Chimie : matériaux
44,Sports & Loisirs,"Quel navigateur français a disparu en mer lors de la première Route du Rhum, en 1978 ?",Alain Colas,3,Voile
45,Géographie,"Sur quelle île se trouve Jakarta, la capitale de l'Indonésie ?",Java,2,Asie
45,Divertissement,Dans quel dessin animé Disney de 1955 deux chiens partagent-ils un plat de spaghettis ?,La Belle et le Clochard,1,Animation
45,Histoire,"Quel architecte sino-américain a conçu la pyramide de verre du Louvre, inaugurée en 1989 ?",Ieoh Ming Pei,2,Grands travaux
45,Arts & Littérature,"Quel est le dernier album de Tintin, resté inachevé à la mort d'Hergé en 1983 ?",Tintin et l'Alph-Art,3,Bande dessinée
45,Sciences & Nature,Quel naturaliste anglais a publié « L'Origine des espèces » en 1859 ?,Charles Darwin,1,Grands scientifiques
45,Sports & Loisirs,"Quel champion du monde des poids lourds a pris sa retraite invaincu en 1956, après 49 combats professionnels ?",Rocky Marciano,3,Boxe
46,Géographie,"Comment appelle-t-on la phase froide, inverse d'El Niño, dans le Pacifique équatorial ?",La Niña,2,Climats et milieux
46,Divertissement,Quel chanteur a interprété « Le Chanteur » en 1978 et « L'Aziza » en 1985 ?,Daniel Balavoine,2,Variété française
46,Histoire,Quel plan américain d'aide à la reconstruction de l'Europe a été lancé en 1947 ?,Le plan Marshall,1,Guerre froide
46,Arts & Littérature,"Quel photographe d'origine hongroise, surnommé « l'œil de Paris », a publié « Paris de nuit » en 1932 ?",Brassaï,3,Photographie
46,Sciences & Nature,Quel savant grec de Milet a donné son nom au théorème sur la proportionnalité dans des triangles coupés par des parallèles ?,Thalès,1,Mathématiques
46,Sports & Loisirs,Quel trophée récompense le vainqueur du classement général de la Coupe du monde de ski alpin ?,Le gros globe de cristal,2,Sports d'hiver
47,Géographie,Quelle chaîne de montagnes forme l'épine dorsale de la péninsule italienne ?,Les Apennins,1,Montagnes
47,Divertissement,Quelle chanson d'Elton John a été réécrite en 1997 en hommage à la princesse Diana ?,Candle in the Wind,2,Pop-rock britannique
47,Histoire,Quels jeux panhelléniques se déroulaient à Delphes en l'honneur d'Apollon ?,Les jeux Pythiques,3,Grèce antique
47,Arts & Littérature,"Quelle soprano, surnommée « la Divina », a triomphé dans « Norma » et « Tosca » ?",Maria Callas,1,Chanteurs lyriques
47,Sciences & Nature,"Quel mathématicien français, préfet de l'Isère sous Napoléon, a donné son nom à une décomposition des signaux en sinusoïdes ?",Joseph Fourier,2,Mathématiques
47,Sports & Loisirs,Quelle couleur de tenue est imposée aux joueurs du tournoi de Wimbledon ?,Le blanc,1,Tennis – compétitions
48,Géographie,Quel fleuve a le plus fort débit du monde ?,L'Amazone,1,Géographie physique
48,Divertissement,Quel créateur a porté au cinéma en 2021 sa série arthurienne « Kaamelott » ?,Alexandre Astier,2,Réalisateurs
48,Histoire,"Quel roi fut le dernier Capétien direct, mort en 1328 ?",Charles IV le Bel,3,Capétiens
48,Arts & Littérature,"Quel petit dieu ailé de l'amour, fils de Vénus, décoche des flèches chez les Romains ?",Cupidon,1,Mythologie romaine
48,Sciences & Nature,"Quelle célèbre expérience d'optique, menée au début du XIXe siècle, a révélé des interférences lumineuses à l'aide de deux fentes ?",Les fentes de Young,3,Physique
48,Sports & Loisirs,"Au beach-volley, combien de joueurs composent chaque équipe ?",Deux,1,Vocabulaire et règles
49,Géographie,"Quel nom porte le patrimoine viticole bourguignon, parcelles de la côte de Nuits et de Beaune, inscrit à l'UNESCO en 2015 ?",Les climats de Bourgogne,3,Patrimoine UNESCO
49,Divertissement,"Quel super-héros Marvel est inspiré du dieu nordique du tonnerre, armé d'un marteau ?",Thor,1,Super-héros
49,Histoire,"Comment surnomme-t-on les journées révolutionnaires parisiennes des 27, 28 et 29 juillet 1830 ?",Les Trois Glorieuses,1,Monarchie de Juillet
49,Arts & Littérature,Quel est le seul mot de la langue française qui s'écrit avec un « ù » ?,Où,2,Langue française
49,Sciences & Nature,"Quel est le seul grand félin à vivre en groupes familiaux organisés, appelés troupes ?",Le lion,2,Mammifères
49,Sports & Loisirs,"Quelle équipe nationale féminine a remporté la médaille d'or olympique de handball à Tokyo, en 2021 ?",La France,2,Handball – compétitions
50,Géographie,"Quel barrage sur le Colorado, achevé en 1936, a créé le lac Mead ?",Le barrage Hoover,2,Monuments et sites
50,Divertissement,Quel réalisateur britannique a signé « Gladiator » (2000) avec Russell Crowe ?,Ridley Scott,2,Réalisateurs
50,Histoire,Dans quelle ville a éclaté l'insurrection du 13 mai 1958 qui a précipité le retour au pouvoir du général de Gaulle ?,Alger,2,Ve République
50,Arts & Littérature,Combien de lettres compte l'alphabet français ?,26,1,Langue française
50,Sciences & Nature,Quel besoin se trouve au sommet de la pyramide de Maslow ?,L'accomplissement de soi,2,Psychologie
50,Sports & Loisirs,Quelle heptathlonienne belge a été championne olympique en 2016 à Rio puis aux Jeux de Tokyo 2020 ?,Nafissatou Thiam,2,Athlétisme
51,Géographie,Quelle était la monnaie de l'Espagne avant l'euro ?,La peseta,1,Monnaies
51,Divertissement,Que désigne le nombre 90210 dans le titre de la série « Beverly Hills 90210 » ?,Le code postal,2,Séries américaines
51,Histoire,Quel nom de code désignait le débarquement allié en Provence en août 1944 ?,Opération Dragoon,3,Débarquement
51,Arts & Littérature,Quel petit gâteau trempé dans le thé fait ressurgir les souvenirs d'enfance du narrateur de Proust ?,La madeleine,1,Romans
51,Sciences & Nature,Quel instrument mesure l'humidité de l'air ?,L'hygromètre,2,Météorologie
51,Sports & Loisirs,Quel pays a organisé la Coupe du monde de rugby 2023 ?,La France,1,Rugby – Coupe du monde
52,Géographie,Quelle ville du Var abrite le principal port militaire français en Méditerranée ?,Toulon,1,Villes
52,Divertissement,"Quel film de Michael Haneke, avec Jean-Louis Trintignant et Emmanuelle Riva, a reçu la Palme d'or en 2012 ?",Amour,3,Festival de Cannes
52,Histoire,Quel philosophe fut le précepteur du jeune Alexandre le Grand ?,Aristote,1,Grèce antique
52,Arts & Littérature,"Comment appelle-t-on une nature morte comportant un crâne, rappelant la brièveté de la vie ?",Une vanité,2,Genres picturaux
52,Sciences & Nature,"Depuis 1983, quelle unité est définie comme la distance parcourue par la lumière dans le vide en 1/299 792 458 de seconde ?",Le mètre,2,Unités et mesures
52,Sports & Loisirs,Quelle est la plus longue course de nage libre disputée en bassin aux Jeux olympiques ?,Le 1 500 m,2,Natation
53,Géographie,"Quelle ville est la préfecture de la Lozère, le département le moins peuplé de France ?",Mende,2,Préfectures
53,Divertissement,Quel animal s'échappe de sa cage et s'en prend à un juge dans une chanson de Georges Brassens de 1952 ?,Un gorille,2,Paroles célèbres
53,Histoire,Quel était le nom du célèbre point de passage entre les secteurs américain et soviétique de Berlin ?,Checkpoint Charlie,2,Guerre froide
53,Arts & Littérature,Comment appelle-t-on la jupe courte et bouffante en tulle portée par les ballerines ?,Le tutu,1,Danse
53,Sciences & Nature,Combien de chromosomes compte une cellule humaine non reproductrice ?,46,1,Génétique
53,Sports & Loisirs,Quelle Japonaise a battu Serena Williams en finale de l'US Open 2018 ?,Naomi Osaka,3,Tennis – champions
54,Géographie,Quel fleuve traverse Charleville-Mézières et Sedan avant d'entrer en Belgique ?,La Meuse,2,Fleuves et rivières
54,Divertissement,"Quelle série de HBO, adaptée des romans de George R. R. Martin, se déroule sur le continent de Westeros ?",Game of Thrones,1,Séries américaines
54,Histoire,Quelle invention est attribuée au fonctionnaire chinois Cai Lun vers 105 ?,Le papier,2,Chine et Asie antiques
54,Arts & Littérature,Quel écrivain aurait rédigé une dictée truffée de pièges pour la cour de Napoléon III ?,Prosper Mérimée,3,Langue française
54,Sciences & Nature,Dans quel organe de la gorge se trouvent les cordes vocales ?,Le larynx,1,Respiration
54,Sports & Loisirs,"Quel moine bénédictin de l'abbaye d'Hautvillers est, selon la légende, l'inventeur du champagne ?",Dom Pérignon,1,Vins
55,Géographie,Quelle était la monnaie du Portugal avant l'euro ?,L'escudo,2,Monnaies
55,Divertissement,"Quel objet mystérieux, sujet d'un jeu de Guy Lux, a été rendu célèbre par un sketch de Coluche ?",Le Schmilblick,2,Jeux télé
55,Histoire,"Quelle capitale a subi un siège de près de quatre ans pendant la guerre de Bosnie, de 1992 à 1996 ?",Sarajevo,1,Guerres de Yougoslavie
55,Arts & Littérature,Quel naturaliste a déclaré « Le style est l'homme même » dans son discours à l'Académie française ?,Buffon,3,Citations
55,Sciences & Nature,Quel mammifère fouisseur quasi aveugle laisse de petits monticules de terre sur les pelouses ?,La taupe,1,Mammifères
55,Sports & Loisirs,Combien de lettres chaque joueur a-t-il sur son chevalet au Scrabble ?,Sept,1,Jeux de société
56,Géographie,"Quelle est la plus grande île du monde, recouverte en grande partie d'un inlandsis ?",Le Groenland,1,Pôles
56,Divertissement,Quel duo versaillais a sorti l'album « Moon Safari » en 1998 ?,Air,3,Électro
56,Histoire,Quel préfet de la Seine transforme en profondeur Paris sous le Second Empire ?,Le baron Haussmann,1,Second Empire
56,Arts & Littérature,Quel instrument de percussion en forme de chaudron recouvert d'une peau peut être accordé ?,La timbale,2,Instruments
56,Sciences & Nature,"Quel nom japonais désigne la cinquième saveur de base, identifiée par le chimiste Kikunae Ikeda en 1908 ?",L'umami,2,Sens : le goût
56,Sports & Loisirs,En quelle année s'est tenue la première édition des 24 Heures du Mans ?,1923,3,Sports mécaniques
57,Géographie,Quel est le plus grand pays d'Afrique par sa superficie depuis la partition du Soudan en 2011 ?,L'Algérie,1,Pays
57,Divertissement,Quel groupe créé par le producteur allemand Frank Farian a chanté « Daddy Cool » et « Rasputin » ?,Boney M.,2,Disco
57,Histoire,Quelle ville fut fondée en 762 par les Abbassides pour devenir leur capitale ?,Bagdad,2,Monde musulman médiéval
57,Arts & Littérature,"Dans quel recueil de Victor Hugo, paru en 1856, figure le poème « Demain, dès l'aube » ?",Les Contemplations,2,Poésie
57,Sciences & Nature,Quelle est la partie la plus longue du tube digestif ?,L'intestin grêle,1,Digestion
57,Sports & Loisirs,Quels deux Australiens ont formulé dans les années 1970 le concept de permaculture ?,Bill Mollison et David Holmgren,3,Jardinage
58,Géographie,Quelle cité maya du Chiapas abrite le tombeau du roi Pakal ?,Palenque,3,Monuments et sites
58,Divertissement,Comment appelait-on le petit disque vinyle contenant généralement un titre par face ?,Le 45 tours,1,Supports
58,Histoire,Quel écrivain et maire de Bordeaux du XVIe siècle a rédigé les Essais ?,Michel de Montaigne,1,Renaissance
58,Arts & Littérature,"Quel prince de Perrault, né très laid mais doté d'esprit, porte une touffe de cheveux sur la tête ?",Riquet à la houppe,3,Contes
58,Sciences & Nature,Quelle est la valeur du pH d'une solution neutre comme l'eau pure à 25 °C ?,7,1,Chimie : réactions
58,Sports & Loisirs,"Au poker, comment appelle-t-on la suite du dix à l'as dans une même couleur, meilleure main possible ?",La quinte flush royale,2,Jeux de cartes
59,Géographie,"Quel explorateur britannique est mort en 1912 au retour du pôle Sud, devancé par Amundsen ?",Robert Falcon Scott,2,Pôles
59,Divertissement,"Quelle série suit Walter White, professeur de chimie devenu fabricant de méthamphétamine ?",Breaking Bad,1,Séries américaines
59,Histoire,Quel jésuite navarrais évangélise l'Inde et le Japon au milieu du XVIe siècle ?,François Xavier,3,Réforme
59,Arts & Littérature,Quel écrivain irlandais a écrit « Le Portrait de Dorian Gray » ?,Oscar Wilde,1,Littérature anglaise
59,Sciences & Nature,Quel amphibien mexicain conserve toute sa vie ses branchies et son aspect larvaire ?,L'axolotl,2,Reptiles et amphibiens
59,Sports & Loisirs,Quel pays a créé la surprise en remportant l'Euro 2004 au Portugal ?,La Grèce,2,Football – Euro
60,Géographie,"Quel massif ancien, partagé avec la Belgique et le Luxembourg, est traversé par la Meuse ?",Les Ardennes,1,Montagnes
60,Divertissement,Quelle chanson le pianiste Sam joue-t-il à la demande d'Ilsa dans « Casablanca » ?,As Time Goes By,3,Musiques de films
60,Histoire,Quelle rivière la Grande Armée franchit-elle au prix de lourdes pertes lors de la retraite de Russie en 1812 ?,La Bérézina,1,Napoléon
60,Arts & Littérature,Quelle espionne de Richelieu porte une fleur de lys marquée au fer sur l'épaule dans « Les Trois Mousquetaires » ?,Milady de Winter,2,Personnages
60,Sciences & Nature,Quel physicien français a reçu le prix Nobel de physique 2022 pour ses expériences sur l'intrication quantique ?,Alain Aspect,3,Grands scientifiques
60,Sports & Loisirs,Quel sport collectif aquatique oppose deux équipes cherchant à marquer dans des cages flottantes ?,Le water-polo,1,Natation
61,Géographie,"Quel haut plateau, surnommé le « toit du monde », a pour ville principale Lhassa ?",Le Tibet,1,Asie
61,Divertissement,Quel film de 1995 est le premier long métrage entièrement réalisé en images de synthèse ?,Toy Story,2,Animation
61,Histoire,Dans quelle ville ardéchoise les frères Montgolfier font-ils la première démonstration publique de leur ballon en 1783 ?,Annonay,3,Sciences
61,Arts & Littérature,"Comment appelle-t-on un mot obtenu en mélangeant les lettres d'un autre, comme « niche » pour « chien » ?",Une anagramme,1,Langue française
61,Sciences & Nature,Quel mathématicien britannique a contribué à décrypter la machine Enigma pendant la Seconde Guerre mondiale ?,Alan Turing,1,Mathématiques
61,Sports & Loisirs,"Quel navigateur français a remporté la première édition du Vendée Globe, en 1989-1990 ?",Titouan Lamazou,3,Voile
62,Géographie,"Quelle ville wallonne sur la Meuse, dominée par sa citadelle, est la ville natale d'Adolphe Sax ?",Dinant,3,Belgique
62,Divertissement,Dans quelle ville vivent les six amis de la sitcom « Friends » ?,New York,1,Sitcoms
62,Histoire,"Quelle période préhistorique, dont le nom signifie « pierre nouvelle », voit naître l'agriculture et l'élevage ?",Le Néolithique,1,Préhistoire
62,Arts & Littérature,Quel dieu égyptien des eaux est représenté avec une tête de crocodile ?,Sobek,3,Mythologie égyptienne
62,Sciences & Nature,Quelle pierre précieuse est constituée de carbone pur cristallisé ?,Le diamant,1,Chimie : matériaux
62,Sports & Loisirs,"Quelle tarte aux pommes caramélisées, cuite à l'envers, doit son nom à deux sœurs de Sologne ?",La tarte Tatin,1,Pâtisserie
63,Géographie,Quel détroit sépare la péninsule Malaise de l'île de Sumatra ?,Le détroit de Malacca,2,Détroits et canaux
63,Divertissement,Dans quel dessin animé Disney de 1991 une jeune femme prénommée Belle vit-elle dans le château d'un prince maudit ?,La Belle et la Bête,1,Animation
63,Histoire,"Quel gaz de combat, surnommé « gaz moutarde », doit son nom à une ville de Belgique ?",L'ypérite,2,Première Guerre mondiale
63,Arts & Littérature,Quel fleuve des Enfers faisait oublier aux âmes des morts leur vie passée ?,Le Léthé,3,Mythologie grecque
63,Sciences & Nature,Quel instrument mesure la vitesse du vent ?,L'anémomètre,1,Météorologie
63,Sports & Loisirs,Quel apéritif anisé Paul Ricard a-t-il lancé à Marseille en 1932 ?,Le pastis,1,Spiritueux
64,Géographie,Quelle métropole sud-africaine est née de la ruée vers l'or du Witwatersrand en 1886 ?,Johannesburg,2,Villes
64,Divertissement,Comment s'appelle le fox-terrier blanc qui accompagne Tintin ?,Milou,1,BD franco-belge
64,Histoire,Comment appelle-t-on les prêtres qui refusent de prêter serment à la Constitution civile du clergé ?,Les prêtres réfractaires,2,Révolution française
64,Arts & Littérature,"Quel romancier allemand, auteur des « Buddenbrook », reçut le prix Nobel de littérature en 1929 ?",Thomas Mann,2,Prix Nobel de littérature
64,Sciences & Nature,Dans quelle vallée allemande a été découvert en 1856 le fossile qui a donné son nom à une espèce humaine disparue ?,La vallée de Neander (Néandertal),2,Évolution
64,Sports & Loisirs,À quelle distance de la cible tirent les archers lors des épreuves olympiques d'arc classique ?,70 m,3,Vocabulaire et règles
65,Géographie,"Quelle mer baigne la Colombie, le Venezuela et les Antilles ?",La mer des Caraïbes,1,Océans et mers
65,Divertissement,Quel acteur américain a reçu l'Oscar du meilleur acteur en 2003 pour « Le Pianiste » ?,Adrien Brody,3,Oscars
65,Histoire,"Quel Médicis, surnommé « le Magnifique », mourut en 1492 ?",Laurent de Médicis,2,Italie médiévale
65,Arts & Littérature,Quelle chanson de geste raconte la mort du neveu de Charlemagne au col de Roncevaux ?,La Chanson de Roland,1,Moyen Âge
65,Sciences & Nature,"Quel est le plus grand des cétacés à dents, héros du roman « Moby Dick » ?",Le cachalot,2,Mammifères
65,Sports & Loisirs,Dans quelle ville se trouve le célèbre stade Maracanã ?,Rio de Janeiro,1,Football – stades
66,Géographie,"Quelle mer bordière du Pacifique baigne le Viêt Nam, les Philippines et Bornéo ?",La mer de Chine méridionale,2,Océans et mers
66,Divertissement,Dans quel film de 2001 Audrey Tautou joue-t-elle une serveuse de Montmartre qui fait le bonheur des autres en secret ?,Le Fabuleux Destin d'Amélie Poulain,1,Cinéma français
66,Histoire,Quel contrôleur général des finances de Louis XVI libéralise le commerce des grains en 1774 ?,Turgot,3,Louis XVI
66,Arts & Littérature,Comment appelle-t-on un roman composé uniquement de lettres échangées entre des personnages ?,Un roman épistolaire,1,Vocabulaire littéraire
66,Sciences & Nature,Comment qualifie-t-on une réaction chimique qui dégage de la chaleur ?,Exothermique,2,Chimie : réactions
66,Sports & Loisirs,Dans quelle ville se trouve le stade Bollaert-Delelis ?,Lens,2,Football – stades
67,Géographie,Quelle est la capitale de la Turquie ?,Ankara,1,Capitales
67,Divertissement,"Quel est le tout premier long métrage d'animation produit par les studios Disney, sorti en 1937 ?",Blanche-Neige et les Sept Nains,2,Animation
67,Histoire,Quel port de la mer Noire est assiégé pendant près d'un an lors de la guerre de Crimée ?,Sébastopol,2,Second Empire
67,Arts & Littérature,Quel roman de Louis Pergaud raconte l'affrontement des enfants de Longeverne et de Velrans ?,La Guerre des boutons,2,Littérature jeunesse
67,Sciences & Nature,"Quel volcan de Mars, haut d'environ 22 km, est le plus grand volcan connu du Système solaire ?",Olympus Mons,2,Astronomie : planètes
67,Sports & Loisirs,Quel fromage du Nord à croûte orangée et à l'odeur puissante porte le nom d'un village de l'Avesnois ?,Le maroilles,2,Fromages
68,Géographie,Quel pont de Sydney est surnommé « le cintre » (The Coathanger) en raison de sa forme ?,Le Harbour Bridge,3,Monuments et sites
68,Divertissement,Quel chanteur est né Jean-Philippe Smet en 1943 ?,Johnny Hallyday,1,Célébrités de la chanson
68,Histoire,Quel prisonnier politique sud-africain a été libéré en février 1990 après 27 ans de détention ?,Nelson Mandela,1,Afrique du Sud
68,Arts & Littérature,"Quel peintre britannique, homonyme d'un philosophe anglais du XVIIe siècle, a peint des papes hurlants ?",Francis Bacon,2,Art moderne
68,Sciences & Nature,Quel est le nom actuel de l'os de la jambe anciennement appelé péroné ?,La fibula,3,Os et squelette
68,Sports & Loisirs,Quel coureur belge était surnommé « le Cannibale » ?,Eddy Merckx,1,Cyclisme – champions
69,Géographie,"Quel temple de Kyoto, recouvert de feuilles d'or, est surnommé le « Pavillon d'or » ?",Le Kinkaku-ji,3,Monuments et sites
69,Divertissement,Quel film de Stephen Daldry (2000) raconte l'histoire d'un fils de mineur anglais qui rêve de devenir danseur ?,Billy Elliot,1,Cinéma britannique
69,Histoire,"Quelle danseuse néerlandaise, accusée d'espionnage au profit de l'Allemagne, fut fusillée par les Français en 1917 ?",Mata Hari,1,Première Guerre mondiale
69,Arts & Littérature,De quelle reine égyptienne le Neues Museum de Berlin conserve-t-il un buste polychrome célèbre ?,Néfertiti,2,Sculpture
69,Sciences & Nature,"Quelle unité, valant 10 puissance −10 mètre, porte le nom d'un physicien suédois et sert à mesurer les atomes ?",L'ångström,3,Unités et mesures
69,Sports & Loisirs,Combien de points rapporte un lancer franc réussi au basket-ball ?,1 point,1,Basket – règles
70,Géographie,Quel grand oiseau échassier au plumage rose est l'emblème de la Camargue ?,Le flamant rose,1,Sites naturels
70,Divertissement,Quelle actrice française tient le rôle principal de « Belle de jour » (1967) de Luis Buñuel ?,Catherine Deneuve,2,Acteurs
70,Histoire,Quel général sudiste capitule à Appomattox en avril 1865 ?,Robert E. Lee,2,États-Unis
70,Arts & Littérature,Quel dramaturge a écrit « Le Jeu de l'amour et du hasard » ?,Marivaux,2,Théâtre
70,Sciences & Nature,Comment appelle-t-on le mâle de la chèvre ?,Le bouc,1,Mammifères
70,Sports & Loisirs,"Quel triple sauteur britannique a établi en 1995 un record du monde de 18,29 m ?",Jonathan Edwards,3,Athlétisme
71,Géographie,Quel est le point culminant des Alpes et de la France ?,Le mont Blanc,1,Montagnes
71,Divertissement,"Quel film de Claude Lelouch (1966), avec Anouk Aimée et Jean-Louis Trintignant, est célèbre pour son « chabadabada » ?",Un homme et une femme,2,Cinéma français
71,Histoire,"Selon la tradition, quel premier évêque de Paris fut décapité sur la butte Montmartre ?",Saint Denis,2,Gaule
71,Arts & Littérature,Quel compositeur autrichien a fondé la musique dodécaphonique au début des années 1920 ?,Arnold Schönberg,3,Compositeurs
71,Sciences & Nature,Sur quel archipel équatorien Charles Darwin observa-t-il des tortues géantes en 1835 ?,Les Galápagos,1,Reptiles et amphibiens
71,Sports & Loisirs,Quel Français a présidé la FIFA de 1921 à 1954 et a donné son nom au premier trophée de la Coupe du monde ?,Jules Rimet,2,Football – compétitions
72,Géographie,"Quel site aux buttes rouges, à la limite de l'Arizona et de l'Utah, a servi de décor à de nombreux westerns ?",Monument Valley,1,Monuments et sites
72,Divertissement,"Quel album de Fleetwood Mac, sorti en 1977, est né des ruptures amoureuses au sein du groupe ?",Rumours,3,Albums
72,Histoire,Quelle place forte protestante de l'Atlantique est assiégée par Richelieu en 1627-1628 ?,La Rochelle,2,Louis XIII
72,Arts & Littérature,Quel écrivain danois a écrit le conte « La Petite Sirène » ?,Hans Christian Andersen,1,Littérature nordique
72,Sciences & Nature,Quelle lune de Jupiter est le plus grand satellite du Système solaire ?,Ganymède,2,Astronomie : planètes
72,Sports & Loisirs,"Au golf, comment appelle-t-on la zone d'herbe haute qui borde l'allée tondue ?",Le rough,2,Golf
73,Géographie,Quel nom porte le spectaculaire canyon de Haute-Provence qui débouche sur le lac de Sainte-Croix ?,Les gorges du Verdon,1,Sites naturels
73,Divertissement,Dans quel groupe Phil Collins a-t-il été batteur avant d'en devenir le chanteur ?,Genesis,2,Rock
73,Histoire,Quel archiduc autrichien Napoléon III installe-t-il sur le trône du Mexique en 1864 ?,Maximilien,2,Second Empire
73,Arts & Littérature,Quel écrivain italien a témoigné de sa déportation à Auschwitz dans « Si c'est un homme » ?,Primo Levi,2,Littérature italienne
73,Sciences & Nature,Quelle substance potentiellement cancérogène se forme dans les frites et les chips cuites à très haute température ?,L'acrylamide,3,Nutrition
73,Sports & Loisirs,"Dans quelle capitale se sont déroulés les Jeux olympiques d'été de 1936, utilisés comme vitrine par le régime nazi ?",Berlin,1,Villes olympiques
74,Géographie,"Quel golfe riche en pétrole est bordé par l'Iran, le Koweït et l'Arabie saoudite ?",Le golfe Persique,1,Océans et mers
74,Divertissement,En quelle année la première PlayStation de Sony est-elle sortie au Japon ?,1994,3,Jeux vidéo
74,Histoire,Quel mathématicien britannique a joué un rôle clé dans le décryptage des codes allemands à Bletchley Park ?,Alan Turing,1,Renseignement
74,Arts & Littérature,"Comment s'appelle le chef du village d'Astérix, qui ne craint qu'une chose : que le ciel lui tombe sur la tête ?",Abraracourcix,2,Bande dessinée
74,Sciences & Nature,"Quel télescope spatial, lancé le 25 décembre 2021, observe principalement dans l'infrarouge ?",James Webb,1,Espace : missions
74,Sports & Loisirs,"Quelle nation a remporté le tournoi olympique de basket masculin à Athènes, en 2004 ?",L'Argentine,3,Basket – compétitions
75,Géographie,"Quel paysage industriel du nord de la France, avec ses terrils et ses corons, est inscrit à l'UNESCO depuis 2012 ?",Le bassin minier du Nord-Pas-de-Calais,2,Patrimoine UNESCO
75,Divertissement,"Quelle partie du visage, tirée, sert de logo aux Rolling Stones ?",Une langue (et des lèvres),1,Pop-rock britannique
75,Histoire,"Quelle était la capitale de l'Empire aztèque, sur les ruines de laquelle fut bâtie Mexico ?",Tenochtitlan,2,Conquête de l'Amérique
75,Arts & Littérature,Quel style doit son nom à l'Exposition internationale des arts décoratifs de Paris en 1925 ?,L'Art déco,2,Styles architecturaux
75,Sciences & Nature,"Quel biologiste français, prix Nobel 1965, a écrit l'essai « Le Hasard et la Nécessité » en 1970 ?",Jacques Monod,3,Génétique
75,Sports & Loisirs,Quelle ville catalane a accueilli les Jeux olympiques d'été de 1992 ?,Barcelone,1,Villes olympiques
76,Géographie,Comment s'appelle le supercontinent unique qui réunissait toutes les terres émergées il y a environ 250 millions d'années ?,La Pangée,1,Plaques et séismes
76,Divertissement,Quelle animatrice présentait « Le Maillon faible » sur TF1 dans les années 2000 ?,Laurence Boccolini,2,Animateurs
76,Histoire,Quelle ville soviétique a subi un siège allemand de près de 900 jours entre 1941 et 1944 ?,Leningrad,2,Front de l'Est
76,Arts & Littérature,"Quel prix littéraire, fondé par des journalistes en 1926, est annoncé chez Drouant juste après le Goncourt ?",Le prix Renaudot,2,Prix littéraires
76,Sciences & Nature,"Quelle chimiste britannique a dirigé les travaux ayant produit le cliché de diffraction aux rayons X, la « photo 51 », décisif pour comprendre l'ADN ?",Rosalind Franklin,3,Grands scientifiques
76,Sports & Loisirs,Quel casse-tête en forme de cube a été inventé en 1974 par un professeur d'architecture hongrois ?,Le Rubik's Cube,1,Jouets
77,Géographie,"Quel château de la Loire est célèbre pour ses jardins, dont un potager décoratif Renaissance ?",Villandry,2,Châteaux
77,Divertissement,Quel manga d'Akira Toriyama raconte les aventures de Son Goku ?,Dragon Ball,1,Mangas
77,Histoire,"Quel commissaire au Plan, inspirateur de la déclaration du 9 mai 1950, est considéré comme un « père de l'Europe » ?",Jean Monnet,2,Construction européenne
77,Arts & Littérature,Comment s'appelle l'âne qui raconte sa vie dans les « Mémoires d'un âne » de la comtesse de Ségur ?,Cadichon,2,Littérature jeunesse
77,Sciences & Nature,"Quelle maladie diarrhéique, due à un vibrion transmis par l'eau souillée, fit près de 20 000 morts à Paris en 1832 ?",Le choléra,2,Maladies
77,Sports & Loisirs,Quel Américain a complété son Grand Chelem en carrière en remportant Roland-Garros en 1999 ?,Andre Agassi,2,Tennis – champions
78,Géographie,Quelle ville japonaise a été frappée par une bombe atomique le 9 août 1945 ?,Nagasaki,1,Grandes villes
78,Divertissement,Quel acteur belge incarne Claude François dans le film « Cloclo » en 2012 ?,Jérémie Renier,3,Biopics musicaux
78,Histoire,Quelle cité grecque imposait à ses garçons une éducation militaire très rude appelée agôgè ?,Sparte,1,Grèce antique
78,Arts & Littérature,Quelle chorégraphe américaine a fondé sa technique de danse moderne sur le principe « contraction et relâchement » ?,Martha Graham,3,Danse
78,Sciences & Nature,Quel poisson migrateur quitte la mer pour remonter frayer dans la rivière où il est né ?,Le saumon,1,Poissons et animaux marins
78,Sports & Loisirs,Comment appelle-t-on le cavalier professionnel qui monte les chevaux lors des courses de galop ?,Un jockey,1,Équitation
79,Géographie,Quelle ville est le chef-lieu de la région Hauts-de-France ?,Lille,1,Régions
79,Divertissement,Quel spectacle de danse irlandaise est né d'un intermède de sept minutes lors de l'Eurovision 1994 ?,Riverdance,3,Eurovision
79,Histoire,Quelle épouse secrète de Louis XIV fonde la maison royale de Saint-Cyr pour les jeunes filles nobles ?,Madame de Maintenon,2,Louis XIV
79,Arts & Littérature,Quel médecin imaginé par Stevenson se transforme en l'inquiétant Mr Hyde ?,Le docteur Jekyll,1,Littérature anglaise
79,Sciences & Nature,Quel arbre endémique du Maroc fournit une huile prisée en cosmétique et en cuisine ?,L'arganier,2,Arbres
79,Sports & Loisirs,"Quel jeu de stratégie d'origine chinoise, très populaire au Japon, oppose pierres noires et blanches sur une grille de 19 lignes sur 19 ?",Le go,1,Jeux de société
80,Géographie,Quel est le plus petit des océans ?,L'océan Arctique,1,Océans et mers
80,Divertissement,Quel chat-robot bleu venu du XXIIe siècle est le héros d'un célèbre manga de Fujiko F. Fujio ?,Doraemon,2,Mangas
80,Histoire,Quel abbé est l'auteur du pamphlet « Qu'est-ce que le tiers état ? » publié en 1789 ?,Sieyès,2,Révolution française
80,Arts & Littérature,"Quel écrivain est devenu en 1921, avec « Batouala », le premier lauréat noir du prix Goncourt ?",René Maran,3,Prix Goncourt
80,Sciences & Nature,"Quel aviateur français a été le premier à traverser la Manche en avion, en 1909 ?",Louis Blériot,1,Transports
80,Sports & Loisirs,"Au Scrabble, combien de points de bonus rapporte le fait de poser ses sept lettres en un seul coup ?",50 points,2,Jeux de société
81,Géographie,Quel fleuve traverse la Birmanie du nord au sud avant de se jeter dans la mer d'Andaman ?,L'Irrawaddy,3,Asie
81,Divertissement,Quel membre des Beatles a été assassiné devant son immeuble new-yorkais en décembre 1980 ?,John Lennon,1,Pop-rock britannique
81,Histoire,"Qui fut le premier président de la IVe République, élu en 1947 ?",Vincent Auriol,2,IVe République
81,Arts & Littérature,Comment appelle-t-on la voix d'homme la plus grave ?,La basse,1,Voix
81,Sciences & Nature,"Quel animal fossile du Jurassique, découvert en Bavière en 1861, possède à la fois des plumes et des dents ?",L'archéoptéryx,2,Évolution
81,Sports & Loisirs,Quel golfeur français a laissé échapper le British Open 1999 à Carnoustie après avoir mené avant le dernier trou ?,Jean Van de Velde,2,Golf
82,Géographie,"Quel territoire, aujourd'hui État américain, les États-Unis ont-ils acheté à la Russie en 1867 ?",L'Alaska,1,Amériques
82,Divertissement,Quel rappeur américain a chanté « Gangsta's Paradise » en 1995 ?,Coolio,2,Rap américain
82,Histoire,Quels trois pays ont rejoint l'Union européenne en 1995 ?,"Autriche, Finlande, Suède",3,Construction européenne
82,Arts & Littérature,Quelle romancière belge a raconté son expérience dans une entreprise japonaise dans « Stupeur et tremblements » ?,Amélie Nothomb,1,Francophonie
82,Sciences & Nature,Quel outil d'édition du génome a valu le prix Nobel de chimie 2020 à Emmanuelle Charpentier et Jennifer Doudna ?,CRISPR-Cas9,2,Génétique
82,Sports & Loisirs,Quelle sprinteuse américaine surnommée « Flo-Jo » a établi en 1988 les records du monde du 100 m et du 200 m ?,Florence Griffith-Joyner,2,Athlétisme
83,Géographie,Dans quel archipel de l'océan Indien se trouve le département de Mayotte ?,Les Comores,2,Outre-mer
83,Divertissement,Quel capitaine commande le sous-marin Nautilus dans « Vingt Mille Lieues sous les mers » ?,Le capitaine Nemo,1,Personnages de fiction
83,Histoire,Quelle position du désert libyen les Français libres du général Kœnig ont-ils défendue en mai-juin 1942 ?,Bir Hakeim,2,France libre
83,Arts & Littérature,Quel compositeur viennois a écrit le quintette « La Truite » et le cycle de lieder « Le Voyage d'hiver » ?,Franz Schubert,2,Compositeurs
83,Sciences & Nature,"Quelle réaction chimique, qui brunit la croûte du pain et la viande grillée, porte le nom d'un chimiste français ?",La réaction de Maillard,2,Nutrition
83,Sports & Loisirs,Quel joueur a égalisé pour la France dans les arrêts de jeu de la finale de l'Euro 2000 ?,Sylvain Wiltord,2,Football – Euro
84,Géographie,Quel fleuve traverse Rome ?,Le Tibre,1,Fleuves
84,Divertissement,Quel label de disques Claude François a-t-il fondé en 1967 ?,Flèche,3,Variété française
84,Histoire,Quel mot allemand désigne l'annexion de l'Autriche par l'Allemagne nazie en mars 1938 ?,L'Anschluss,2,Marche à la guerre
84,Arts & Littérature,"Quel amphithéâtre romain, inauguré en l'an 80 sous Titus, accueillait des combats de gladiateurs ?",Le Colisée,1,Architecture
84,Sciences & Nature,Quel gaz noble produit la lumière rouge-orangé de nombreuses enseignes lumineuses ?,Le néon,1,Chimie : éléments
84,Sports & Loisirs,Quelle ville de la Meuse est réputée depuis des siècles pour ses dragées ?,Verdun,3,Confiserie
85,Géographie,Quel climatologue a donné son nom à la classification des climats la plus utilisée au monde ?,Wladimir Köppen,3,Climats et milieux
85,Divertissement,Quelle petite boule rose de Nintendo aspire ses ennemis pour copier leurs pouvoirs ?,Kirby,1,Jeux vidéo
85,Histoire,Quel Premier ministre du Congo indépendant a été assassiné au Katanga en janvier 1961 ?,Patrice Lumumba,2,Décolonisation
85,Arts & Littérature,Quelle déesse égyptienne rassembla les morceaux du corps de son époux Osiris ?,Isis,1,Mythologie égyptienne
85,Sciences & Nature,Comment appelle-t-on les minuscules orifices des feuilles par lesquels la plante échange des gaz avec l'air ?,Les stomates,2,Plantes
85,Sports & Loisirs,Quel demi d'ouverture anglais a offert le titre mondial 2003 à son pays d'un drop en prolongation ?,Jonny Wilkinson,1,Rugby – Coupe du monde
86,Géographie,Quelle ville est la préfecture de la Haute-Corse ?,Bastia,2,Préfectures
86,Divertissement,Quel acteur a remporté un Oscar pour son interprétation de Freddie Mercury dans « Bohemian Rhapsody » ?,Rami Malek,2,Biopics musicaux
86,Histoire,Quel petit-fils de Gengis Khan fonda en Chine la dynastie Yuan ?,Kubilai Khan,2,Asie médiévale
86,Arts & Littérature,Comment s'appelle le chien à trois têtes qui garde l'entrée des Enfers ?,Cerbère,1,Mythologie grecque
86,Sciences & Nature,Comment appelle-t-on les virus qui infectent spécifiquement les bactéries ?,Les bactériophages,2,Microbiologie
86,Sports & Loisirs,Quel club héraultais a remporté son premier bouclier de Brennus en 2022 ?,Montpellier (MHR),2,Rugby – compétitions
87,Géographie,De quelle préfecture des Côtes-d'Armor les Briochins sont-ils les habitants ?,Saint-Brieuc,3,Gentilés
87,Divertissement,"Quelle chanteuse a connu le succès en 2010 avec « Je veux », où elle réclame « d'l'amour, d'la joie, de la bonne humeur » ?",Zaz,1,Chanson française
87,Histoire,Quel territoire le Royaume-Uni a-t-il rétrocédé à la Chine le 1er juillet 1997 ?,Hong Kong,1,Chine
87,Arts & Littérature,Quelle nymphe retient Ulysse pendant sept ans sur son île d'Ogygie ?,Calypso,2,Épopées antiques
87,Sciences & Nature,Quel physicien américain a dirigé le laboratoire de Los Alamos pendant le projet Manhattan ?,Robert Oppenheimer,2,Physique
87,Sports & Loisirs,Quel fromage suisse se déguste en fines rosettes raclées à l'aide d'une girolle ?,La tête de moine,2,Fromages
88,Géographie,Comment appelle-t-on l'océan qui entoure l'Antarctique ?,L'océan Austral,1,Océans et mers
88,Divertissement,"Dans quelle ville américaine est né Joe Dassin, fils du cinéaste Jules Dassin ?",New York,2,Célébrités de la chanson
88,Histoire,"Quel empereur romain, fils de Vespasien, détruisit le Temple de Jérusalem en 70 alors qu'il n'était encore que général ?",Titus,3,Rome antique
88,Arts & Littérature,Quel moraliste du XVIIe siècle a écrit les « Réflexions ou sentences et maximes morales » ?,La Rochefoucauld,2,Auteurs
88,Sciences & Nature,Comment appelle-t-on le petit du renard ?,Le renardeau,1,Noms des petits
88,Sports & Loisirs,Quel pilote français a remporté le Grand Prix de Monaco 1996 au volant d'une Ligier ?,Olivier Panis,2,Sports mécaniques
89,Géographie,Quelle est la capitale de la République tchèque ?,Prague,1,Capitales
89,Divertissement,Comment s'appelle le pilote de Goldorak dans la version française ?,Actarus,2,Dessins animés
89,Histoire,Quelle bataille de 1212 marqua un tournant décisif de la Reconquista ?,Las Navas de Tolosa,3,Péninsule ibérique et découvertes
89,Arts & Littérature,Quel peintre néerlandais s'est tranché une partie de l'oreille à Arles en décembre 1888 ?,Vincent van Gogh,1,Peintres
89,Sciences & Nature,Quel principe énoncé par Werner Heisenberg interdit de connaître à la fois précisément la position et la vitesse d'une particule ?,Principe d'incertitude (indétermination),2,Physique
89,Sports & Loisirs,Quel club français de basket a remporté la Coupe d'Europe des clubs champions en 1993 ?,Limoges (CSP),2,Basket – clubs
90,Géographie,"Quel nom maori, souvent traduit par « pays du long nuage blanc », désigne la Nouvelle-Zélande ?",Aotearoa,3,Océanie
90,Divertissement,"Dans la saga « Star Wars », quel personnage au casque noir se révèle être le père de Luke Skywalker ?",Dark Vador,1,Sagas
90,Histoire,Quel poète latin a raconté les aventures d'Énée dans l'Énéide ?,Virgile,1,Rome antique
90,Arts & Littérature,Quel écrivain russe a écrit « Les Âmes mortes » et la comédie « Le Revizor » ?,Nicolas Gogol,2,Littérature russe
90,Sciences & Nature,"Quel est le nom scientifique du sucre de table, extrait de la betterave ou de la canne ?",Le saccharose,2,Chimie : molécules
90,Sports & Loisirs,Quel Serbe totalisait dix victoires à l'Open d'Australie à l'issue de l'édition 2023 ?,Novak Djokovic,1,Tennis – champions
91,Géographie,"Quelle rivière, affluent du Rhin, traverse Strasbourg et entoure sa Grande Île ?",L'Ill,2,Fleuves et rivières
91,Divertissement,"Quel producteur, ancien membre de N.W.A, a lancé les carrières de Snoop Dogg et d'Eminem ?",Dr. Dre,2,Rap américain
91,Histoire,Quel président russe est monté sur un char devant le Parlement pour s'opposer au putsch d'août 1991 à Moscou ?,Boris Eltsine,2,Fin de la guerre froide
91,Arts & Littérature,Quel écrivain a raconté la vengeance d'Edmond Dantès dans « Le Comte de Monte-Cristo » ?,Alexandre Dumas,1,Romans
91,Sciences & Nature,"Quel élément, de numéro atomique 92, sert de combustible dans les centrales nucléaires ?",L'uranium,2,Chimie : éléments
91,Sports & Loisirs,"Quel art martial japonais sans compétition, fondé par Morihei Ueshiba, utilise la force de l'adversaire ?",L'aïkido,2,Arts martiaux
92,Géographie,Quel royaume insulaire du golfe Persique a pour capitale Manama ?,Bahreïn,2,Îles
92,Divertissement,Dans quel James Bond de 1964 une femme meurt-elle après avoir été entièrement recouverte de peinture dorée ?,Goldfinger,2,James Bond
92,Histoire,Sous quel nom est connue la favorite de Louis XV née Jeanne-Antoinette Poisson ?,Madame de Pompadour,2,Louis XV
92,Arts & Littérature,Quel compositeur français a écrit « Clair de lune » et « Prélude à l'après-midi d'un faune » ?,Claude Debussy,1,Compositeurs
92,Sciences & Nature,Quel physicien français a démontré la rotation de la Terre grâce à un pendule suspendu au Panthéon en 1851 ?,Léon Foucault,2,Physique
92,Sports & Loisirs,"Quel club a remporté la première Coupe d'Europe de rugby, en 1996 ?",Le Stade toulousain,2,Rugby – compétitions
93,Géographie,Quelle est la capitale de la Sierra Leone ?,Freetown,3,Capitales
93,Divertissement,Quelle princesse du Royaume Champignon Mario doit-il régulièrement délivrer ?,Peach,1,Jeux vidéo
93,Histoire,"Quelle banque d'investissement américaine a fait faillite en septembre 2008, aggravant la crise financière mondiale ?",Lehman Brothers,2,Monde contemporain
93,Arts & Littérature,Quel dramaturge a écrit la tragédie « Phèdre » en 1677 ?,Jean Racine,1,Théâtre
93,Sciences & Nature,"Quel Normand a réalisé en 1907 le premier vol libre d'un hélicoptère avec pilote, près de Lisieux ?",Paul Cornu,3,Transports
93,Sports & Loisirs,Comment appelle-t-on le coup spécial des échecs où le roi et une tour se déplacent simultanément ?,Le roque,1,Échecs
94,Géographie,Quelle chaîne de montagnes sépare l'Alsace de la Lorraine ?,Les Vosges,1,Montagnes
94,Divertissement,"Quel boxeur, grand amour d'Édith Piaf, est mort dans un accident d'avion en 1949 ?",Marcel Cerdan,2,Célébrités de la chanson
94,Histoire,Quelle amie intime de Marie-Antoinette est tuée lors des massacres de Septembre 1792 ?,La princesse de Lamballe,3,Révolution française
94,Arts & Littérature,Quel dieu suprême de la mythologie nordique a sacrifié un œil pour obtenir la sagesse ?,Odin,1,Mythologie nordique
94,Sciences & Nature,Quel gaz est le principal constituant du gaz naturel ?,Le méthane,2,Chimie : molécules
94,Sports & Loisirs,Quel baron français est considéré comme le rénovateur des Jeux olympiques modernes ?,Pierre de Coubertin,1,Jeux olympiques
95,Géographie,Quelle collectivité des Antilles françaises a pour chef-lieu Gustavia ?,Saint-Barthélemy,2,Outre-mer
95,Divertissement,"Dans quel archipel se déroulent les enquêtes du détective privé « Magnum », joué par Tom Selleck ?",Hawaï,1,Séries américaines
95,Histoire,Quel dernier empereur de Chine fut placé par les Japonais à la tête de l'État fantoche du Mandchoukouo ?,Puyi,3,Asie
95,Arts & Littérature,"Comment appelle-t-on le texte placé en tête d'un livre pour le présenter, parfois signé d'un autre auteur ?",La préface,1,Vocabulaire littéraire
95,Sciences & Nature,"Quel est le plus grand rapace nocturne d'Europe, reconnaissable à ses aigrettes ?",Le grand-duc d'Europe,2,Oiseaux
95,Sports & Loisirs,Quelle lutte japonaise oppose des colosses dans un cercle de terre battue appelé dohyo ?,Le sumo,1,Arts martiaux
96,Géographie,Quel massif guinéen est surnommé le « château d'eau de l'Afrique de l'Ouest » ?,Le Fouta-Djalon,3,Montagnes
96,Divertissement,Quelle chanson de Charles Trenet évoque des « reflets d'argent » qui dansent le long des golfes clairs ?,La Mer,1,Paroles célèbres
96,Histoire,Quel tsar abolit le servage en Russie en 1861 ?,Alexandre II,1,Russie
96,Arts & Littérature,Quel compositeur tchèque a décrit le cours d'une rivière dans « La Moldau » ?,Bedřich Smetana,3,Œuvres
96,Sciences & Nature,"Comment appelle-t-on une substance sans principe actif, administrée comme un médicament lors des essais cliniques ?",Un placebo,1,Médicaments
96,Sports & Loisirs,"Quel gastronome a écrit dans sa « Physiologie du goût » (1825) : « Dis-moi ce que tu manges, je te dirai ce que tu es » ?",Brillat-Savarin,2,Histoire de la cuisine
97,Géographie,"Quelle mer, entre la Chine et la Corée, doit son nom à la couleur de ses eaux chargées de limon ?",La mer Jaune,2,Océans et mers
97,Divertissement,Quel rappeur est surnommé « le Duc de Boulogne » ?,Booba,2,Rap français
97,Histoire,Quelle commune du Morbihan est célèbre pour ses milliers de menhirs alignés ?,Carnac,1,Préhistoire
97,Arts & Littérature,Quelle femme aimée de Dante le guide au Paradis dans « La Divine Comédie » ?,Béatrice,2,Littérature italienne
97,Sciences & Nature,"Selon la légende, quel fruit serait tombé près d'Isaac Newton en lui inspirant la théorie de la gravitation ?",Une pomme,1,Physique
97,Sports & Loisirs,"Au golf, quel oiseau désigne un trou réussi en trois coups de moins que le par ?",L'albatros,3,Golf
98,Géographie,Quelle est la capitale de la Mongolie ?,Oulan-Bator,2,Asie
98,Divertissement,Quel acteur du cinéma muet américain était surnommé « l'homme qui ne rit jamais » ?,Buster Keaton,2,Cinéma muet
98,Histoire,"Quelle cité caravanière de Syrie, gouvernée par la reine Zénobie, défia Rome au IIIe siècle ?",Palmyre,2,Mésopotamie et Proche-Orient
98,Arts & Littérature,"Quelle princesse troyenne, fille de Priam, avait reçu le don de prophétie mais n'était jamais crue ?",Cassandre,1,Épopées antiques
98,Sciences & Nature,Quel mécanisme de défense décrit par Freud consiste à repousser dans l'inconscient des pensées dérangeantes ?,Le refoulement,2,Psychologie
98,Sports & Loisirs,Quel Slovène a remporté le Tour 2020 en renversant Primož Roglič lors du contre-la-montre de la Planche des Belles Filles ?,Tadej Pogačar,2,Cyclisme – champions
99,Géographie,Quel parc national croate est célèbre pour ses seize lacs reliés par des cascades ?,Plitvice,2,Lacs
99,Divertissement,Quelle autrice franco-iranienne raconte son enfance à Téhéran dans la bande dessinée « Persepolis » ?,Marjane Satrapi,2,BD franco-belge
99,Histoire,Quel grand amphithéâtre de Rome fut inauguré par l'empereur Titus en 80 ?,Le Colisée,1,Rome antique
99,Arts & Littérature,"Quel philosophe anglais a publié en 1651 « Léviathan », qui justifie un pouvoir souverain absolu ?",Thomas Hobbes,2,Philosophie moderne
99,Sciences & Nature,"Combien vaut la somme des angles d'un triangle, en degrés ?",180°,1,Mathématiques
99,Sports & Loisirs,Comment appelle-t-on la manœuvre qui consiste à changer d'amure en faisant passer l'avant du voilier face au vent ?,Le virement de bord,3,Voile
100,Géographie,Quel cap du Pas-de-Calais est le point du littoral français le plus proche de l'Angleterre ?,Le cap Gris-Nez,2,Côtes
100,Divertissement,Quel humoriste a cocréé et incarné le héros de la série « Bref » sur Canal+ ?,Kyan Khojandi,2,Séries françaises
100,Histoire,Quelle guerre de 1853-1856 oppose notamment la France et le Royaume-Uni à la Russie ?,La guerre de Crimée,1,Second Empire
100,Arts & Littérature,Quel roman de Victor Hugo se déroule en Vendée pendant la Terreur ?,Quatrevingt-treize,3,Romans
100,Sciences & Nature,Quelle unité de pression porte le nom d'un savant français auteur des « Pensées » ?,Le pascal,1,Unités et mesures
100,Sports & Loisirs,Quel surnom porte l'équipe d'Argentine de rugby ?,Los Pumas,2,Rugby – sélections
101,Géographie,Combien de mètres mesure un mille marin ?,1 852 m,2,Océans et mers
101,Divertissement,Quel est le prénom du barman de la taverne fréquentée par Homer Simpson ?,Moe,2,Dessins animés
101,Histoire,Comment appelle-t-on le soulèvement des soldats indiens contre la Compagnie des Indes en 1857 ?,La révolte des cipayes,2,Empire britannique
101,Arts & Littérature,Quel instrument de la famille des cuivres possède une coulisse ?,Le trombone,1,Instruments
101,Sciences & Nature,"Quel scientifique autrichien a découvert les groupes sanguins A, B et O en 1901 ?",Karl Landsteiner,3,Sang
101,Sports & Loisirs,"Quelle capitale a donné son nom à la plus célèbre escalope de veau panée, la « Schnitzel » ?",Vienne,1,Cuisine du monde
102,Géographie,Dans quelle mer le Danube se jette-t-il ?,La mer Noire,1,Fleuves
102,Divertissement,Quel acteur incarne le shérif Will Kane dans « Le train sifflera trois fois » (1952) ?,Gary Cooper,3,Westerns
102,Histoire,"Comment appelle-t-on l'outil de pierre taillé sur ses deux faces, emblématique de l'Acheuléen ?",Le biface,2,Préhistoire
102,Arts & Littérature,"Quel penseur florentin a écrit « Le Prince », traité sur l'art de conquérir et de garder le pouvoir ?",Nicolas Machiavel,1,Littérature italienne
102,Sciences & Nature,Quel mathématicien indien autodidacte a été invité à Cambridge en 1914 par G. H. Hardy ?,Srinivasa Ramanujan,2,Mathématiques
102,Sports & Loisirs,Quelle sélection nationale est surnommée la « Squadra Azzurra » ?,L'Italie,1,Football – sélections
103,Géographie,Quelle péninsule québécoise est célèbre pour son rocher Percé ?,La Gaspésie,1,Québec
103,Divertissement,Quel documentaire sous-marin de Jacques-Yves Cousteau et Louis Malle a remporté la Palme d'or en 1956 ?,Le Monde du silence,3,Festival de Cannes
103,Histoire,Quel philosophe et théologien a vécu une célèbre et tragique histoire d'amour avec Héloïse ?,Pierre Abélard,2,Culture médiévale
103,Arts & Littérature,"Quel roman de Dostoïevski a pour héros l'étudiant Raskolnikov, meurtrier d'une vieille usurière ?",Crime et Châtiment,1,Littérature russe
103,Sciences & Nature,Comment appelle-t-on l'ensemble des huit petits os du poignet ?,Le carpe,3,Os et squelette
103,Sports & Loisirs,"Quel tournoi du Grand Chelem se joue sur gazon, dans la banlieue sud-ouest de Londres ?",Wimbledon,1,Tennis – compétitions
104,Géographie,Quelle ville est la préfecture des Alpes-de-Haute-Provence ?,Digne-les-Bains,3,Préfectures
104,Divertissement,"Quel roi des Koopas, une tortue géante cracheuse de feu, est l'ennemi juré de Mario ?",Bowser,1,Jeux vidéo
104,Histoire,Comment appelait-on la cérémonie qui faisait d'un jeune noble un chevalier ?,L'adoubement,2,Féodalité et vie médiévale
104,Arts & Littérature,"Quelle héroïne de Tolstoï, prise dans une passion adultère, finit par se jeter sous un train ?",Anna Karénine,1,Littérature russe
104,Sciences & Nature,"Quelle unité, du nom d'un physicien suédois, mesure la dose de rayonnement reçue par l'organisme ?",Le sievert,3,Unités et mesures
104,Sports & Loisirs,"Au football américain, comment appelle-t-on l'action de porter ou de recevoir le ballon dans la zone d'en-but adverse ?",Un touchdown,1,Vocabulaire et règles
105,Géographie,Quel fleuve traverse Saint-Pétersbourg avant de se jeter dans le golfe de Finlande ?,La Neva,2,Fleuves
105,Divertissement,Quel personnage barbu pose des énigmes aux candidats du haut de la vigie de Fort Boyard ?,Le Père Fouras,1,Jeux télé
105,Histoire,Quel territoire autonome danois a quitté la Communauté européenne en 1985 ?,Le Groenland,3,Construction européenne
105,Arts & Littérature,Comment appelle-t-on la première phrase ou les premières lignes d'un roman ?,L'incipit,1,Vocabulaire littéraire
105,Sciences & Nature,Dans quelles deux disciplines Marie Curie a-t-elle reçu ses prix Nobel ?,Physique et chimie,2,Grands scientifiques
105,Sports & Loisirs,Quelle faute commet un rugbyman qui laisse échapper ou passe le ballon vers l'avant avec les mains ?,Un en-avant,1,Rugby – règles
106,Géographie,Quelle langue celtique est la première langue officielle de la république d'Irlande ?,L'irlandais (gaélique),2,Langues
106,Divertissement,Quel acteur incarne le patriarche Vito Corleone dans « Le Parrain » (1972) ?,Marlon Brando,2,Acteurs
106,Histoire,Quelle ligne de fortifications la France a-t-elle bâtie le long de sa frontière nord-est dans les années 1930 ?,La ligne Maginot,1,France de l'entre-deux-guerres
106,Arts & Littérature,"Sous quel autre titre, évoquant une vieille conteuse, connaît-on le recueil de contes de Perrault ?",Les Contes de ma mère l'Oye,2,Contes
106,Sciences & Nature,"Chez les moustiques, lequel des deux sexes pique pour se nourrir de sang ?",La femelle,2,Insectes
106,Sports & Loisirs,"De quel pays le kimchi, chou fermenté au piment, est-il le plat emblématique ?",La Corée,1,Cuisine du monde
107,Géographie,"Quelle ville fut la capitale impériale du Japon pendant plus de mille ans, de 794 à 1868 ?",Kyoto,2,Asie
107,Divertissement,Quel acteur incarne le général romain Maximus dans « Gladiator » (2000) ?,Russell Crowe,1,Acteurs
107,Histoire,Quelle reine d'Écosse est exécutée en 1587 sur ordre d'Élisabeth Ire ?,Marie Stuart,2,Angleterre Tudor
107,Arts & Littérature,Quel pilote automobile est le héros d'une série créée par Jean Graton en 1957 ?,Michel Vaillant,2,Bande dessinée
107,Sciences & Nature,"Quelle constante mathématique, environ égale à 2,718, est la base du logarithme népérien ?",Le nombre e,2,Mathématiques
107,Sports & Loisirs,"Quel club de quatrième division a atteint la finale de la Coupe de France en 2000, perdue contre Nantes ?",Calais (CRUFC),2,Football – clubs
108,Géographie,Quelle est la capitale des Pays-Bas selon la Constitution ?,Amsterdam,1,Capitales
108,Divertissement,"Quel metteur en scène a créé avec Macha Makeïeff la famille des Deschiens, diffusée sur Canal+ ?",Jérôme Deschamps,3,Émissions
108,Histoire,Quel philosophe genevois publie Du contrat social en 1762 ?,Jean-Jacques Rousseau,1,Lumières
108,Arts & Littérature,Dans quel village imaginaire se déroule l'histoire de la famille Buendía dans « Cent ans de solitude » ?,Macondo,2,Littérature latino-américaine
108,Sciences & Nature,"À quelle température, en degrés Celsius, l'eau pure bout-elle au niveau de la mer ?",100 °C,1,Physique
108,Sports & Loisirs,Quelle course de galop réservée aux pouliches se dispute chaque mois de juin à Chantilly ?,Le Prix de Diane,3,Équitation
109,Géographie,Quel peuple autochtone de l'Arctique canadien et du Groenland était autrefois appelé « Esquimaux » ?,Les Inuits,1,Pôles
109,Divertissement,Quel chanteur canadien a interprété « Ils s'aiment » en 1983 ?,Daniel Lavoie,3,Variété francophone
109,Histoire,"Quel conflit opposa, avec des interruptions, la France et l'Angleterre de 1337 à 1453 ?",La guerre de Cent Ans,1,Guerre de Cent Ans
109,Arts & Littérature,"À quelle race de chien appartient Belle, l'amie de Sébastien ?",Montagne des Pyrénées,2,Littérature jeunesse
109,Sciences & Nature,Quel acide donne au vinaigre son goût piquant ?,L'acide acétique,2,Chimie : molécules
109,Sports & Loisirs,Comment appelle-t-on la défaite infligée à un concurrent qui ne se présente pas à une épreuve ?,Un forfait,1,Vocabulaire et règles
110,Géographie,Quelle est la capitale de la Macédoine du Nord ?,Skopje,2,Capitales
110,Divertissement,Quelle créature du « Seigneur des anneaux » appelle l'Anneau « mon précieux » ?,Gollum,1,Répliques cultes
110,Histoire,Comment appelle-t-on la tentative de coup d'État menée par Hitler à Munich en novembre 1923 ?,Le putsch de la Brasserie,2,Allemagne nazie
110,Arts & Littérature,"Quelle comédie de Beaumarchais, la première de sa trilogie, se déroule en Andalousie ?",Le Barbier de Séville,2,Théâtre
110,Sciences & Nature,"Quelle vitamine, présente presque uniquement dans les produits animaux, doit être complémentée chez les végétaliens ?",La vitamine B12,2,Nutrition
110,Sports & Loisirs,De quelle région d'Espagne la paella est-elle originaire ?,La région de Valence,2,Cuisine du monde
111,Géographie,Sous quel nom le Zimbabwe était-il connu avant son indépendance en 1980 ?,La Rhodésie,2,Pays
111,Divertissement,Quel pirate de l'espace balafré commande le vaisseau Arcadia ?,Albator,2,Dessins animés
111,Histoire,Quel savant de Syracuse se serait écrié « Eurêka ! » dans son bain ?,Archimède,1,Grèce antique
111,Arts & Littérature,"Quel architecte français a conçu le Louvre Abou Dabi, inauguré en 2017 ?",Jean Nouvel,2,Architectes
111,Sciences & Nature,Quelle molécule en double hélice porte l'information génétique des êtres vivants ?,L'ADN,1,Génétique
111,Sports & Loisirs,Quel club basque de rugby joue au stade Jean-Dauger ?,L'Aviron bayonnais,3,Rugby – stades
112,Géographie,Quel détroit sépare la Sicile de la Calabre ?,Le détroit de Messine,2,Mers et détroits
112,Divertissement,Sous quel titre le manga de football « Captain Tsubasa » est-il connu en France ?,Olive et Tom,2,Mangas
112,Histoire,"Quelle bataille de l'hiver 1942-1943, sur la Volga, marque le tournant de la guerre à l'Est ?",Stalingrad,1,Front de l'Est
112,Arts & Littérature,"Quel roi de France a dansé dès l'âge de 14 ans dans le « Ballet royal de la Nuit », en y incarnant le Soleil levant ?",Louis XIV,2,Danse
112,Sciences & Nature,Quel verbe désigne le cri du tigre ?,Feuler (ou rauquer),3,Cris des animaux
112,Sports & Loisirs,De quelle expression anglaise l'abréviation K.-O. est-elle tirée ?,Knock-out,1,Boxe
113,Géographie,À quelle famille de langues le roumain appartient-il ?,Les langues romanes,2,Langues
113,Divertissement,Quelle chanteuse mosellane a chanté « Mademoiselle chante le blues » en 1987 ?,Patricia Kaas,2,Variété française
113,Histoire,Quelle organisation dirigée par Oussama ben Laden a commis les attentats du 11 septembre 2001 ?,Al-Qaïda,1,Monde contemporain
113,Arts & Littérature,Quel écrivain a créé le jeune reporter détective Rouletabille ?,Gaston Leroux,2,Auteurs
113,Sciences & Nature,Quelle épice correspond au bouton floral séché d'un arbre des Moluques ?,Le clou de girofle,2,Plantes
113,Sports & Loisirs,Quel pays a accueilli la Coupe du monde de football 1938 ?,La France,2,Football – Coupe du monde
114,Géographie,Quel gratte-ciel de 828 mètres a été inauguré à Dubaï en 2010 ?,La Burj Khalifa,1,Monuments
114,Divertissement,Comment s'appelle le singe capucin de Ross dans « Friends » ?,Marcel,3,Sitcoms
114,Histoire,Quel pasteur a prononcé le discours « I have a dream » à Washington en août 1963 ?,Martin Luther King,1,Droits civiques
114,Arts & Littérature,Quel architecte de Louis XIV a conçu la galerie des Glaces de Versailles ?,Jules Hardouin-Mansart,2,Architectes
114,Sciences & Nature,"Quel ingénieur américain a envoyé en 1971 le premier courriel entre deux ordinateurs en réseau, choisissant le signe @ ?",Ray Tomlinson,3,Informatique
114,Sports & Loisirs,Quel train de luxe de la Compagnie internationale des wagons-lits reliait Paris à Constantinople à partir de 1883 ?,L'Orient-Express,1,Voyages
115,Géographie,Quel archipel au large de Concarneau abrite une célèbre école de voile ?,Les Glénan,3,Îles
115,Divertissement,"Dans quelle série de jeux de combat de Capcom s'affrontent Ryu, Ken et Chun-Li ?",Street Fighter,1,Jeux vidéo
115,Histoire,Quel État est proclamé à Tel-Aviv par David Ben Gourion le 14 mai 1948 ?,Israël,1,Proche-Orient
115,Arts & Littérature,"Quel poète russe, auteur d'« Un héros de notre temps », fut tué en duel en 1841 ?",Mikhaïl Lermontov,3,Littérature russe
115,Sciences & Nature,Combien de degrés compte un tour complet ?,360°,1,Mathématiques
115,Sports & Loisirs,"Quel spiritueux, surnommé « la fée verte », fut interdit en France en 1915 ?",L'absinthe,2,Spiritueux
116,Géographie,"Quelle péninsule de Hong Kong fait face à l'île de Hong Kong, de l'autre côté du port Victoria ?",Kowloon,3,Grandes villes
116,Divertissement,Quel justicier de Gotham City se cache derrière le milliardaire Bruce Wayne ?,Batman,1,Super-héros
116,Histoire,"Quel tsar a abdiqué en mars 1917, mettant fin à trois siècles de règne des Romanov ?",Nicolas II,1,Révolution russe
116,Arts & Littérature,"Quel peintre flamand a signé en 1434 « Les Époux Arnolfini », avec son célèbre miroir convexe ?",Jan van Eyck,2,Primitifs flamands
116,Sciences & Nature,Comment appelle-t-on l'unité contractile de base des fibres musculaires striées ?,Le sarcomère,3,Muscles
116,Sports & Loisirs,Comment appelle-t-on l'épreuve où chaque coureur s'élance seul et affronte le chronomètre ?,Le contre-la-montre,1,Cyclisme – vocabulaire
117,Géographie,Quel nom portait la cité grecque antique sur laquelle furent bâties Constantinople puis Istanbul ?,Byzance,1,Villes
117,Divertissement,Comment s'appelle l'ours en peluche de Mr. Bean ?,Teddy,2,Séries britanniques
117,Histoire,En quelle année Louis XIV installe-t-il officiellement la cour et le gouvernement à Versailles ?,1682,3,Versailles
117,Arts & Littérature,Quelle Gorgone à la chevelure de serpents changeait en pierre ceux qui croisaient son regard ?,Méduse,1,Mythologie grecque
117,Sciences & Nature,"Quel ingénieur français a baptisé « avion » ses machines volantes, dont l'Éole qui décolla en 1890 ?",Clément Ader,2,Transports
117,Sports & Loisirs,Quel cépage blanc est le seul utilisé pour produire le chablis ?,Le chardonnay,2,Vins
118,Géographie,Quelle est la capitale de l'Australie ?,Canberra,1,Océanie
118,Divertissement,Quel DJ écossais a signé « Summer » et « One Kiss » avec Dua Lipa ?,Calvin Harris,3,Électro
118,Histoire,"Quel chant, dont les paroles furent écrites en 1943 par Joseph Kessel et Maurice Druon, est devenu l'hymne de la Résistance ?",Le Chant des partisans,1,Résistance
118,Arts & Littérature,Quel album de Blake et Mortimer doit son titre au signe laissé par un mystérieux criminel qui terrorise Londres ?,La Marque jaune,2,Bande dessinée
118,Sciences & Nature,"Quel composant électronique, inventé en 1947 aux laboratoires Bell, a remplacé les tubes à vide ?",Le transistor,2,Informatique
118,Sports & Loisirs,Quel Américain au caractère explosif a battu Björn Borg en finale de Wimbledon 1981 ?,John McEnroe,1,Tennis – champions
119,Géographie,"Quelle statue de bronze, inspirée d'un conte d'Andersen, est devenue l'emblème du port de Copenhague ?",La Petite Sirène,1,Monuments
119,Divertissement,Quel compositeur allemand a reçu l'Oscar de la meilleure musique pour « Le Roi Lion » (1994) ?,Hans Zimmer,2,Musiques de films
119,Histoire,"Quel empereur romain, vainqueur au pont Milvius, accorda en 313, par l'édit de Milan, la liberté de culte aux chrétiens ?",Constantin,2,Rome antique
119,Arts & Littérature,Quel architecte britannique a conçu le viaduc de Millau avec l'ingénieur Michel Virlogeux ?,Norman Foster,2,Architectes
119,Sciences & Nature,Quelle roche métamorphique issue du calcaire est extraite des célèbres carrières de Carrare ?,Le marbre,1,Géologie
119,Sports & Loisirs,"Quel navigateur canadien a remporté la première Route du Rhum, en 1978, avec 98 secondes d'avance ?",Mike Birch,3,Voile
120,Géographie,Quel est le plus long fleuve d'Afrique ?,Le Nil,1,Fleuves
120,Divertissement,Avec quel ténor italien Hélène Ségara a-t-elle chanté « Vivo per lei » ?,Andrea Bocelli,3,Variété française
120,Histoire,Comment s'appelle l'accord de 1904 qui rapproche la France et le Royaume-Uni ?,L'Entente cordiale,1,Relations internationales
120,Arts & Littérature,Quel écrivain genevois a écrit « Les Rêveries du promeneur solitaire » ?,Jean-Jacques Rousseau,2,Auteurs
120,Sciences & Nature,Quelle technique permet de séparer les pigments d'une encre qui migrent sur un papier buvard ?,La chromatographie,2,Chimie : réactions
120,Sports & Loisirs,"Quel poste occupe au handball le joueur placé à l'extrémité du terrain, le long de la ligne de touche ?",Ailier,1,Handball – règles
121,Géographie,Quelle rivière coule sous l'arche naturelle du Pont d'Arc ?,L'Ardèche,1,Fleuves et rivières
121,Divertissement,Quel compositeur français a signé les musiques de « Lawrence d'Arabie » et du « Docteur Jivago » ?,Maurice Jarre,3,Musiques de films
121,Histoire,Quel président américain a effectué en 1972 un voyage historique en Chine populaire ?,Richard Nixon,2,Guerre froide
121,Arts & Littérature,Quel enchanteur est le conseiller du roi Arthur ?,Merlin,1,Légendes arthuriennes
121,Sciences & Nature,"Comment appelle-t-on l'ancêtre de la bicyclette, sans pédales, inventé en 1817 par le baron allemand Karl Drais ?",La draisienne,2,Transports
121,Sports & Loisirs,Quel coureur italien de l'après-guerre était surnommé « il Campionissimo » ?,Fausto Coppi,2,Cyclisme – champions
122,Géographie,"Quel pays a arboré de 1977 à 2011 un drapeau entièrement vert, sans aucun motif ?",La Libye,3,Drapeaux
122,Divertissement,Comment s'appelle la voiture intelligente et parlante de la série « K 2000 » ?,KITT,1,Séries américaines
122,Histoire,"Dans quelle station balnéaire de Crimée Roosevelt, Churchill et Staline se sont-ils réunis en février 1945 ?",Yalta,1,Fin de la guerre
122,Arts & Littérature,Quel compositeur norvégien a écrit « Dans l'antre du roi de la montagne » pour « Peer Gynt » ?,Edvard Grieg,2,Compositeurs
122,Sciences & Nature,Quel ingénieur de Motorola a passé en 1973 le premier appel depuis un téléphone portable ?,Martin Cooper,3,Télécommunications
122,Sports & Loisirs,Quel est le sigle de la grande ligue professionnelle de basket nord-américaine ?,NBA,1,Basket – compétitions
123,Géographie,Quel volcan équatorien a le sommet le plus éloigné du centre de la Terre ?,Le Chimborazo,3,Volcans
123,Divertissement,"Quels frères lyonnais ont organisé à Paris, en décembre 1895, la première projection publique payante du cinématographe ?",Les frères Lumière,1,Origines du cinéma
123,Histoire,Comment appelait-on les guerriers de la noblesse militaire japonaise ?,Les samouraïs,1,Asie médiévale
123,Arts & Littérature,"Quelle romancière guadeloupéenne a écrit « Ségou » et « Moi, Tituba sorcière… » ?",Maryse Condé,3,Francophonie
123,Sciences & Nature,Quel groupe sanguin est qualifié de « donneur universel » pour les transfusions de globules rouges ?,O négatif,1,Sang
123,Sports & Loisirs,"Quel gardien soviétique, surnommé « l'Araignée noire », a remporté le Ballon d'or en 1963 ?",Lev Yachine,2,Football – champions
124,Géographie,Quelle cité caravanière antique du désert syrien fut gouvernée par la reine Zénobie ?,Palmyre,2,Monuments
124,Divertissement,Quelle chanteuse de jazz américaine était surnommée « Lady Day » ?,Billie Holiday,2,Jazz
124,Histoire,"Quel groupe de députés, nommé d'après un département du Sud-Ouest, s'oppose aux Montagnards ?",Les Girondins,1,Révolution française
124,Arts & Littérature,Quel philosophe anglais a publié en 1690 l'« Essai sur l'entendement humain » ?,John Locke,2,Philosophie moderne
124,Sciences & Nature,"Quelles algues vertes, qui prolifèrent sur certaines plages bretonnes, dégagent un gaz toxique en se décomposant ?",Les ulves (laitue de mer),3,Écologie
124,Sports & Loisirs,"Quel fromage AOP du massif du Jura, à pâte pressée cuite, est affiné en grandes meules ?",Le comté,1,Fromages
125,Géographie,"Quel archipel du Var comprend Porquerolles, Port-Cros et l'île du Levant ?",Les îles d'Hyères,2,Îles
125,Divertissement,Quels oiseaux absurdes passaient leur temps à pomper dans une célèbre série animée de l'ORTF ?,Les Shadoks,1,Dessins animés
125,Histoire,Quelle femme est devenue en 1991 la première à occuper le poste de Premier ministre en France ?,Édith Cresson,2,Ve République
125,Arts & Littérature,Comment s'appelle le procédé photographique sur plaque de cuivre argentée rendu public à Paris en 1839 ?,Le daguerréotype,2,Photographie
125,Sciences & Nature,Quel physicien français a reçu le prix Nobel de physique 2018 pour ses travaux sur les impulsions laser ultra-courtes ?,Gérard Mourou,3,Grands scientifiques
125,Sports & Loisirs,Quelle ville a accueilli les Jeux olympiques d'été à la fois en 1900 et en 1924 ?,Paris,1,Villes olympiques
126,Géographie,"Quelle cité médiévale de l'Aude, à la double enceinte fortifiée, fut restaurée par Viollet-le-Duc ?",Carcassonne,1,Monuments
126,Divertissement,Quel cinéaste néo-zélandais a réalisé la trilogie « Le Seigneur des anneaux » ?,Peter Jackson,2,Réalisateurs
126,Histoire,"Quel poète, héros de l'indépendance cubaine, meurt au combat contre les Espagnols en 1895 ?",José Martí,3,Amérique latine
126,Arts & Littérature,"Quel compositeur italien a écrit l'opéra « La Traviata », d'après « La Dame aux camélias » ?",Giuseppe Verdi,1,Opéra
126,Sciences & Nature,"Comment appelle-t-on l'évolution conjointe de deux espèces qui s'influencent mutuellement, comme une fleur et son pollinisateur ?",La coévolution,3,Évolution
126,Sports & Loisirs,Quelle est la somme de tous les points inscrits sur les six faces d'un dé classique ?,21,1,Jeux de société
127,Géographie,"Quel est le plus haut volcan du monde, à la frontière entre le Chili et l'Argentine ?",L'Ojos del Salado,3,Volcans
127,Divertissement,"Quel sport Brice de Nice s'obstine-t-il à pratiquer, même sans vagues sur la Côte d'Azur ?",Le surf,1,Comédies françaises
127,Histoire,Qui assassine Marat dans sa baignoire en juillet 1793 ?,Charlotte Corday,1,Révolution française
127,Arts & Littérature,Quel roman de Louis Hémon raconte la vie d'une jeune fille dans une famille de défricheurs au Québec ?,Maria Chapdelaine,2,Francophonie
127,Sciences & Nature,"Quel organe, situé en haut à gauche de l'abdomen, élimine les globules rouges usés ?",La rate,2,Organes
127,Sports & Loisirs,Quels Jeux olympiques d'été l'URSS et la plupart des pays du bloc de l'Est ont-ils boycottés en représailles ?,Los Angeles 1984,2,Histoire des JO
128,Géographie,Quel volcan est le point culminant du Japon ?,Le mont Fuji,1,Asie
128,Divertissement,"Quel métier exerce Charles Duchemin, joué par Louis de Funès, dans « L'Aile ou la Cuisse » (1976) ?",Critique gastronomique,2,Comédies françaises
128,Histoire,Quels accords signés en juin 1936 entre patronat et syndicats ont prévu des hausses de salaires en France ?,Les accords de Matignon,2,France de l'entre-deux-guerres
128,Arts & Littérature,"Quel écrivain malien a déclaré à l'Unesco : « En Afrique, quand un vieillard meurt, c'est une bibliothèque qui brûle » ?",Amadou Hampâté Bâ,2,Francophonie
128,Sciences & Nature,"Quelle surface, obtenue en recollant une bande de papier après une demi-torsion, ne possède qu'une seule face ?",Le ruban de Möbius,2,Mathématiques
128,Sports & Loisirs,Quelle place de Bruxelles se couvre tous les deux ans d'un immense tapis de fleurs ?,La Grand-Place,2,Tourisme
129,Géographie,Quelle cité nabatéenne taillée dans le grès rose se trouve en Jordanie ?,Pétra,1,Monuments
129,Divertissement,"Quelle marque japonaise fabrique la boîte à rythmes TR-808, pilier du hip-hop et de l'électro ?",Roland,3,Électro
129,Histoire,Quel est le véritable nom de Voltaire ?,François-Marie Arouet,2,Lumières
129,Arts & Littérature,Quel penseur français du XVIIe siècle a comparé l'homme à « un roseau pensant » ?,Blaise Pascal,1,Philosophie moderne
129,Sciences & Nature,"Quel médicament, dérivé d'une substance de l'écorce de saule, est commercialisé par Bayer depuis 1899 ?",L'aspirine,1,Médicaments
129,Sports & Loisirs,Quel sport équestre d'Asie centrale consiste pour les cavaliers à s'emparer d'une carcasse de chèvre ?,Le bouzkachi,3,Équitation
130,Géographie,Quel nom portait le Sri Lanka jusqu'en 1972 ?,Ceylan,1,Asie
130,Divertissement,Quel chanteur et guitariste de jazz manouche est le fils de Jacques Dutronc et de Françoise Hardy ?,Thomas Dutronc,2,Célébrités de la musique
130,Histoire,"Quel écrivain a reçu le prix Goncourt 1916 pour Le Feu, récit de la vie d'une escouade dans les tranchées ?",Henri Barbusse,3,Première Guerre mondiale
130,Arts & Littérature,Quelle déesse grecque de l'amour est née de l'écume de la mer ?,Aphrodite,1,Mythologie grecque
130,Sciences & Nature,Quel gigantesque anticyclone de Jupiter apparaît au télescope comme une tache ovale ?,La Grande Tache rouge,1,Astronomie : planètes
130,Sports & Loisirs,"Quelle entreprise allemande, fondée par Margarete, reconnaît ses peluches à un bouton dans l'oreille ?",Steiff,3,Jouets
131,Géographie,Quelle ville est la préfecture de la Loire-Atlantique ?,Nantes,1,Préfectures
131,Divertissement,"Dans « Le Septième Sceau » d'Ingmar Bergman, à quel jeu le chevalier défie-t-il la Mort ?",Les échecs,2,Cinéma européen
131,Histoire,En quelle année le Maroc et la Tunisie ont-ils obtenu leur indépendance ?,1956,2,Décolonisation
131,Arts & Littérature,"Quel écrivain argentin, bibliothécaire devenu aveugle, a écrit « Fictions » et « L'Aleph » ?",Jorge Luis Borges,2,Littérature latino-américaine
131,Sciences & Nature,Quel métal recouvre l'acier galvanisé pour le protéger de la rouille ?,Le zinc,2,Chimie : matériaux
131,Sports & Loisirs,À quelle hauteur du sol est fixé le cercle d'un panier de basket ?,"3,05 m",2,Basket – règles
132,Géographie,Quel fleuve sépare Kinshasa de Brazzaville ?,Le Congo,1,Fleuves
132,Divertissement,Quel concepteur japonais de Namco a créé Pac-Man ?,Tōru Iwatani,3,Jeux vidéo
132,Histoire,Quel pays anéantit la flotte russe lors de la bataille de Tsushima en 1905 ?,Le Japon,1,Japon
132,Arts & Littérature,"Quel romancier français du Nouveau Roman, auteur de « La Route des Flandres », reçut le prix Nobel de littérature en 1985 ?",Claude Simon,3,Prix Nobel de littérature
132,Sciences & Nature,"Quelle ONG médicale a été fondée en France en 1971, notamment par Bernard Kouchner ?",Médecins sans frontières,1,Santé publique
132,Sports & Loisirs,Quelle capitale scandinave a accueilli les Jeux olympiques d'hiver de 1952 ?,Oslo,2,Villes olympiques
133,Géographie,Quel royaume du Pacifique a pour capitale Nuku'alofa ?,Les Tonga,3,Océanie
133,Divertissement,Quelle actrice américaine a quitté le cinéma en 1956 pour épouser le prince Rainier III de Monaco ?,Grace Kelly,1,Acteurs
133,Histoire,Quel marchand vénitien a raconté son séjour en Chine dans « Le Devisement du monde » ?,Marco Polo,1,Italie médiévale
133,Arts & Littérature,Dans quel musée londonien sont exposées une grande partie des frises du Parthénon ?,Le British Museum,2,Musées
133,Sciences & Nature,Quel nom de neurologue français donne-t-on couramment en France à la sclérose latérale amyotrophique ?,Charcot (maladie de Charcot),2,Maladies
133,Sports & Loisirs,Quelle céréale est majoritaire dans la fabrication du bourbon américain ?,Le maïs,2,Spiritueux
134,Géographie,En quelle année le Royaume-Uni a-t-il rétrocédé Hong Kong à la Chine ?,1997,1,Asie
134,Divertissement,Quel acteur incarnait Arsène Lupin dans la série télévisée française des années 1970 ?,Georges Descrières,3,Séries françaises
134,Histoire,"Quelle dynastie chinoise, fondée en 1368, fit construire la Cité interdite à Pékin ?",Les Ming,1,Asie médiévale
134,Arts & Littérature,"Quel opéra de Verdi, situé dans l'Égypte des pharaons, a été créé au Caire en 1871 ?",Aïda,2,Opéra
134,Sciences & Nature,Quel physicien né en Nouvelle-Zélande a mis en évidence le noyau atomique en 1911 ?,Ernest Rutherford,3,Physique
134,Sports & Loisirs,Comment appelle-t-on les petites figurines d'argile peintes qui peuplent la crèche provençale ?,Les santons,1,Fêtes et traditions
135,Géographie,Quel château Renaissance de Touraine est bâti sur une île de l'Indre ?,Azay-le-Rideau,2,Châteaux
135,Divertissement,Quelle émission de Jacques Martin faisait chanter des enfants devant leur idole ?,L'École des fans,1,Émissions
135,Histoire,Quel président sud-africain a partagé le prix Nobel de la paix 1993 avec Nelson Mandela ?,Frederik de Klerk,2,Afrique du Sud
135,Arts & Littérature,Quel ourson est le héros d'histoires publiées depuis 1975 dans le magazine « Pomme d'Api » ?,Petit Ours Brun,2,Littérature jeunesse
135,Sciences & Nature,Quel serpent venimeux d'Amérique produit un bruit caractéristique en agitant le bout de sa queue ?,Le crotale (serpent à sonnette),1,Reptiles et amphibiens
135,Sports & Loisirs,Quel Suédois Yannick Noah a-t-il battu en finale de Roland-Garros 1983 ?,Mats Wilander,3,Tennis – champions
136,Géographie,Quelle chaîne de montagnes s'étend du Maroc à la Tunisie en passant par l'Algérie ?,L'Atlas,1,Montagnes
136,Divertissement,"Quel film de Laurent Cantet, tourné dans un collège parisien, a remporté la Palme d'or en 2008 ?",Entre les murs,3,Festival de Cannes
136,Histoire,"Quel général allemand, commandant de l'Afrikakorps, était surnommé le « Renard du désert » ?",Erwin Rommel,1,Guerre du désert
136,Arts & Littérature,Quel roman de Mikhaïl Boulgakov met en scène le diable en visite dans le Moscou des années 1930 ?,Le Maître et Marguerite,2,Littérature russe
136,Sciences & Nature,Comment appelle-t-on le petit de l'oie ?,L'oison,2,Noms des petits
136,Sports & Loisirs,Quel trophée est remis au vainqueur de la Coupe du monde de rugby ?,Le trophée Webb-Ellis,2,Rugby – compétitions
137,Géographie,Dans quel quartier d'affaires de l'ouest parisien se dresse la Grande Arche ?,La Défense,1,Monuments
137,Divertissement,Quel acteur incarne Superman dans le film de Richard Donner sorti en 1978 ?,Christopher Reeve,3,Super-héros
137,Histoire,Comment s'appelait le cheval d'Alexandre le Grand ?,Bucéphale,1,Grèce antique
137,Arts & Littérature,Quel peintre de la cour d'Espagne s'est représenté à son chevalet dans « Les Ménines » ?,Diego Velázquez,2,Tableaux célèbres
137,Sciences & Nature,Comment s'appelle la large bande de fibres nerveuses qui relie les deux hémisphères cérébraux ?,Le corps calleux,2,Cerveau et nerfs
137,Sports & Loisirs,"Quel joueur français a remporté trois Ballons d'or consécutifs, de 1983 à 1985 ?",Michel Platini,1,Football – champions
138,Géographie,"Quel fleuve australien forme, avec son affluent le Darling, le principal bassin hydrographique du pays ?",Le Murray,3,Océanie
138,Divertissement,Quelle grenouille verte présente le « Muppet Show » ?,Kermit,1,Émissions
138,Histoire,En quelle année l'Union soviétique a-t-elle été dissoute ?,1991,1,Fin de la guerre froide
138,Arts & Littérature,"Quel peintre italien, père de la peinture métaphysique, a peint des places désertes aux arcades inquiétantes ?",Giorgio De Chirico,3,Art moderne
138,Sciences & Nature,"Quelle vitamine, fabriquée par la peau sous l'effet du soleil, favorise la fixation du calcium sur les os ?",La vitamine D,1,Nutrition
138,Sports & Loisirs,"Quel point de broderie, formé de deux traits obliques croisés, sert à réaliser des motifs sur toile quadrillée ?",Le point de croix,1,Loisirs créatifs
139,Géographie,Quelle cité-État se trouve à la pointe sud de la péninsule Malaise ?,Singapour,1,Asie
139,Divertissement,Quel groupe de Damon Albarn était le grand rival d'Oasis dans la « bataille de la britpop » en 1995 ?,Blur,2,Britpop
139,Histoire,Quel président mexicain d'origine zapotèque résiste à l'intervention française des années 1860 ?,Benito Juárez,3,Amérique latine
139,Arts & Littérature,Comment s'appelle l'épouse d'Ulysse qui défait chaque nuit la toile tissée le jour pour éloigner ses prétendants ?,Pénélope,1,Épopées antiques
139,Sciences & Nature,"Quel métal précieux, plus dense que l'or, est très utilisé dans les pots catalytiques ?",Le platine,2,Chimie : éléments
139,Sports & Loisirs,Quel sport de glisse consiste à se faire tracter sur une planche par une grande aile de traction ?,Le kitesurf,1,Voile
140,Géographie,Quel fleuve sacré de l'Inde se jette dans le golfe du Bengale ?,Le Gange,1,Asie
140,Divertissement,Quel duo électro français a sorti « D.A.N.C.E. » en 2007 ?,Justice,3,Électro
140,Histoire,Comment appelle-t-on la rencontre fastueuse de 1520 entre François Ier et Henri VIII près de Calais ?,Le camp du Drap d'or,2,François Ier
140,Arts & Littérature,"Quel poète de la Renaissance a écrit « Mignonne, allons voir si la rose » ?",Pierre de Ronsard,1,Poésie
140,Sciences & Nature,"Quel courant de la psychologie, lancé par John B. Watson en 1913, ne s'intéresse qu'aux comportements observables ?",Le béhaviorisme,2,Psychologie
140,Sports & Loisirs,"Quel grimpeur italien, surnommé « le Pirate », a remporté le Tour de France 1998 ?",Marco Pantani,2,Cyclisme – champions
141,Géographie,Dans quelle ville de la Côte d'Azur se trouve la Promenade des Anglais ?,Nice,1,Villes
141,Divertissement,Quelle chanson de Rick Astley est au cœur du canular internet appelé « Rickroll » ?,Never Gonna Give You Up,2,Internet
141,Histoire,"Quel général allemand, gouverneur militaire de Paris, a signé la reddition de la ville le 25 août 1944 ?",Dietrich von Choltitz,3,Libération
141,Arts & Littérature,"Quel écrivain a publié en 2000 son premier roman à succès, « Et si c'était vrai… » ?",Marc Levy,1,Romans contemporains
141,Sciences & Nature,"Comment appelle-t-on la couche extérieure de l'atmosphère du Soleil, visible lors des éclipses totales ?",La couronne,3,Astronomie : Soleil et étoiles
141,Sports & Loisirs,Comment appelle-t-on le coup qui fait passer la balle en hauteur au-dessus d'un adversaire monté au filet ?,Un lob,1,Tennis – vocabulaire
142,Géographie,"Comment appelle-t-on l'ancien palais impérial de Pékin, longtemps fermé au commun des mortels ?",La Cité interdite,1,Monuments et sites
142,Divertissement,"Quelle série courte de M6 suit la vie de plusieurs couples, dont les vieux chamailleurs Raymond et Huguette ?",Scènes de ménages,2,Séries françaises
142,Histoire,Quel souverain est traditionnellement considéré comme l'unificateur de la Haute et de la Basse-Égypte ?,Narmer (ou Ménès),3,Égypte ancienne
142,Arts & Littérature,Dans quelle fable de La Fontaine lit-on « Rien ne sert de courir ; il faut partir à point » ?,Le Lièvre et la Tortue,1,Fables
142,Sciences & Nature,"Comment appelle-t-on un polygone à huit côtés, forme des panneaux « stop » ?",Un octogone,1,Mathématiques
142,Sports & Loisirs,Quel écrivain écossais a publié en 1879 le récit de sa randonnée avec une ânesse dans les Cévennes ?,Robert Louis Stevenson,3,Voyages
143,Géographie,Quelle est la plus grande île de l'archipel japonais ?,Honshu,2,Asie
143,Divertissement,Quel groupe de rock français a connu son premier grand succès avec « L'Aventurier » en 1982 ?,Indochine,1,Rock français
143,Histoire,Quel général argentin franchit les Andes en 1817 pour libérer le Chili ?,José de San Martín,2,Amérique latine
143,Arts & Littérature,Quel photographe américain est célèbre pour ses paysages en noir et blanc du parc de Yosemite ?,Ansel Adams,2,Photographie
143,Sciences & Nature,Quel biologiste allemand a inventé le mot « écologie » en 1866 ?,Ernst Haeckel,3,Écologie
143,Sports & Loisirs,"Quelle grande poêle creuse, à fond arrondi, est l'ustensile emblématique de la cuisine chinoise ?",Le wok,1,Vocabulaire culinaire
144,Géographie,"Quelle minuscule république insulaire du Pacifique, sans capitale officielle, a été enrichie puis ruinée par le phosphate ?",Nauru,3,Océanie
144,Divertissement,Comment s'appelle le petit chien blanc d'Obélix ?,Idéfix,1,BD franco-belge
144,Histoire,Quel réformateur tchèque fut brûlé comme hérétique lors du concile de Constance en 1415 ?,Jan Hus,2,Église médiévale
144,Arts & Littérature,Quel écrivain pragois de langue allemande a écrit « La Métamorphose » et « Le Procès » ?,Franz Kafka,1,Littérature allemande
144,Sciences & Nature,"Quel chimiste suédois a proposé, au début du XIXe siècle, de noter les éléments par les initiales de leur nom latin ?",Jöns Jacob Berzelius,3,Chimie : histoire
144,Sports & Loisirs,Quel nom portaient les voiliers successifs d'Éric Tabarly ?,Pen Duick,1,Voile
145,Géographie,Dans quel pays se dresse le Kilimandjaro ?,La Tanzanie,1,Montagnes
145,Divertissement,De quel romancier est adaptée la saga télévisée « Les Rois maudits » ?,Maurice Druon,2,Séries françaises
145,Histoire,"Quelle unité de compte européenne, créée en 1979, a précédé l'euro ?",L'écu,2,Construction européenne
145,Arts & Littérature,"Dans quelle pièce de Sartre un personnage conclut-il « L'enfer, c'est les autres » ?",Huis clos,2,Théâtre
145,Sciences & Nature,"Quel physicien français a présenté en 1679 un « digesteur », ancêtre de l'autocuiseur ?",Denis Papin,2,Inventeurs
145,Sports & Loisirs,Comment appelle-t-on la technique consistant à plonger brièvement un aliment dans l'eau bouillante ?,Blanchir,2,Vocabulaire culinaire
146,Géographie,"Quelle ville de Lorraine a vu ses places Stanislas, de la Carrière et d'Alliance inscrites à l'UNESCO ?",Nancy,1,Patrimoine UNESCO
146,Divertissement,Quel acteur autrichien incarne le colonel SS Hans Landa dans « Inglourious Basterds » (2009) ?,Christoph Waltz,3,Acteurs
146,Histoire,Comment appelait-on la grande unité de l'armée romaine forte d'environ 5 000 fantassins ?,La légion,1,Rome antique
146,Arts & Littérature,Quelle épopée nationale finlandaise a été compilée au XIXe siècle par Elias Lönnrot ?,Le Kalevala,3,Épopées médiévales
146,Sciences & Nature,Quel minuscule oiseau est capable de voler en marche arrière ?,Le colibri (oiseau-mouche),1,Oiseaux
146,Sports & Loisirs,Comment appelle-t-on la zone peinte située sous le panier ?,La raquette,1,Basket – vocabulaire
147,Géographie,"Quel supercontinent austral regroupait l'Amérique du Sud, l'Afrique, l'Inde, l'Australie et l'Antarctique ?",Le Gondwana,2,Plaques et séismes
147,Divertissement,"Quelle console portable de Nintendo, sortie en 2004, possédait deux écrans dont un tactile ?",La Nintendo DS,2,Jeux vidéo
147,Histoire,Quel philosophe théorise la séparation des pouvoirs dans De l'esprit des lois ?,Montesquieu,1,Lumières
147,Arts & Littérature,Quel écrivain franco-libanais a obtenu le prix Goncourt en 1993 pour « Le Rocher de Tanios » ?,Amin Maalouf,2,Prix Goncourt
147,Sciences & Nature,"Quel nom donne-t-on au Québec à l'élan, le plus grand des cervidés ?",L'orignal,2,Mammifères
147,Sports & Loisirs,Quel biathlète français a remporté cinq médailles d'or olympiques entre 2014 et 2018 ?,Martin Fourcade,1,Sports d'hiver
148,Géographie,Quel volcan indonésien a connu une éruption cataclysmique en août 1883 ?,Le Krakatoa,1,Volcans
148,Divertissement,Quelle actrice américaine joue Katniss Everdeen dans « Hunger Games » ?,Jennifer Lawrence,2,Acteurs
148,Histoire,Quelle bataille de juillet 1943 en Russie est souvent présentée comme le plus grand affrontement de chars de l'histoire ?,La bataille de Koursk,3,Front de l'Est
148,Arts & Littérature,"Dans quelle ville se trouve le Rijksmuseum, qui expose « La Ronde de nuit » ?",Amsterdam,1,Musées
148,Sciences & Nature,Quel arbre originaire d'Amazonie fournit le latex du caoutchouc naturel ?,L'hévéa,2,Arbres
148,Sports & Loisirs,"Quel plat milanais consiste en jarret de veau tranché avec son os à moelle, puis braisé ?",L'osso buco,2,Cuisine du monde
149,Géographie,Quelle île du Finistère est la terre habitée la plus occidentale de France métropolitaine ?,Ouessant,2,Îles
149,Divertissement,Comment s'appelle le navire aux voiles noires du capitaine Jack Sparrow dans « Pirates des Caraïbes » ?,Le Black Pearl,2,Sagas
149,Histoire,Quel leader indépendantiste est devenu en 1957 le premier dirigeant du Ghana ?,Kwame Nkrumah,2,Décolonisation
149,Arts & Littérature,"Selon le proverbe, quel oiseau ne fait pas le printemps à lui seul ?",L'hirondelle,1,Expressions
149,Sciences & Nature,Quelle est la durée de vie moyenne d'un globule rouge humain ?,Environ 120 jours,3,Sang
149,Sports & Loisirs,"Dans quelle ville se sont tenus les premiers Jeux olympiques de l'ère moderne, en 1896 ?",Athènes,1,Jeux olympiques
150,Géographie,Quelle station balnéaire du Calvados accueille chaque année un festival du cinéma américain ?,Deauville,1,Villes
150,Divertissement,Dans quelle ville l'inspecteur Derrick mène-t-il ses enquêtes ?,Munich,2,Séries internationales
150,Histoire,Quelle Sri-Lankaise est devenue en 1960 la première femme au monde à diriger un gouvernement ?,Sirimavo Bandaranaike,3,Personnalités
150,Arts & Littérature,Quel dramaturge grec a écrit la tragédie « Œdipe roi » ?,Sophocle,2,Grands textes antiques
150,Sciences & Nature,Quel est le nom scientifique de l'être humain moderne ?,Homo sapiens,1,Classification
150,Sports & Loisirs,À la mode de quelle ville normande prépare-t-on les tripes les plus célèbres de France ?,Caen,2,Cuisine régionale
151,Géographie,Quelle est la ville la plus peuplée du Québec ?,Montréal,1,Québec
151,Divertissement,Quel cinéaste italien a réalisé « La dolce vita » (1960) avec Marcello Mastroianni ?,Federico Fellini,2,Cinéma européen
151,Histoire,"Quelle jeune esclave chrétienne, martyrisée à Lyon en 177, fut livrée aux bêtes dans l'amphithéâtre ?",Blandine,3,Gaule
151,Arts & Littérature,Que met-on « avant les bœufs » quand on fait les choses dans le mauvais ordre ?,La charrue,1,Expressions
151,Sciences & Nature,"Quel métal, qui possède le point de fusion le plus élevé, formait le filament des ampoules à incandescence ?",Le tungstène,2,Chimie : éléments
151,Sports & Loisirs,"Quelle grande voile ballonnée, souvent colorée, hisse-t-on à l'avant d'un voilier pour naviguer vent arrière ?",Le spinnaker,2,Voile
152,Géographie,Quelle couleur figure au-dessus du blanc sur le drapeau de Monaco ?,Le rouge,1,Monaco
152,Divertissement,Comment s'appelle la sorcière qui terrorise le village dans « Kirikou et la Sorcière » ?,Karaba,3,Animation
152,Histoire,Quelle guerre éclate en 1701 après l'accession d'un Bourbon au trône espagnol ?,La guerre de Succession d'Espagne,2,Louis XIV
152,Arts & Littérature,"Dans quelle ville de Lombardie ont travaillé les grands luthiers Amati, Guarneri et Stradivari ?",Crémone,2,Instruments
152,Sciences & Nature,Quel mammifère australien pond des œufs et possède un bec semblable à celui d'un canard ?,L'ornithorynque,1,Mammifères
152,Sports & Loisirs,"Sous quel autre nom commercial connaît-on le reversi, jeu de pions bicolores que l'on retourne ?",Othello,2,Jeux de société
153,Géographie,"Quelle ville est la capitale officielle de la Tanzanie, à la place de Dar es Salaam ?",Dodoma,3,Capitales
153,Divertissement,Quelle chanteuse américaine est surnommée « Queen B » ?,Beyoncé,1,R&B
153,Histoire,Comment appelle-t-on la purge sanglante des chefs de la SA ordonnée par Hitler fin juin 1934 ?,La Nuit des longs couteaux,2,Allemagne nazie
153,Arts & Littérature,"Dans la pièce de Shakespeare, de quel pays Hamlet est-il le prince ?",Le Danemark,1,Littérature anglaise
153,Sciences & Nature,Comment appelle-t-on la méthode de datation fondée sur l'étude des cernes de croissance des arbres ?,La dendrochronologie,3,Arbres
153,Sports & Loisirs,"Au baseball, combien de prises (strikes) entraînent l'élimination du frappeur ?",Trois,1,Vocabulaire et règles
154,Géographie,Quelle montagne proche d'Aix-en-Provence Paul Cézanne a-t-il peinte à de nombreuses reprises ?,La montagne Sainte-Victoire,1,Montagnes
154,Divertissement,Quel est le titre original américain du film « SOS Fantômes » (1984) ?,Ghostbusters,2,Titres originaux
154,Histoire,"Quel banquier genevois, ministre de Louis XVI, publie en 1781 un Compte rendu au roi sur les finances ?",Jacques Necker,3,Louis XVI
154,Arts & Littérature,"Quel danseur soviétique, passé à l'Ouest en 1961 à l'aéroport du Bourget, a ensuite dirigé le ballet de l'Opéra de Paris ?",Rudolf Noureev,1,Danse
154,Sciences & Nature,Quel est le nom anatomique moderne de l'omoplate ?,La scapula,2,Os et squelette
154,Sports & Loisirs,Quel pilote et organisateur français a créé le rallye-raid Paris-Dakar à la fin des années 1970 ?,Thierry Sabine,2,Sports mécaniques
155,Géographie,"Quelle ville est la capitale officielle du Bénin, bien que le gouvernement siège à Cotonou ?",Porto-Novo,3,Capitales
155,Divertissement,Quel druide prépare la potion magique dans le village d'Astérix ?,Panoramix,1,BD franco-belge
155,Histoire,"Quelle phrase célèbre, sans doute apocryphe, est attribuée à Henri IV lors de sa conversion au catholicisme ?",« Paris vaut bien une messe »,1,Henri IV
155,Arts & Littérature,"Quel artiste américain a créé les « Balloon Dogs », chiens en acier inoxydable imitant des ballons ?",Jeff Koons,2,Art contemporain
155,Sciences & Nature,Quel est le seul non-métal liquide à température ambiante ?,Le brome,3,Chimie : éléments
155,Sports & Loisirs,Quelle « distinction » peu enviable reçoit l'équipe qui perd tous ses matchs du Tournoi des Six Nations ?,La cuillère de bois,1,Rugby – vocabulaire
156,Géographie,Quel arbre vert figure au centre du drapeau libanais ?,Un cèdre,1,Drapeaux
156,Divertissement,"Quel est le titre officiel de l'« Album blanc » des Beatles, sorti en 1968 ?",The Beatles,3,Albums
156,Histoire,"Quel diplomate français, entrepreneur du canal de Suez, assiste à son inauguration en 1869 ?",Ferdinand de Lesseps,1,Colonisation
156,Arts & Littérature,Quel artiste niçois a déposé en 1960 la formule d'un bleu outremer intense appelé IKB ?,Yves Klein,2,Art contemporain
156,Sciences & Nature,Comment s'appelle la substance gélatineuse et transparente qui remplit l'essentiel du globe oculaire ?,Le corps vitré (humeur vitrée),3,Sens : la vue
156,Sports & Loisirs,De quelle ville française la toile « denim » tirerait-elle son nom ?,Nîmes,1,Mode
157,Géographie,Quel bassin de Gironde est célèbre pour ses huîtres et son île aux Oiseaux ?,Le bassin d'Arcachon,1,Côtes
157,Divertissement,Quelle série de David Lynch commence par la découverte du corps de Laura Palmer ?,Twin Peaks,2,Séries américaines
157,Histoire,"Quel concile, ouvert en 1545, organise la Réforme catholique ?",Le concile de Trente,2,Réforme
157,Arts & Littérature,"Quel écrivain français, auteur de la saga « Les Thibault », reçut le prix Nobel de littérature en 1937 ?",Roger Martin du Gard,3,Prix Nobel de littérature
157,Sciences & Nature,Quelle partie colorée de l'œil règle le diamètre de la pupille ?,L'iris,1,Sens : la vue
157,Sports & Loisirs,"Quelle fête de Valence, en Espagne, se termine en mars par l'embrasement de gigantesques statues ?",Les Fallas,2,Fêtes et traditions
158,Géographie,Sur quel mont de l'est de la Turquie l'arche de Noé se serait-elle échouée selon la Bible ?,Le mont Ararat,1,Montagnes
158,Divertissement,"Quel studio français, fondé par David Cage, a développé « Heavy Rain » et « Detroit: Become Human » ?",Quantic Dream,3,Jeux vidéo
158,Histoire,Quelle cité sumérienne est présentée par la Bible comme la patrie d'Abraham ?,Ur,2,Mésopotamie et Proche-Orient
158,Arts & Littérature,Dans quelle ville se trouve le musée de l'Ermitage ?,Saint-Pétersbourg,1,Musées
158,Sciences & Nature,"Quel savant anglais a employé le premier le mot « cellule » en 1665, en observant du liège ?",Robert Hooke,2,Cellule
158,Sports & Loisirs,Quel pays a remporté la Coupe du monde 1970 au Mexique ?,Le Brésil,2,Football – Coupe du monde
159,Géographie,Quelle monnaie les Danois ont-ils choisi de conserver en rejetant l'euro par référendum en 2000 ?,La couronne danoise,2,Monnaies
159,Divertissement,Pendant quel événement se déroule l'intrigue de « La Cité de la peur » (1994) ?,Le Festival de Cannes,2,Comédies françaises
159,Histoire,"Quel dirigeant socialiste, fondateur de L'Humanité, est assassiné le 31 juillet 1914 ?",Jean Jaurès,1,IIIe République
159,Arts & Littérature,"Comment Apollinaire a-t-il appelé ses poèmes dont les vers dessinent des formes (pluie, cravate, tour Eiffel) ?",Calligrammes,2,Poésie
159,Sciences & Nature,Comment appelle-t-on la tendance à moins porter secours à une victime lorsque de nombreux témoins sont présents ?,L'effet du témoin (effet spectateur),3,Psychologie
159,Sports & Loisirs,Comment appelle-t-on l'équivalent du penalty au handball ?,Le jet de 7 mètres,1,Handball – règles
160,Géographie,"Quelle station de Seine-Maritime est célèbre pour ses falaises, ses arches et son « Aiguille creuse » ?",Étretat,1,Côtes
160,Divertissement,"Quel acteur incarne Philippe, le riche tétraplégique d'« Intouchables » (2011) ?",François Cluzet,2,Acteurs
160,Histoire,Quel fils de Charles Martel devint en 751 le premier roi carolingien ?,Pépin le Bref,2,Mérovingiens et Carolingiens
160,Arts & Littérature,"Quel poète romantique a écrit « El Desdichado » (« Je suis le Ténébreux, – le Veuf, – l'Inconsolé ») ?",Gérard de Nerval,3,Poésie
160,Sciences & Nature,"Comment appelle-t-on la plus petite unité d'information en informatique, qui vaut 0 ou 1 ?",Le bit,1,Informatique
160,Sports & Loisirs,"Dans quel jeu de société faut-il découvrir le coupable, l'arme et la pièce du crime commis dans un manoir ?",Le Cluedo,1,Jeux de société
161,Géographie,Dans quel pays se trouve le temple d'Angkor Vat ?,Le Cambodge,1,Monuments et sites
161,Divertissement,Quel producteur de télévision a créé le jeu « Des chiffres et des lettres » ?,Armand Jammot,3,Jeux télé
161,Histoire,Quel immense temple khmer du XIIe siècle est représenté sur le drapeau du Cambodge ?,Angkor Vat,1,Asie médiévale
161,Arts & Littérature,"Quel poète et savant persan est l'auteur des « Robaïyat », célèbres quatrains sur le vin et la brièveté de la vie ?",Omar Khayyam,3,Littérature persane
161,Sciences & Nature,Comment appelle-t-on la faculté d'un animal inoffensif à imiter l'apparence d'une espèce dangereuse ?,Le mimétisme,1,Évolution
161,Sports & Loisirs,Quel sélectionneur a mené le XV de France au Grand Chelem dans le Tournoi 2022 ?,Fabien Galthié,2,Rugby – sélections
162,Géographie,Quelle ancienne capitale royale polonaise est dominée par le château du Wawel ?,Cracovie,2,Villes
162,Divertissement,Dans quel jeu télévisé un candidat annonce-t-il « Le compte est bon » ?,Des chiffres et des lettres,1,Jeux télé
162,Histoire,Quel savant de Cyrène a estimé la circonférence de la Terre au IIIe siècle av. J.-C. ?,Ératosthène,3,Grèce antique
162,Arts & Littérature,Quelles bottes magiques le Petit Poucet dérobe-t-il à l'ogre ?,Les bottes de sept lieues,1,Contes
162,Sciences & Nature,D'après quel roi viking du Xe siècle la technologie sans fil Bluetooth a-t-elle été nommée ?,Harald à la Dent bleue,2,Télécommunications
162,Sports & Loisirs,Quelle course d'aviron oppose chaque printemps sur la Tamise les universités d'Oxford et de Cambridge ?,La Boat Race,2,Vocabulaire et règles
163,Géographie,Quel grand lac de barrage sur le Zambèze est partagé entre la Zambie et le Zimbabwe ?,Le lac Kariba,3,Lacs
163,Divertissement,Quel criminel au visage blanc de clown est le pire ennemi de Batman ?,Le Joker,1,Comics
163,Histoire,Quels deux partis princiers s'affrontèrent dans la guerre civile française du début du XVe siècle ?,Armagnacs et Bourguignons,2,Guerre de Cent Ans
163,Arts & Littérature,Quel écrivain russe a écrit « Guerre et Paix » ?,Léon Tolstoï,1,Littérature russe
163,Sciences & Nature,"Quelle région du cerveau régule la faim, la soif et la température corporelle ?",L'hypothalamus,3,Cerveau et nerfs
163,Sports & Loisirs,Quelles sont les quatre couleurs d'un jeu de cartes français ?,"Pique, cœur, carreau, trèfle",1,Jeux de cartes
164,Géographie,Quel détroit sépare l'Australie de la Nouvelle-Guinée ?,Le détroit de Torres,3,Détroits et canaux
164,Divertissement,Comment s'appelle le cheval blanc de Lucky Luke ?,Jolly Jumper,1,BD franco-belge
164,Histoire,Quelle insurrection royaliste et catholique éclate dans l'Ouest de la France en mars 1793 ?,La guerre de Vendée,1,Révolution française
164,Arts & Littérature,Quel roman de Charlotte Brontë a pour héroïne une gouvernante amoureuse de M. Rochester ?,Jane Eyre,2,Littérature anglaise
164,Sciences & Nature,"Quel est le premier parc national créé en France, en 1963 ?",Le parc national de la Vanoise,2,Écologie
164,Sports & Loisirs,"Au badminton, comment appelle-t-on le projectile que se renvoient les joueurs ?",Le volant,1,Vocabulaire et règles
165,Géographie,Quelle est la capitale de la Jordanie ?,Amman,2,Capitales
165,Divertissement,Quelle chanteuse française a terminé deuxième de l'Eurovision 2021 avec « Voilà » ?,Barbara Pravi,2,Eurovision
165,Histoire,"Quel surnom est resté attaché à l'impératrice Élisabeth d'Autriche, épouse de François-Joseph ?",Sissi,1,Europe au XIXe siècle
165,Arts & Littérature,Quel architecte américain a construit la « Maison sur la cascade » (Fallingwater) en Pennsylvanie ?,Frank Lloyd Wright,2,Architectes
165,Sciences & Nature,Dans quel pays a été réalisée en 2005 la première greffe partielle du visage ?,La France (Amiens),2,Chirurgie
165,Sports & Loisirs,Quel pays a remporté l'Euro 1976 grâce à un tir au but piqué resté célèbre ?,La Tchécoslovaquie,3,Football – Euro
166,Géographie,Dans quelle ville du Nord le musée La Piscine est-il installé dans d'anciens bains Art déco ?,Roubaix,2,Villes
166,Divertissement,Quelle série d'anthologie britannique de Charlie Brooker explore les dérives des nouvelles technologies ?,Black Mirror,2,Séries britanniques
166,Histoire,Quel navigateur génois atteignit l'Amérique en 1492 ?,Christophe Colomb,1,Péninsule ibérique et découvertes
166,Arts & Littérature,Sous quel pseudonyme Jean Giraud signait-il ses bandes dessinées de science-fiction ?,Mœbius,2,Bande dessinée
166,Sciences & Nature,Quel satellite a permis en juillet 1962 la première retransmission télévisée en direct entre les États-Unis et la France ?,Telstar,3,Télécommunications
166,Sports & Loisirs,Combien de points rapporte une pénalité réussie au rugby à XV ?,3 points,1,Rugby – règles
167,Géographie,Quel col célèbre relie le Pakistan à l'Afghanistan ?,La passe de Khyber,2,Asie
167,Divertissement,Comment s'appelle le vaisseau spatial du capitaine Kirk dans la série « Star Trek » ?,L'Enterprise,1,Séries américaines
167,Histoire,Quel physicien a dirigé le laboratoire de Los Alamos où fut conçue la bombe atomique ?,Robert Oppenheimer,2,Fin de la guerre
167,Arts & Littérature,Quel festival international de photojournalisme se tient chaque année à Perpignan ?,Visa pour l'image,3,Photographie
167,Sciences & Nature,Dans quelle centrale nucléaire d'Ukraine s'est produite la catastrophe d'avril 1986 ?,Tchernobyl,1,Écologie
167,Sports & Loisirs,De quelle couleur est l'anneau placé au centre de la rangée supérieure du drapeau olympique ?,Noir,2,Jeux olympiques
168,Géographie,Quelle basilique blanche domine la butte Montmartre ?,Le Sacré-Cœur,1,Monuments
168,Divertissement,Quel bluesman appelait sa guitare « Lucille » ?,B.B. King,2,Blues
168,Histoire,"Quel poète est guillotiné le 25 juillet 1794, deux jours avant la chute de Robespierre ?",André Chénier,3,Révolution française
168,Arts & Littérature,Quel peintre surréaliste espagnol a représenté des montres molles dans « La Persistance de la mémoire » ?,Salvador Dalí,1,Tableaux célèbres
168,Sciences & Nature,"Par quelle lettre grecque désigne-t-on souvent le nombre d'or, environ 1,618 ?",Phi (φ),2,Mathématiques
168,Sports & Loisirs,Quelle ville norvégienne a accueilli en 1994 les premiers Jeux d'hiver décalés de deux ans par rapport aux Jeux d'été ?,Lillehammer,2,Villes olympiques
169,Géographie,Comment appelle-t-on les habitants de Troyes ?,Les Troyens,2,Gentilés
169,Divertissement,"Quel capitaine de marine, ami de Tintin, jure « Mille millions de mille sabords » ?",Le capitaine Haddock,1,BD franco-belge
169,Histoire,Quelle archiduchesse autrichienne Napoléon épouse-t-il en 1810 ?,Marie-Louise,2,Napoléon
169,Arts & Littérature,Quel est le montant symbolique du chèque remis au lauréat du prix Goncourt ?,10 euros,2,Prix littéraires
169,Sciences & Nature,Quel vent froid de nord-ouest souffle sur le Roussillon et le Languedoc ?,La tramontane,2,Météorologie
169,Sports & Loisirs,"Quel fromage italien à pâte dure, affiné au moins douze mois, est produit notamment autour de Parme et de Reggio d'Émilie ?",Le parmesan (parmigiano reggiano),1,Fromages
170,Géographie,"Quel est le plus grand lac d'Europe, situé en Russie au nord-est de Saint-Pétersbourg ?",Le lac Ladoga,3,Lacs
170,Divertissement,"Dans « La Reine des neiges » (2013), comment s'appelle la sœur cadette d'Elsa ?",Anna,1,Animation
170,Histoire,Quel temple dédié à Athéna domine l'Acropole d'Athènes ?,Le Parthénon,1,Grèce antique
170,Arts & Littérature,"Comment appelle-t-on la danse urbaine née à New York dans les années 1970, avec des figures au sol comme le headspin ?",Le breakdance,2,Danse
170,Sciences & Nature,Quelle fille de Marie Curie a reçu le prix Nobel de chimie en 1935 avec son mari ?,Irène Joliot-Curie,2,Grands scientifiques
170,Sports & Loisirs,"Quelle fête juive des lumières dure huit jours, marqués par l'allumage progressif d'un chandelier ?",Hanoucca,2,Fêtes et traditions
171,Géographie,"Quel continent est à la fois le plus froid, le plus sec et le plus venteux ?",L'Antarctique,1,Pôles
171,Divertissement,Quel film de Jacques Tati a remporté l'Oscar du meilleur film en langue étrangère en 1959 ?,Mon oncle,3,Oscars
171,Histoire,Quel poète florentin a écrit la « Divine Comédie » ?,Dante,1,Culture médiévale
171,Arts & Littérature,Quel dramaturge russe a écrit « La Cerisaie » et « Les Trois Sœurs » ?,Anton Tchekhov,2,Littérature russe
171,Sciences & Nature,La carence en quelle vitamine provoque le béribéri ?,La vitamine B1 (thiamine),3,Maladies
171,Sports & Loisirs,"Comment appelle-t-on la course à pied disputée en terrain varié, souvent l'hiver dans la boue et les prés ?",Le cross-country,1,Athlétisme
172,Géographie,Quelle ville est le chef-lieu de la Martinique ?,Fort-de-France,1,Outre-mer
172,Divertissement,Comment s'appelle le valet français de Phileas Fogg dans « Le Tour du monde en quatre-vingts jours » ?,Passepartout,2,Personnages de fiction
172,Histoire,Quelle loi franque fut invoquée au XIVe siècle pour écarter les femmes de la succession au trône de France ?,La loi salique,2,Capétiens
172,Arts & Littérature,"Quel texte en prose est le seul livre que Rimbaud ait fait imprimer lui-même, en 1873 ?",Une saison en enfer,3,Poésie
172,Sciences & Nature,Quel nom donne-t-on à l'arc de volcans et de zones sismiques qui entoure l'océan Pacifique ?,La ceinture de feu,1,Géologie
172,Sports & Loisirs,Quelle est la longueur d'un bassin olympique ?,50 m,1,Natation
173,Géographie,Quel vestige du Second Temple à Jérusalem est le principal lieu de prière du judaïsme ?,Le mur des Lamentations,1,Monuments
173,Divertissement,"En quelle année s'est tenue la première édition du Festival de Cannes, initialement prévue en 1939 ?",1946,3,Festival de Cannes
173,Histoire,Quel capitaine juif est injustement condamné pour trahison en 1894 ?,Alfred Dreyfus,1,Affaire Dreyfus
173,Arts & Littérature,"Quel roman de Leïla Slimani, qui s'ouvre sur la mort de deux enfants, a obtenu le prix Goncourt en 2016 ?",Chanson douce,2,Prix Goncourt
173,Sciences & Nature,Combien de dents de lait possède un enfant ?,20,2,Dents
173,Sports & Loisirs,Quel nom donne-t-on à la défaite du Brésil face à l'Uruguay au Maracanã lors de la Coupe du monde 1950 ?,Le Maracanazo,3,Football – Coupe du monde
174,Géographie,Quel détroit stratégique relie le golfe Persique au golfe d'Oman ?,Le détroit d'Ormuz,2,Mers et détroits
174,Divertissement,"Quel jeu de tennis de table électronique, sorti en 1972, fut le premier grand succès d'Atari ?",Pong,2,Jeux vidéo
174,Histoire,En quelle année Constantinople tomba-t-elle aux mains des Ottomans ?,1453,1,Byzance
174,Arts & Littérature,Sous quel nom Ulysse se présente-t-il au cyclope pour mieux le duper ?,Personne,2,Épopées antiques
174,Sciences & Nature,Comment appelle-t-on la copie d'un gène d'ADN en ARN ?,La transcription,2,Génétique
174,Sports & Loisirs,Quel petit insecte venu d'Amérique a ravagé le vignoble français à partir des années 1860 ?,Le phylloxéra,2,Vins
175,Géographie,Quelle cathédrale gothique d'Eure-et-Loir est célèbre pour ses vitraux au bleu inimitable ?,Chartres,1,Patrimoine UNESCO
175,Divertissement,Quel film de Wes Anderson (2014) a pour héros le concierge d'hôtel Monsieur Gustave ?,The Grand Budapest Hotel,3,Cinéma international
175,Histoire,"Quelle première épouse de Napoléon, née en Martinique, est répudiée faute de lui avoir donné un héritier ?",Joséphine de Beauharnais,1,Napoléon
175,Arts & Littérature,Quel écrivain britannique a publié « Le Meilleur des mondes » en 1932 ?,Aldous Huxley,2,Littérature anglaise
175,Sciences & Nature,Quel mathématicien russe a démontré la conjecture de Poincaré et refusé la médaille Fields en 2006 ?,Grigori Perelman,3,Mathématiques
175,Sports & Loisirs,Quel club français a remporté la Ligue des champions en 1993 ?,L'Olympique de Marseille,1,Football – clubs
176,Géographie,"Quelle ligne imaginaire, qui suit à peu près le 180e méridien, marque le passage d'un jour à l'autre ?",La ligne de changement de date,1,Fuseaux et latitudes
176,Divertissement,Quel chanteur a connu un grand succès avec « Osez Joséphine » en 1991 ?,Alain Bashung,2,Rock français
176,Histoire,Quel roi d'Angleterre fut mortellement blessé par un carreau d'arbalète au siège de Châlus en 1199 ?,Richard Cœur de Lion,2,Angleterre médiévale
176,Arts & Littérature,En combien de cercles l'Enfer de Dante est-il divisé ?,Neuf,2,Littérature italienne
176,Sciences & Nature,"Quelle maladie, due à une carence en vitamine B3, frappait les populations se nourrissant presque uniquement de maïs ?",La pellagre,3,Nutrition
176,Sports & Loisirs,Combien de points rapporte un essai au rugby à XV ?,5 points,1,Rugby – règles
177,Géographie,Quelle ville a servi de capitale provisoire à l'Australie de 1901 à 1927 ?,Melbourne,2,Océanie
177,Divertissement,"Quel label de Detroit a révélé les Supremes, les Temptations et Stevie Wonder ?",Motown,1,Soul
177,Histoire,Quel roi fonda l'Empire perse achéménide et s'empara de Babylone en 539 av. J.-C. ?,Cyrus le Grand,2,Mésopotamie et Proche-Orient
177,Arts & Littérature,Quels sont les trois ordres de l'architecture grecque classique ?,"Dorique, ionique, corinthien",2,Architecture
177,Sciences & Nature,Quels deux astronomes français ont mesuré la méridienne de Dunkerque à Barcelone pour définir le mètre ?,Delambre et Méchain,3,Unités et mesures
177,Sports & Loisirs,Quel stade londonien accueille traditionnellement la finale de la FA Cup ?,Wembley,1,Football – stades
178,Géographie,Quel pays d'Amérique du Sud doit son nom à la ligne imaginaire qui le traverse ?,L'Équateur,1,Amériques
178,Divertissement,"Dans quelle ville californienne, bâtie sur une Bouche de l'Enfer, vit Buffy la tueuse de vampires ?",Sunnydale,3,Séries américaines
178,Histoire,Quel roi du Royaume-Uni a abdiqué en 1936 pour épouser l'Américaine divorcée Wallis Simpson ?,Édouard VIII,2,Personnalités
178,Arts & Littérature,Quelle déesse grecque de la sagesse est sortie tout armée du crâne de Zeus ?,Athéna,1,Mythologie grecque
178,Sciences & Nature,Quel est le nom du trou noir supermassif situé au centre de la Voie lactée ?,Sagittarius A*,3,Astronomie : galaxies
178,Sports & Loisirs,"Quel jeu de dés consiste à réaliser des combinaisons comme le full, le carré ou la grande suite avec cinq dés ?",Le yams (Yahtzee),1,Jeux de société
179,Géographie,"Quelle grande cité maya se dresse dans la jungle du Petén, au Guatemala ?",Tikal,2,Monuments et sites
179,Divertissement,Quel chanteur américain était surnommé le « Parrain de la soul » ?,James Brown,2,Funk
179,Histoire,"Quelle doctrine religieuse, jugée hérétique, fut combattue par la croisade des Albigeois lancée en 1209 ?",Le catharisme,1,Croisade des Albigeois
179,Arts & Littérature,Dans quelle commune de Haute-Saône Le Corbusier a-t-il bâti la chapelle Notre-Dame-du-Haut ?,Ronchamp,3,Architecture
179,Sciences & Nature,Quel ingénieur allemand a donné son nom à un moteur à allumage par compression breveté en 1892 ?,Rudolf Diesel,1,Transports
179,Sports & Loisirs,Combien de points faut-il au minimum pour remporter un tie-break classique ?,7 points,2,Tennis – règles
180,Géographie,Dans quelle ville japonaise proche de Tokyo trône en plein air un grand Bouddha de bronze du XIIIe siècle ?,Kamakura,3,Monuments et sites
180,Divertissement,Dans quelle émission de Canal+ des marionnettes en latex parodiaient-elles l'actualité chaque soir ?,Les Guignols de l'info,1,Émissions
180,Histoire,Dans quelle ville Charlemagne fixa-t-il sa résidence principale et fut-il inhumé ?,Aix-la-Chapelle,2,Mérovingiens et Carolingiens
180,Arts & Littérature,"Quel roman épistolaire de Goethe, paru en 1774, raconte la passion malheureuse d'un jeune homme pour Charlotte ?",Les Souffrances du jeune Werther,1,Littérature allemande
180,Sciences & Nature,"Quelle sonde européenne s'est posée sur Titan, satellite de Saturne, en janvier 2005 ?",Huygens,3,Espace : missions
180,Sports & Loisirs,Quel club de golf utilise-t-on sur le green pour faire rouler la balle jusqu'au trou ?,Le putter,1,Golf
181,Géographie,"Quel pays est l'archipel le plus vaste du monde, avec plus de 17 000 îles ?",L'Indonésie,2,Asie
181,Divertissement,Quel film de Denis Villeneuve (2021) adapte le roman de science-fiction de Frank Herbert ?,Dune,1,Science-fiction
181,Histoire,"Quelle mission, en décembre 1972, fut la dernière du programme Apollo à se poser sur la Lune ?",Apollo 17,3,Conquête spatiale
181,Arts & Littérature,Quel chanteur américain a popularisé le « moonwalk » en 1983 lors d'une émission télévisée ?,Michael Jackson,1,Danse
181,Sciences & Nature,Quelle mission de la NASA a déposé sur Mars en 1997 le petit robot Sojourner ?,Mars Pathfinder,3,Espace : missions
181,Sports & Loisirs,Quelle est la propriété la plus chère du Monopoly dans sa version française classique ?,La rue de la Paix,1,Jeux de société
182,Géographie,Quelle est la capitale de l'Érythrée ?,Asmara,3,Capitales
182,Divertissement,Dans quelle série les agents du FBI Mulder et Scully enquêtent-ils sur le paranormal ?,X-Files,1,Séries américaines
182,Histoire,Quel texte anglais de 1689 limite les pouvoirs du roi au profit du Parlement ?,Le Bill of Rights,2,Angleterre
182,Arts & Littérature,Quel écrivain est l'auteur de « À la recherche du temps perdu » ?,Marcel Proust,1,Romans
182,Sciences & Nature,Quel petit oiseau d'Asie construit avec sa salive des nids utilisés pour préparer une soupe réputée ?,La salangane,3,Oiseaux
182,Sports & Loisirs,Comment surnomme-t-on le coureur classé dernier au classement général du Tour de France ?,La lanterne rouge,1,Cyclisme – vocabulaire
183,Géographie,"Quelle ville, célèbre pour son pont Valentré, est la préfecture du Lot ?",Cahors,2,Préfectures
183,Divertissement,Comment s'appelle la chouette blanche d'Harry Potter ?,Hedwige,1,Sagas
183,Histoire,"Quel ministre de Louis XV, qui dirigea le gouvernement de 1758 à 1770, fut disgracié et exilé dans son château de Chanteloup ?",Le duc de Choiseul,3,Louis XV
183,Arts & Littérature,Quel écrivain irlandais a écrit « Les Voyages de Gulliver » ?,Jonathan Swift,1,Littérature anglaise
183,Sciences & Nature,"Quel savant français, fondateur de l'anatomie comparée, expliquait la disparition des espèces par des catastrophes ?",Georges Cuvier,2,Évolution
183,Sports & Loisirs,Dans quelle ville des Bouches-du-Rhône la pétanque serait-elle née en 1907 ?,La Ciotat,2,Sports insolites
184,Géographie,Quel pays d'Amérique centrale a l'anglais pour seule langue officielle ?,Le Belize,2,Amériques
184,Divertissement,Quelle chanteuse originaire de la Barbade a lancé la marque de cosmétiques Fenty Beauty ?,Rihanna,2,Célébrités de la musique
184,Histoire,Quel orateur athénien s'est opposé à Philippe II de Macédoine dans ses « Philippiques » ?,Démosthène,2,Grèce antique
184,Arts & Littérature,Quel roman de Raymond Queneau a pour héroïne une fillette effrontée qui rêve de prendre le métro ?,Zazie dans le métro,1,Romans
184,Sciences & Nature,Comment appelle-t-on la peur des espaces clos ?,La claustrophobie,1,Psychologie
184,Sports & Loisirs,Quel trophée l'Angleterre et l'Écosse se disputent-elles chaque année lors de leur match du Tournoi ?,La Calcutta Cup,3,Rugby – compétitions
185,Géographie,Quel détroit traverse Istanbul en séparant la rive européenne de la rive asiatique ?,Le Bosphore,1,Mers et détroits
185,Divertissement,Quel rappeur caennais a sorti l'album « La fête est finie » en 2017 ?,Orelsan,2,Rap français
185,Histoire,"Quel lien de parenté unit Louis XV à Louis XIV, auquel il succède en 1715 ?",Arrière-petit-fils,2,Louis XV
185,Arts & Littérature,"Quel poète français a été, en 1901, le tout premier lauréat du prix Nobel de littérature ?",Sully Prudhomme,2,Prix Nobel
185,Sciences & Nature,"Quel effet, décrit en 1999, veut que les moins compétents surestiment le plus leurs capacités ?",L'effet Dunning-Kruger,2,Psychologie
185,Sports & Loisirs,Comment appelle-t-on le four cylindrique en terre cuite utilisé en Inde pour cuire le pain naan ?,Le tandoor,2,Cuisine du monde
186,Géographie,Quelle est la capitale de la Croatie ?,Zagreb,1,Capitales
186,Divertissement,Quel service de renseignement français est au cœur de la série « Le Bureau des légendes » ?,La DGSE,2,Séries françaises
186,Histoire,Comment appelle-t-on les insurgés royalistes de Bretagne et du Maine sous la Révolution ?,Les chouans,2,Révolution française
186,Arts & Littérature,Quelle règle de composition consiste à diviser l'image en neuf parties égales par deux lignes horizontales et deux verticales ?,La règle des tiers,2,Photographie
186,Sciences & Nature,Dans quelle couche de l'atmosphère se trouve l'essentiel de la couche d'ozone ?,La stratosphère,2,Météorologie
186,Sports & Loisirs,Quel club de rugby évolue au stade Marcel-Michelin ?,L'ASM Clermont Auvergne,2,Rugby – stades
187,Géographie,Quel est le plus vaste département de France métropolitaine ?,La Gironde,2,Départements
187,Divertissement,Quel jeu de Naughty Dog suit Joel et Ellie dans une Amérique ravagée par un champignon parasite ?,The Last of Us,2,Jeux vidéo
187,Histoire,Quelle grande exposition organisée en 1931 au bois de Vincennes célébrait l'empire français ?,L'Exposition coloniale,2,France de l'entre-deux-guerres
187,Arts & Littérature,Quelle magicienne de l'« Odyssée » change les compagnons d'Ulysse en pourceaux ?,Circé,1,Épopées antiques
187,Sciences & Nature,"Quel élément chimique forme, avec le chlore, le sel de cuisine ?",Le sodium,1,Nutrition
187,Sports & Loisirs,"Quel couturier espagnol, né au Pays basque et installé à Paris en 1937, était surnommé « le maître » par ses pairs ?",Cristóbal Balenciaga,3,Mode
188,Géographie,Comment appelle-t-on un cyclone tropical dans le nord-ouest du Pacifique ?,Un typhon,1,Climats et milieux
188,Divertissement,Quel garçon malchanceux au pull en zigzag est le maître de Snoopy ?,Charlie Brown,2,Comics
188,Histoire,Quel journal révolutionnaire Jean-Paul Marat publiait-il ?,L'Ami du peuple,3,Révolution française
188,Arts & Littérature,Quel dieu romain du feu et de la forge a donné son nom aux montagnes qui crachent de la lave ?,Vulcain,1,Mythologie romaine
188,Sciences & Nature,"Après la validation de quatre nouveaux éléments fin 2015, combien d'éléments comptait le tableau périodique ?",118,2,Chimie : éléments
188,Sports & Loisirs,Quel Danois a remporté le Tour de France en 2022 et en 2023 ?,Jonas Vingegaard,2,Cyclisme – champions
189,Géographie,Quel canyon de l'Arizona a été creusé par le fleuve Colorado ?,Le Grand Canyon,1,Amériques
189,Divertissement,Quel cinéaste allemand a réalisé « Nosferatu le vampire » (1922) ?,Friedrich Wilhelm Murnau,3,Cinéma muet
189,Histoire,Quelle dynastie d'origine mandchoue succède aux Ming en 1644 ?,Les Qing,2,Asie
189,Arts & Littérature,Quel poète latin a écrit l'« Énéide » à la demande de l'empereur Auguste ?,Virgile,1,Épopées antiques
189,Sciences & Nature,Quel informaticien néerlandais a créé le langage de programmation Python ?,Guido van Rossum,3,Informatique
189,Sports & Loisirs,Quel jeu de casino se joue sur un cylindre à 37 cases numérotées de 0 à 36 ?,La roulette,1,Jeux de hasard
190,Géographie,"Quelle ville marocaine, surnommée « la ville ocre », abrite la place Jemaa el-Fna ?",Marrakech,1,Villes
190,Divertissement,"Dans quel type d'établissement se déroule la sitcom « H » avec Jamel Debbouze, Éric et Ramzy ?",Un hôpital,2,Séries françaises
190,Histoire,"Quelle bataille de 1187, près du lac de Tibériade, vit l'armée des croisés anéantie par Saladin ?",Hattin,3,Monde musulman médiéval
190,Arts & Littérature,"Quelle école fréquente-t-on, selon l'expression, quand on sèche les cours ?",L'école buissonnière,1,Expressions
190,Sciences & Nature,"Quelle glande, surnommée « chef d'orchestre » du système hormonal, est logée sous le cerveau ?",L'hypophyse,2,Hormones et glandes
190,Sports & Loisirs,Quel chef lyonnais a créé en 1987 un concours international de cuisine qui porte son nom ?,Paul Bocuse,2,Histoire de la cuisine
191,Géographie,"Quelle zone de l'Atlantique, au large de la Floride, est associée à de mystérieuses disparitions de navires et d'avions ?",Le triangle des Bermudes,1,Océans et mers
191,Divertissement,"Quel lycéen détective, rajeuni par un poison, se cache sous le nom de Conan Edogawa ?",Shinichi Kudo,3,Mangas
191,Histoire,Quel roi des Huns fut arrêté en 451 à la bataille des champs Catalauniques ?,Attila,1,Rome antique
191,Arts & Littérature,"Quel insecte représentait le dieu égyptien Khépri, incarnation du soleil levant ?",Le scarabée,2,Mythologie égyptienne
191,Sciences & Nature,Quelle maladie virale infantile se manifeste par de petites vésicules qui démangent ?,La varicelle,1,Maladies
191,Sports & Loisirs,"Quel boxeur philippin, devenu sénateur, a été champion du monde dans huit catégories de poids différentes ?",Manny Pacquiao,3,Boxe
192,Géographie,Dans quelle ville suisse se trouve le siège du Comité international olympique ?,Lausanne,1,Suisse
192,Divertissement,"Dans quel village du Lot-et-Garonne vit Francis Cabrel, qui y organise des rencontres d'auteurs ?",Astaffort,3,Célébrités de la chanson
192,Histoire,Quel émirat du golfe Persique l'Irak de Saddam Hussein a-t-il envahi en août 1990 ?,Le Koweït,1,Moyen-Orient
192,Arts & Littérature,Quel roman de Pierre Loti raconte la vie des marins bretons partant pêcher la morue au loin ?,Pêcheur d'Islande,3,Romans
192,Sciences & Nature,Quel verbe désigne le chant du pigeon et de la tourterelle ?,Roucouler,1,Cris des animaux
192,Sports & Loisirs,"Au handball, combien de secondes un joueur peut-il garder le ballon en main sans dribbler ni passer ?",3 secondes,2,Handball – règles
193,Géographie,Quel est le point culminant du massif des Vosges ?,Le Grand Ballon,3,Montagnes
193,Divertissement,De quel pays sont originaires les briques de construction LEGO ?,Danemark,1,Culture pop
193,Histoire,Quel explorateur britannique est tué à Hawaï en 1779 ?,James Cook,1,Explorations
193,Arts & Littérature,Quel artiste du pop art imitait les cases de comics en reproduisant les points de trame Ben-Day ?,Roy Lichtenstein,2,Pop art
193,Sciences & Nature,Avec quel ingénieur Steve Jobs a-t-il fondé Apple en 1976 ?,Steve Wozniak,2,Informatique
193,Sports & Loisirs,Quel défenseur français a marqué les deux buts de la victoire contre la Croatie en demi-finale de la Coupe du monde 1998 ?,Lilian Thuram,2,Football – Coupe du monde
194,Géographie,Près de quelle ville chinoise a été découverte l'armée de terre cuite de l'empereur Qin ?,Xi'an,1,Grandes villes
194,Divertissement,"Pour quel film d'Yves Robert sorti en 1964, avec Philippe Noiret, Georges Brassens a-t-il écrit une chanson devenue un hymne à l'amitié ?",Les Copains,3,Chanson française
194,Histoire,"Quel ordre de moines-soldats, fondé vers 1120 à Jérusalem, fut dissous en 1312 ?",L'ordre du Temple (Templiers),1,Croisades
194,Arts & Littérature,Dans quelle ville alsacienne le musée Unterlinden abrite-t-il le retable d'Issenheim ?,Colmar,3,Musées
194,Sciences & Nature,"Quel psychologue américain a théorisé une hiérarchie des besoins humains, popularisée sous forme de pyramide ?",Abraham Maslow,1,Psychologie
194,Sports & Loisirs,"Combien de minutes dure un match de handball chez les seniors, hors prolongations ?",60 minutes,1,Handball – règles
195,Géographie,"Quel centre d'art parisien, inauguré en 1977, est surnommé « Beaubourg » ?",Le Centre Pompidou,1,Monuments
195,Divertissement,Quelle série policière de Canal+ suit notamment la capitaine Laure Berthaud et le juge Roban ?,Engrenages,3,Séries françaises
195,Histoire,"Quels jumeaux, allaités par une louve selon la légende, sont les fondateurs de Rome ?",Romulus et Rémus,1,Rome antique
195,Arts & Littérature,"Quelle romancière a écrit la série des « Claudine », à commencer par « Claudine à l'école » ?",Colette,2,Auteurs
195,Sciences & Nature,Quel être unicellulaire se déplace et se nourrit en déformant son corps en pseudopodes ?,L'amibe,2,Microbiologie
195,Sports & Loisirs,Quel club italien entraîné par José Mourinho a remporté la Ligue des champions en 2010 ?,L'Inter Milan,2,Football – clubs
196,Géographie,"Quelle ville, au confluent de la Sambre et de la Meuse, est la capitale de la Wallonie ?",Namur,2,Belgique
196,Divertissement,Quel acteur américain incarne « l'Homme sans nom » dans la trilogie du dollar de Sergio Leone ?,Clint Eastwood,2,Acteurs
196,Histoire,Pour quel pharaon la grande pyramide de Gizeh a-t-elle été construite ?,Khéops,1,Égypte ancienne
196,Arts & Littérature,Quel peintre suisse a peint plusieurs versions de « L'Île des morts » ?,Arnold Böcklin,3,Symbolisme
196,Sciences & Nature,Quelle scientifique a organisé pendant la Première Guerre mondiale des voitures radiologiques surnommées « petites Curie » ?,Marie Curie,1,Imagerie médicale
196,Sports & Loisirs,Quel petit fromage de chèvre du Cher porte le nom d'un hameau voisin de Sancerre ?,Le crottin de Chavignol,2,Fromages
197,Géographie,Quel ingénieur français a conçu la structure métallique interne de la statue de la Liberté ?,Gustave Eiffel,2,Monuments et sites
197,Divertissement,"Dans « Il était une fois dans l'Ouest », de quel instrument joue le personnage incarné par Charles Bronson ?",L'harmonica,2,Musiques de films
197,Histoire,Quel médecin grec de l'île de Cos est considéré comme le père de la médecine ?,Hippocrate,1,Grèce antique
197,Arts & Littérature,"Quel héros de Timothée de Fombelle, haut d'un millimètre et demi, vit dans un arbre ?",Tobie Lolness,3,Littérature jeunesse
197,Sciences & Nature,Quel trouble psychique se caractérise par l'alternance de phases d'exaltation et de dépression ?,Le trouble bipolaire,1,Psychologie
197,Sports & Loisirs,Comment s'appelle la danse guerrière maorie exécutée par les All Blacks avant leurs matchs ?,Le haka,1,Rugby – vocabulaire
198,Géographie,Comment appelle-t-on les habitants de Monaco ?,Les Monégasques,1,Monaco
198,Divertissement,Quel humoriste britannique a cocréé la version originale de « The Office » et y jouait le chef David Brent ?,Ricky Gervais,2,Séries britanniques
198,Histoire,Quelle bataille de l'an 1600 ouvre la voie au shogunat Tokugawa ?,Sekigahara,3,Asie
198,Arts & Littérature,Quel sculpteur a donné son nom et la forme de ses compressions aux trophées du cinéma français ?,César,1,Sculpture
198,Sciences & Nature,Quel virus est responsable du sida ?,Le VIH,1,Maladies
198,Sports & Loisirs,"Quelle nation a remporté le premier tournoi olympique masculin de rugby à sept, à Rio en 2016 ?",Les Fidji,3,Rugby – compétitions
199,Géographie,"Quelle forêt de Seine-et-Marne, célèbre pour ses rochers de grès, attire les amateurs d'escalade de bloc ?",La forêt de Fontainebleau,1,Sites naturels
199,Divertissement,"Quelle chanteuse et pianiste, surnommée « la Grande Prêtresse de la soul », a chanté « My Baby Just Cares for Me » ?",Nina Simone,2,Soul
199,Histoire,"Quel ordre militaire germanique, issu des croisades, conquit la Prusse au XIIIe siècle ?",L'ordre Teutonique,3,Croisades
199,Arts & Littérature,Quelle pièce d'Edmond Rostand met en scène un cadet de Gascogne affublé d'un long nez ?,Cyrano de Bergerac,1,Théâtre
199,Sciences & Nature,"Quel gaz, indispensable à la respiration, représente environ 21 % de l'atmosphère terrestre ?",Le dioxygène,1,Chimie : éléments
199,Sports & Loisirs,Comment appelle-t-on au handball un tir lobé par-dessus le gardien ?,Une chabala,3,Handball – vocabulaire
200,Géographie,"Quelle ville au pied des Pyrénées, dominée par un château comtal, est la préfecture de l'Ariège ?",Foix,2,Préfectures
200,Divertissement,Quel film de Mel Gibson (1995) retrace le combat du héros écossais William Wallace ?,Braveheart,1,Films historiques
200,Histoire,Quel empereur romain est né à Lugdunum en 10 av. J.-C. ?,Claude,3,Gaule
200,Arts & Littérature,"Quel écrivain a expliqué son amitié avec La Boétie par « Parce que c'était lui, parce que c'était moi » ?",Montaigne,2,Citations
200,Sciences & Nature,"Quel savant anglais a publié en 1687 les « Principia », où il énonce les lois du mouvement ?",Isaac Newton,1,Physique
200,Sports & Loisirs,Combien d'agrès compte le concours général de gymnastique artistique féminine ?,Quatre,2,Vocabulaire et règles
201,Géographie,"Dans quelle ville du Tennessee se trouve Graceland, la demeure d'Elvis Presley ?",Memphis,2,Grandes villes
201,Divertissement,Quel chanteur sénégalais a chanté « 7 Seconds » avec Neneh Cherry en 1994 ?,Youssou N'Dour,2,Musiques du monde
201,Histoire,Quel roi légendaire d'Uruk est le héros de l'une des plus anciennes épopées connues ?,Gilgamesh,1,Mésopotamie et Proche-Orient
201,Arts & Littérature,"Quel roman de Nicolas Mathieu, sur l'adolescence dans une vallée de l'Est en déclin, a obtenu le Goncourt en 2018 ?",Leurs enfants après eux,2,Prix Goncourt
201,Sciences & Nature,Quel rongeur des montagnes siffle pour alerter ses congénères et hiberne tout l'hiver ?,La marmotte,1,Mammifères
201,Sports & Loisirs,Quel astronaute américain a frappé des balles de golf sur la Lune lors de la mission Apollo 14 en 1971 ?,Alan Shepard,3,Golf
202,Géographie,"Quelle colline bourguignonne porte la basilique Sainte-Marie-Madeleine, point de départ d'un chemin de Compostelle ?",Vézelay,2,Patrimoine UNESCO
202,Divertissement,Quel shérif adjoint se réveille du coma en pleine épidémie de zombies au début de « The Walking Dead » ?,Rick Grimes,2,Séries américaines
202,Histoire,Quel nom a été donné au squelette d'australopithèque découvert en Éthiopie en 1974 ?,Lucy,1,Préhistoire
202,Arts & Littérature,"Combien d'enfants compte la famille du Petit Poucet, lui compris ?",Sept,2,Contes
202,Sciences & Nature,De quel arbre la feuille orne-t-elle le drapeau du Canada ?,L'érable,1,Arbres
202,Sports & Loisirs,"Quelle célèbre course d'obstacles anglaise se dispute chaque printemps sur l'hippodrome d'Aintree, près de Liverpool ?",Le Grand National,3,Équitation
203,Géographie,"Quelle ville de Seine-et-Marne, ancienne cité de foires médiévales, est inscrite à l'UNESCO ?",Provins,2,Patrimoine UNESCO
203,Divertissement,Quelle chanteuse a connu le succès avec « Tous les garçons et les filles » en 1962 ?,Françoise Hardy,1,Yé-yé
203,Histoire,Quelle ministre de l'Emploi a donné son nom aux lois instaurant la semaine de 35 heures ?,Martine Aubry,2,Ve République
203,Arts & Littérature,"Quel ami d'Achille est tué par Hector, ce qui pousse Achille à reprendre le combat ?",Patrocle,2,Épopées antiques
203,Sciences & Nature,Quel élément radioactif Marie Curie a-t-elle baptisé en hommage à son pays natal ?,Le polonium,2,Chimie : éléments
203,Sports & Loisirs,"Quelle volaille française fut la première à obtenir une appellation d'origine contrôlée, en 1957 ?",La volaille de Bresse,2,Produits du terroir
204,Géographie,Quel était l'ancien nom de Tokyo jusqu'en 1868 ?,Edo,1,Grandes villes
204,Divertissement,"Quel pays imaginaire, longtemps présidé par Christophe Salengro, est au cœur d'une émission satirique de Canal+ ?",Groland,2,Émissions
204,Histoire,Quelle civilisation de l'âge du bronze avait pour grandes cités Harappa et Mohenjo-daro ?,La civilisation de l'Indus,2,Chine et Asie antiques
204,Arts & Littérature,Sur quel astéroïde vit le Petit Prince de Saint-Exupéry ?,B 612,2,Littérature jeunesse
204,Sciences & Nature,Comment appelle-t-on le cri du cerf à la saison des amours ?,Le brame,1,Cris des animaux
204,Sports & Loisirs,"Quel champignon, appelé « pourriture noble », concentre les sucres des raisins du sauternes ?",Botrytis cinerea,3,Vins
205,Géographie,Comment appelle-t-on la bande maritime de 200 milles marins où un État exerce des droits économiques ?,La zone économique exclusive,2,Océans et mers
205,Divertissement,Quelle récompense suprême est remise au meilleur film du Festival de Cannes ?,La Palme d'or,1,Festival de Cannes
205,Histoire,Dans quelle forêt de Germanie trois légions de Varus furent-elles anéanties en l'an 9 ?,La forêt de Teutobourg,3,Rome antique
205,Arts & Littérature,"Quel roman commence par « Aujourd'hui, maman est morte. Ou peut-être hier, je ne sais pas » ?",L'Étranger,1,Incipits
205,Sciences & Nature,Quelle maladie auto-immune de l'intestin est déclenchée par l'ingestion de gluten ?,La maladie cœliaque,2,Maladies
205,Sports & Loisirs,"Quel guide de voyage français, créé en 1973 par Philippe Gloaguen et Michel Duval, s'adresse aux voyageurs sac au dos ?",Le Guide du routard,2,Voyages
206,Géographie,Quelle longue péninsule mexicaine est séparée du continent par le golfe de Californie ?,La Basse-Californie,2,Amériques
206,Divertissement,"Quelle discothèque new-yorkaise, ouverte en 1977, est devenue le temple du disco ?",Le Studio 54,2,Disco
206,Histoire,"Quelle bataille de 1863, livrée en Pennsylvanie, marque un tournant de la guerre de Sécession ?",Gettysburg,1,États-Unis
206,Arts & Littérature,Quel architecte de Soliman le Magnifique a construit la mosquée Süleymaniye d'Istanbul ?,Sinan,3,Architectes
206,Sciences & Nature,"Quelle unité d'énergie, utilisée en diététique, figure sur les étiquettes à côté des kilojoules ?",La kilocalorie,1,Unités et mesures
206,Sports & Loisirs,Quel circuit de la Nièvre a accueilli le Grand Prix de France de Formule 1 de 1991 à 2008 ?,Magny-Cours,2,Sports mécaniques
207,Géographie,Quel pays d'Amérique du Sud porte un nom signifiant « petite Venise » ?,Le Venezuela,2,Amériques
207,Divertissement,"Quel cinéaste français, fils d'un célèbre peintre impressionniste, a réalisé « La Grande Illusion » (1937) ?",Jean Renoir,2,Classiques français
207,Histoire,Quel navigateur portugais au service de l'Espagne lance en 1519 la première expédition autour du monde ?,Fernand de Magellan,1,Grandes découvertes
207,Arts & Littérature,Quel poète romantique a écrit « La Mort du loup » ?,Alfred de Vigny,3,Poésie
207,Sciences & Nature,Comment appelle-t-on les cyclones tropicaux qui frappent l'Asie de l'Est et le Pacifique Nord-Ouest ?,Les typhons,1,Météorologie
207,Sports & Loisirs,De combien de secondes une équipe dispose-t-elle pour tenter un tir après avoir pris possession du ballon ?,24 secondes,2,Basket – règles
208,Géographie,"Quelle ville portugaise, siège de l'une des plus anciennes universités d'Europe, est traversée par le Mondego ?",Coimbra,3,Villes
208,Divertissement,Dans quelle ville vit la famille Simpson ?,Springfield,1,Dessins animés
208,Histoire,Quel dirigeant soviétique était au pouvoir lors de la crise des missiles de Cuba ?,Nikita Khrouchtchev,1,Guerre froide
208,Arts & Littérature,Quel dessinateur a illustré les histoires du « Petit Nicolas » ?,Jean-Jacques Sempé,2,Littérature jeunesse
208,Sciences & Nature,Comment appelle-t-on la femelle du lièvre ?,La hase,2,Mammifères
208,Sports & Loisirs,"Quel circuit varois, situé au Castellet, a accueilli le Grand Prix de France de Formule 1 en 2018 ?",Le circuit Paul-Ricard,2,Sports mécaniques
209,Géographie,"Quel nom porte le littoral de Seine-Maritime, célèbre pour ses hautes falaises de craie blanche ?",La côte d'Albâtre,2,Côtes
209,Divertissement,Sous quel nom le héros du manga « City Hunter » est-il connu en France ?,Nicky Larson,2,Mangas
209,Histoire,"Quel écrivain espagnol, futur auteur de Don Quichotte, perd l'usage de la main gauche à la bataille de Lépante ?",Miguel de Cervantès,2,Empire ottoman
209,Arts & Littérature,"Quel peintre de petite taille, habitué de Montmartre, a signé de célèbres affiches de cabaret, dont celle du Moulin-Rouge ?",Henri de Toulouse-Lautrec,1,Peintres
209,Sciences & Nature,"Quelle réaction, qui consiste à casser des noyaux lourds d'uranium, est utilisée dans les centrales nucléaires ?",La fission nucléaire,1,Physique
209,Sports & Loisirs,Dans quelle ville la FIFA a-t-elle été fondée en 1904 ?,Paris,3,Football – compétitions
210,Géographie,Quelle est la capitale de la Slovénie ?,Ljubljana,2,Capitales
210,Divertissement,Quel acteur a incarné l'inspecteur Columbo ?,Peter Falk,2,Séries américaines
210,Histoire,Dans quelle baie cubaine des exilés soutenus par la CIA ont-ils tenté un débarquement raté en avril 1961 ?,La baie des Cochons,2,Guerre froide
210,Arts & Littérature,Quel mouvement artistique André Breton a-t-il défini dans un manifeste en 1924 ?,Le surréalisme,1,Mouvements
210,Sciences & Nature,Quel superordinateur d'IBM a battu le champion du monde d'échecs Garry Kasparov en 1997 ?,Deep Blue,2,Informatique
210,Sports & Loisirs,Quel stade parisien a accueilli les matchs du XV de France jusqu'à l'ouverture du Stade de France en 1998 ?,Le Parc des Princes,2,Rugby – stades
211,Géographie,Quelle est la capitale du Cameroun ?,Yaoundé,2,Capitales
211,Divertissement,Avec quelle chanteuse anglaise Serge Gainsbourg a-t-il enregistré « Je t'aime… moi non plus » en 1969 ?,Jane Birkin,1,Chanson française
211,Histoire,Dans quel État américain ont été négociés en 1995 les accords de paix de Dayton sur la Bosnie ?,L'Ohio,3,Guerres de Yougoslavie
211,Arts & Littérature,Quel héros vantard de Daudet part chasser le lion en Algérie ?,Tartarin de Tarascon,2,Personnages
211,Sciences & Nature,Quelle loi de l'électricité s'écrit U = R × I ?,La loi d'Ohm,1,Physique
211,Sports & Loisirs,"Quel capitaine du XV de France, à la chevelure blonde, était surnommé « Casque d'or » ?",Jean-Pierre Rives,2,Rugby – champions
212,Géographie,Quelle route maritime relie l'Atlantique au Pacifique par l'archipel arctique canadien ?,Le passage du Nord-Ouest,2,Pôles
212,Divertissement,"Quelle émission de TF1, lancée en 2001, réunissait de jeunes candidats dans un château pour devenir chanteurs ?",Star Academy,1,Téléréalité
212,Histoire,"Quelle campagne politique d'opposition, dont l'interdiction déclenche la révolution de février 1848, se tenait autour de repas ?",La campagne des banquets,3,IIe République
212,Arts & Littérature,Quel poète a écrit « Déjeuner du matin » et « Pour faire le portrait d'un oiseau » ?,Jacques Prévert,1,Poésie
212,Sciences & Nature,Quel petit mammifère d'Amérique du Nord se défend en projetant un liquide à l'odeur pestilentielle ?,La mouffette,2,Mammifères
212,Sports & Loisirs,Quel plat italien de riz crémeux se prépare en ajoutant le bouillon louche après louche ?,Le risotto,1,Cuisine du monde
213,Géographie,Quel sommet norvégien est le point culminant de la Scandinavie ?,Le Galdhøpiggen,3,Montagnes
213,Divertissement,Quelle chanteuse a débuté en 1998 avec « …Baby One More Time » ?,Britney Spears,1,Pop américaine
213,Histoire,Qui exerce la régence au début du règne de Louis XV ?,Philippe d'Orléans,2,Louis XV
213,Arts & Littérature,De quel mouvement littéraire Victor Hugo fut-il le chef de file en France au XIXe siècle ?,Le romantisme,1,Mouvements
213,Sciences & Nature,Entre quelles deux villes le premier TGV commercial a-t-il circulé en 1981 ?,Paris et Lyon,2,Transports
213,Sports & Loisirs,"Comment appelle-t-on les Jeux réservés aux athlètes en situation de handicap, organisés dans la foulée des JO ?",Les Jeux paralympiques,1,Jeux olympiques
214,Géographie,"Dans quel département se trouve Giverny, où Claude Monet peignit ses nymphéas ?",L'Eure,2,Monuments
214,Divertissement,De quelle troupe de théâtre sont issus les acteurs du film « Le Père Noël est une ordure » (1982) ?,Le Splendid,2,Comédies françaises
214,Histoire,Quel coup d'État de novembre 1799 porte Bonaparte au pouvoir ?,Le 18 Brumaire,1,Consulat
214,Arts & Littérature,Quel compositeur français a écrit en 1830 la « Symphonie fantastique » ?,Hector Berlioz,2,Compositeurs
214,Sciences & Nature,"Quelle plante aquatique, sacrée en Inde, a des feuilles qui repoussent l'eau et la saleté ?",Le lotus,2,Plantes
214,Sports & Loisirs,"Quel coureur espagnol a remporté cinq Tours de France consécutifs, de 1991 à 1995 ?",Miguel Indurain,1,Cyclisme – champions
215,Géographie,Quel immense ensemble de récifs coralliens longe la côte du Queensland ?,La Grande Barrière de corail,1,Océanie
215,Divertissement,"Quel acteur incarne le jeune Vito Corleone dans « Le Parrain, 2e partie » (1974) ?",Robert De Niro,3,Acteurs
215,Histoire,Quel scandale a provoqué la démission du président Richard Nixon en 1974 ?,Le Watergate,1,États-Unis
215,Arts & Littérature,"Quel roi, cousin d'Héraclès, lui imposa l'accomplissement des douze travaux ?",Eurysthée,3,Mythologie grecque
215,Sciences & Nature,Quel gaz jaune-verdâtre est utilisé pour désinfecter l'eau des piscines ?,Le chlore,1,Chimie : éléments
215,Sports & Loisirs,En combien de sets gagnants se disputent les matchs de simple messieurs en Grand Chelem ?,3 sets gagnants,2,Tennis – règles
216,Géographie,"Quel atoll des îles Marshall, site d'essais nucléaires américains, a donné son nom à un maillot de bain en 1946 ?",Bikini,2,Océanie
216,Divertissement,Quelle émission de Canal+ était coprésentée par Philippe Gildas et Antoine de Caunes à la fin des années 1980 ?,Nulle part ailleurs,2,Émissions
216,Histoire,Quel historien grec est surnommé « le père de l'Histoire » ?,Hérodote,1,Grèce antique
216,Arts & Littérature,Quelle école philosophique fondée par Zénon de Citium tire son nom d'un portique d'Athènes ?,Le stoïcisme,2,Philosophie antique
216,Sciences & Nature,Quelle molécule donne au piment sa sensation de brûlure ?,La capsaïcine,3,Chimie : molécules
216,Sports & Loisirs,"Comment appelle-t-on le petit fagot de thym, de laurier et de persil ficelés qui parfume les bouillons ?",Le bouquet garni,1,Vocabulaire culinaire
217,Géographie,Quelle ville de l'île du Sud de la Nouvelle-Zélande a été dévastée par un séisme en février 2011 ?,Christchurch,2,Grandes villes
217,Divertissement,Quel film de Roland Emmerich (1996) montre une invasion extraterrestre repoussée le jour de la fête nationale américaine ?,Independence Day,1,Science-fiction
217,Histoire,"Quel palais parisien, résidence de la famille royale, est pris d'assaut le 10 août 1792 ?",Les Tuileries,2,Révolution française
217,Arts & Littérature,"Quel mouvement pictural, mené par Matisse et Derain, a choqué le Salon d'automne de 1905 par ses couleurs pures ?",Le fauvisme,2,Mouvements artistiques
217,Sciences & Nature,"Quel mot anglais, contraction de « smoke » et « fog », désigne le brouillard de pollution des villes ?",Le smog,2,Météorologie
217,Sports & Loisirs,Que signifie littéralement l'expression italienne « al dente » appliquée aux pâtes ?,« À la dent »,2,Vocabulaire culinaire
218,Géographie,Comment appelle-t-on la couche de glace formée par la congélation de l'eau de mer ?,La banquise,1,Pôles
218,Divertissement,Quel film de Roman Polanski a remporté la Palme d'or au Festival de Cannes en 2002 ?,Le Pianiste,3,Festival de Cannes
218,Histoire,Quel homme politique est devenu en 2009 le premier président afro-américain des États-Unis ?,Barack Obama,1,Personnalités
218,Arts & Littérature,Quel moine dramaturge espagnol a donné vie au personnage de Don Juan dans « L'Abuseur de Séville » ?,Tirso de Molina,3,Littérature espagnole
218,Sciences & Nature,"Quel logo nutritionnel à cinq lettres colorées, de A à E, a été officiellement adopté en France en 2017 ?",Le Nutri-Score,1,Nutrition
218,Sports & Loisirs,"Quel journaliste, directeur de L'Auto, est considéré comme le père du Tour de France ?",Henri Desgrange,2,Cyclisme – Tour de France
219,Géographie,Quelle petite statue bruxelloise représente un garçonnet en train de faire pipi ?,Le Manneken-Pis,1,Belgique
219,Divertissement,Quel présentateur britannique a animé l'émission automobile « Top Gear » avec Richard Hammond et James May ?,Jeremy Clarkson,3,Émissions
219,Histoire,"Quelle reine mère, née à Florence, est souvent tenue pour responsable de la Saint-Barthélemy ?",Catherine de Médicis,1,Guerres de religion
219,Arts & Littérature,Comment s'appelle le signe typographique « & » ?,L'esperluette,2,Langue française
219,Sciences & Nature,Quelle agence spatiale américaine a été créée en 1958 ?,La NASA,1,Espace : missions
219,Sports & Loisirs,De quelle couleur est le maillot du leader du Tour d'Espagne depuis 2010 ?,Rouge,3,Cyclisme – compétitions
220,Géographie,Comment appelle-t-on le vent saisonnier qui apporte de fortes pluies en Asie du Sud en été ?,La mousson,1,Climats et milieux
220,Divertissement,Quel chant Serge Gainsbourg a-t-il repris en version reggae sous le titre « Aux armes et cætera » en 1979 ?,La Marseillaise,2,Chanson française
220,Histoire,"Quel militant afro-américain, ancien porte-parole de la Nation of Islam, a été assassiné à New York en 1965 ?",Malcolm X,2,Droits civiques
220,Arts & Littérature,"Quel écrivain français, auteur de « Jean-Christophe », reçut le prix Nobel de littérature en 1915 ?",Romain Rolland,3,Prix Nobel de littérature
220,Sciences & Nature,Quel isotope radioactif permet de dater des restes organiques jusqu'à environ 50 000 ans ?,Le carbone 14,1,Chimie : éléments
220,Sports & Loisirs,Quel fromage du Jura se reconnaît à la fine raie noire de charbon végétal qui le traverse ?,Le morbier,2,Fromages
221,Géographie,Quel est le seul pays d'Amérique du Sud dont la langue officielle est le néerlandais ?,Le Suriname,2,Amériques
221,Divertissement,Dans quel archipel de Polynésie française Jacques Brel est-il enterré ?,Les Marquises (Hiva Oa),2,Célébrités de la chanson
221,Histoire,Comment appelle-t-on la démonstration de force des fascistes italiens qui porta Mussolini au pouvoir en octobre 1922 ?,La marche sur Rome,1,Régimes totalitaires
221,Arts & Littérature,Quel poète grec archaïque a écrit « La Théogonie » et « Les Travaux et les Jours » ?,Hésiode,3,Grands textes antiques
221,Sciences & Nature,"Quel élément semi-conducteur, extrait du sable, est à la base des puces électroniques ?",Le silicium,1,Chimie : éléments
221,Sports & Loisirs,Quel sport d'origine amérindienne se joue avec un bâton muni d'un filet pour attraper et lancer la balle ?,La crosse,2,Sports insolites
222,Géographie,Quelle région du Grand Nord québécois est majoritairement peuplée d'Inuits ?,Le Nunavik,3,Québec
222,Divertissement,Quel réalisateur américain a signé « Le Parrain » en 1972 ?,Francis Ford Coppola,1,Réalisateurs
222,Histoire,Quelle offensive nord-vietnamienne de 1968 tire son nom du Nouvel An lunaire ?,L'offensive du Têt,2,Guerre du Vietnam
222,Arts & Littérature,Quel compositeur tchèque a écrit la symphonie « Du Nouveau Monde » lors d'un séjour aux États-Unis ?,Antonín Dvořák,2,Compositeurs
222,Sciences & Nature,Quelle est la formule de l'aire d'un disque de rayon r ?,π × r²,1,Mathématiques
222,Sports & Loisirs,Comment appelle-t-on le fait d'atteindre au moins dix unités dans trois catégories statistiques lors d'un même match ?,Un triple-double,2,Basket – vocabulaire
223,Géographie,Quelle est la langue nationale du Luxembourg ?,Le luxembourgeois,2,Luxembourg
223,Divertissement,Quel physicien de « The Big Bang Theory » refuse que quiconque s'asseye à « sa place » sur le canapé ?,Sheldon Cooper,1,Sitcoms
223,Histoire,"Quelle résistante a organisé en 1943 un coup de main pour libérer son mari Raymond, détenu par la Gestapo à Lyon ?",Lucie Aubrac,2,Résistance
223,Arts & Littérature,Dans quelle ville de Prusse orientale Emmanuel Kant a-t-il passé presque toute sa vie ?,Königsberg,3,Philosophie moderne
223,Sciences & Nature,"Quel physicien britannique, atteint de la maladie de Charcot, a écrit « Une brève histoire du temps » ?",Stephen Hawking,1,Grands scientifiques
223,Sports & Loisirs,Qu'indique la flamme rouge suspendue au-dessus de la route lors d'une course cycliste ?,Le dernier kilomètre,2,Cyclisme – vocabulaire
224,Géographie,Quelle est la capitale de la Biélorussie ?,Minsk,1,Capitales
224,Divertissement,Quel acteur a reçu l'Oscar du meilleur acteur en 2019 pour son interprétation de Freddie Mercury ?,Rami Malek,2,Oscars
224,Histoire,Quels accords secrets franco-britanniques de 1916 prévoyaient le partage du Proche-Orient ottoman ?,Les accords Sykes-Picot,3,Proche-Orient
224,Arts & Littérature,Dans quelle ville italienne se trouve la galerie des Offices ?,Florence,1,Musées
224,Sciences & Nature,Quelle unité de base du Système international mesure l'intensité lumineuse ?,La candela,3,Unités et mesures
224,Sports & Loisirs,Quel meneur des Golden State Warriors est célèbre pour son adresse à trois points ?,Stephen Curry,1,Basket – champions
225,Géographie,Quel territoire du sud de la Chine fut administré par le Portugal jusqu'en 1999 ?,Macao,1,Asie
225,Divertissement,"Quel créateur japonais, passionné d'insectes dans son enfance, a imaginé les Pokémon ?",Satoshi Tajiri,3,Jeux vidéo
225,Histoire,Quel territoire de l'Ouest américain connaît une ruée vers l'or à partir de 1848 ?,La Californie,1,États-Unis
225,Arts & Littérature,Quel sculpteur chypriote tomba amoureux de la statue d'ivoire qu'il avait façonnée ?,Pygmalion,2,Mythologie grecque
225,Sciences & Nature,Quel virologue français a partagé le prix Nobel de médecine 2008 avec Françoise Barré-Sinoussi pour la découverte du VIH ?,Luc Montagnier,2,Grands scientifiques
225,Sports & Loisirs,Quel pays a remporté à domicile la Coupe du monde 1966 ?,L'Angleterre,1,Football – Coupe du monde
226,Géographie,"Quel château alsacien, restauré au début du XXe siècle sous l'empereur Guillaume II, domine la plaine d'Alsace ?",Le Haut-Kœnigsbourg,2,Châteaux
226,Divertissement,"Quel jeu de « battle royale » d'Epic Games, sorti en 2017, est célèbre pour ses danses de victoire ?",Fortnite,1,Jeux vidéo
226,Histoire,Comment appelle-t-on les persécutions consistant à loger des soldats chez les protestants pour les forcer à se convertir ?,Les dragonnades,2,Louis XIV
226,Arts & Littérature,Quel danseur des Ballets russes était célèbre pour son saut final dans « Le Spectre de la rose » ?,Vaslav Nijinski,2,Danse
226,Sciences & Nature,"Sous quel nom l'Occident connaît-il le médecin persan Ibn Sina, auteur du « Canon de la médecine » ?",Avicenne,2,Grands médecins
226,Sports & Loisirs,Quel coureur surnommé le « Finlandais volant » a remporté neuf titres olympiques dans les années 1920 ?,Paavo Nurmi,2,Champions olympiques
227,Géographie,"Quelle abbaye cistercienne de Côte-d'Or, fondée au XIIe siècle par saint Bernard, est inscrite à l'UNESCO ?",Fontenay,3,Patrimoine UNESCO
227,Divertissement,Quel surnom royal est donné à Elvis Presley ?,The King (le King),1,Rock'n'roll
227,Histoire,De quel port du Nord plus de 300 000 soldats alliés furent-ils évacués vers l'Angleterre en mai-juin 1940 ?,Dunkerque,1,Campagne de France
227,Arts & Littérature,"Quel groupe de littérature à contraintes, fondé en 1960, a réuni Queneau, Perec et Calvino ?",L'Oulipo,2,Mouvements
227,Sciences & Nature,Quelle médecin est devenue en 1996 la première Française à voler dans l'espace ?,Claudie Haigneré,2,Espace : astronautes
227,Sports & Loisirs,Quelle galette suisse est faite de pommes de terre râpées et dorées à la poêle ?,Le rösti,2,Cuisine du monde
228,Géographie,Quelle ville est le chef-lieu de La Réunion ?,Saint-Denis,1,Outre-mer
228,Divertissement,Quel streameur français a cofondé le marathon caritatif en ligne ZEvent ?,ZeratoR,3,Internet
228,Histoire,Quel théologien dominicain a écrit la « Somme théologique » ?,Thomas d'Aquin,2,Église médiévale
228,Arts & Littérature,"Quel compositeur, devenu sourd, a pourtant écrit une Neuvième symphonie avec chœur ?",Beethoven,1,Compositeurs
228,Sciences & Nature,"Quelles artères, disposées en couronne, irriguent le muscle cardiaque lui-même ?",Les artères coronaires,2,Cœur et circulation
228,Sports & Loisirs,"À quelle distance du but est tracée la ligne de la surface de but, où seul le gardien peut évoluer ?",6 mètres,2,Handball – règles
229,Géographie,Quelle est la capitale de la seule province majoritairement francophone du Canada ?,Québec (la ville de Québec),1,Québec
229,Divertissement,Quel membre des Monty Python joue l'hôtelier irascible Basil Fawlty dans « Fawlty Towers » ?,John Cleese,3,Séries britanniques
229,Histoire,Quel ouvrage collectif dirigé par Diderot et d'Alembert est le symbole des Lumières ?,L'Encyclopédie,1,Lumières
229,Arts & Littérature,Quel poète anglais du XVIIe siècle a écrit l'épopée « Le Paradis perdu » ?,John Milton,3,Littérature anglaise
229,Sciences & Nature,Quelle épidémie a tué entre un tiers et la moitié des Européens entre 1347 et 1352 ?,La peste noire,1,Maladies
229,Sports & Loisirs,"Quel cocktail italien associe à parts égales gin, vermouth rouge et Campari ?",Le negroni,2,Cocktails
230,Géographie,Pour l'Exposition universelle de quelle année la tour Eiffel a-t-elle été construite ?,1889,1,Monuments
230,Divertissement,Quel film sud-coréen a remporté la Palme d'or en 2019 puis l'Oscar du meilleur film en 2020 ?,Parasite,2,Récompenses
230,Histoire,Quelle dame de la cour japonaise a écrit « Le Dit du Genji » vers l'an 1000 ?,Murasaki Shikibu,3,Asie médiévale
230,Arts & Littérature,Qui a écrit la tragédie « Roméo et Juliette » ?,William Shakespeare,1,Littérature anglaise
230,Sciences & Nature,Quelle particule dépourvue de charge électrique se trouve dans le noyau atomique aux côtés des protons ?,Le neutron,1,Physique
230,Sports & Loisirs,Quel bouillon japonais de base est préparé avec de l'algue kombu et des copeaux de bonite séchée ?,Le dashi,3,Cuisine du monde
231,Géographie,Quel est le seul pays d'Amérique du Sud bordé à la fois par la mer des Caraïbes et par l'océan Pacifique ?,La Colombie,2,Amériques
231,Divertissement,Quelle récompense musicale américaine prend la forme d'un gramophone doré ?,Les Grammy Awards,1,Récompenses
231,Histoire,Quels frères enlumineurs ont illustré les « Très Riches Heures du duc de Berry » ?,Les frères de Limbourg,3,Culture médiévale
231,Arts & Littérature,"Quel courant philosophique et littéraire, résumé par « l'existence précède l'essence », est associé à Sartre ?",L'existentialisme,1,Mouvements
231,Sciences & Nature,"Quel psychologue, prix Nobel d'économie 2002, a étudié les biais cognitifs avec Amos Tversky ?",Daniel Kahneman,3,Psychologie
231,Sports & Loisirs,Contre quelle équipe la France a-t-elle remporté la finale de la Coupe du monde 2018 (4-2) ?,La Croatie,1,Football – Coupe du monde
232,Géographie,Quelle ville est surnommée « la Cité phocéenne » en souvenir de ses fondateurs grecs ?,Marseille,1,Villes
232,Divertissement,Quel rappeur américain a reçu le prix Pulitzer de musique en 2018 ?,Kendrick Lamar,3,Rap américain
232,Histoire,Quel surnom a été donné à l'homme de l'âge du cuivre retrouvé momifié dans un glacier des Alpes en 1991 ?,Ötzi,1,Préhistoire
232,Arts & Littérature,Quel écrivain autrichien a écrit la nouvelle « Le Joueur d'échecs » ?,Stefan Zweig,2,Littérature allemande
232,Sciences & Nature,"Quel Français, aveugle depuis l'enfance, a inventé un système d'écriture en points en relief ?",Louis Braille,1,Inventeurs
232,Sports & Loisirs,Quel athlète britannique a remporté le 1 500 m olympique en 1980 à Moscou puis en 1984 à Los Angeles ?,Sebastian Coe,3,Champions olympiques
233,Géographie,Entre quels deux fleuves s'étendait la Mésopotamie ?,Le Tigre et l'Euphrate,1,Fleuves
233,Divertissement,Quel animateur a présenté « Les Enfants de la télé » pendant de nombreuses années ?,Arthur,2,Animateurs
233,Histoire,"Quel pilote français, avec 75 victoires homologuées, fut l'as des as allié de la Grande Guerre ?",René Fonck,3,Première Guerre mondiale
233,Arts & Littérature,Quel poète romantique a écrit la pièce « On ne badine pas avec l'amour » ?,Alfred de Musset,2,Théâtre
233,Sciences & Nature,"Quel appareil, muni d'un brassard gonflable, mesure la tension artérielle ?",Le tensiomètre (sphygmomanomètre),1,Examens médicaux
233,Sports & Loisirs,Comment appelle-t-on l'art d'ouvrir une bouteille de champagne d'un coup de sabre ?,Le sabrage,2,Vins
234,Géographie,Quelle est la capitale de l'Arabie saoudite ?,Riyad,1,Capitales
234,Divertissement,"Quel acteur a reçu l'Oscar du meilleur acteur pour « My Left Foot », « There Will Be Blood » et « Lincoln » ?",Daniel Day-Lewis,3,Oscars
234,Histoire,"Quelle reine d'Égypte, épouse d'Akhenaton, est célèbre pour son buste conservé à Berlin ?",Néfertiti,1,Égypte ancienne
234,Arts & Littérature,"Quelle danseuse fut nommée étoile de l'Opéra de Paris par Rudolf Noureev en 1984, à seulement 19 ans ?",Sylvie Guillem,3,Danse
234,Sciences & Nature,"Dans quel milieu le son ne peut-il pas se propager, contrairement à la lumière ?",Le vide,1,Physique
234,Sports & Loisirs,Quel Libérien a remporté le Ballon d'or en 1995 ?,George Weah,2,Football – champions
235,Géographie,"Quelle est la devise du Québec, inscrite sur ses plaques d'immatriculation ?",« Je me souviens »,2,Québec
235,Divertissement,Quel animateur a présenté « Qui veut gagner des millions ? » sur TF1 à partir de 2000 ?,Jean-Pierre Foucault,1,Jeux télé
235,Histoire,Combien de pays ont rejoint l'Union européenne lors du grand élargissement de mai 2004 ?,Dix,2,Construction européenne
235,Arts & Littérature,"Quel cuivre enroulé sur lui-même, au pavillon tourné vers l'arrière, descend de la trompe de chasse ?",Le cor d'harmonie,2,Instruments
235,Sciences & Nature,Dans quel centre de recherche situé près de Genève le World Wide Web a-t-il vu le jour ?,Le CERN,2,Informatique
235,Sports & Loisirs,Quel secteur pavé de Paris-Roubaix traverse une forêt du Nord en ligne droite ?,La trouée d'Arenberg,3,Cyclisme – compétitions
236,Géographie,Quelle ville espagnole enclavée sur la côte nord du Maroc fait face à Gibraltar ?,Ceuta,2,Territoires
236,Divertissement,Quelle comédie d'Étienne Chatiliez (1988) oppose la famille bourgeoise Le Quesnoy à la famille Groseille ?,La vie est un long fleuve tranquille,2,Comédies françaises
236,Histoire,Quel astronaute américain a été le premier homme à poser le pied sur la Lune ?,Neil Armstrong,1,Conquête spatiale
236,Arts & Littérature,Quel terme italien désigne le modelé vaporeux aux contours estompés cher à Léonard de Vinci ?,Le sfumato,2,Techniques
236,Sciences & Nature,De quelle couleur apparaissent les étoiles les plus chaudes ?,Bleue,2,Astronomie : Soleil et étoiles
236,Sports & Loisirs,"Quel jouet de dentition en caoutchouc, en forme d'animal au long cou, est né en France en 1961 ?",Sophie la girafe,2,Jouets
237,Géographie,Quelle cité antique de la côte turque abrite la façade de la bibliothèque de Celsus ?,Éphèse,2,Monuments et sites
237,Divertissement,Quel film musical de Jacques Demy de 1967 réunit les sœurs Catherine Deneuve et Françoise Dorléac ?,Les Demoiselles de Rochefort,2,Films musicaux
237,Histoire,Quel mouvement indépendantiste algérien a déclenché l'insurrection de novembre 1954 ?,Le FLN,1,Guerre d'Algérie
237,Arts & Littérature,"Quel écrivain italien a écrit « Le Baron perché », histoire d'un jeune noble qui décide de vivre dans les arbres ?",Italo Calvino,2,Littérature italienne
237,Sciences & Nature,Quelles sont les trois grandes familles de macronutriments ?,"Glucides, lipides, protéines",2,Nutrition
237,Sports & Loisirs,Quelle judokate française a été sacrée championne olympique des moins de 63 kg aux Jeux de Tokyo 2020 ?,Clarisse Agbégnénou,2,Arts martiaux
238,Géographie,"Quel explorateur français, né en 1907, fonda les Expéditions polaires françaises ?",Paul-Émile Victor,2,Pôles
238,Divertissement,"Dans « Retour vers le futur », quel modèle de voiture est transformé en machine à voyager dans le temps ?",Une DeLorean,1,Science-fiction
238,Histoire,"Quel Premier ministre britannique fait abroger les lois protectionnistes sur les céréales, les Corn Laws, en 1846 ?",Robert Peel,3,Empire britannique
238,Arts & Littérature,Comment s'appelle la grande salle où les guerriers morts au combat rejoignent Odin ?,Le Valhalla,1,Mythologie nordique
238,Sciences & Nature,"Dans la classification des êtres vivants, quel rang se situe juste au-dessus de l'espèce ?",Le genre,2,Classification
238,Sports & Loisirs,Comment appelle-t-on un service gagnant que l'adversaire ne parvient même pas à toucher ?,Un ace,1,Tennis – vocabulaire
239,Géographie,Quelle station des Grisons accueille chaque hiver le Forum économique mondial ?,Davos,1,Suisse
239,Divertissement,Comment s'appelle la langue imaginaire et incompréhensible parlée par les personnages des Sims ?,Le simlish,3,Jeux vidéo
239,Histoire,Quel texte fondateur l'Assemblée constituante adopte-t-elle le 26 août 1789 ?,La Déclaration des droits de l'homme,1,Révolution française
239,Arts & Littérature,Quel personnage de Balzac lance à Paris « À nous deux maintenant ! » à la fin du « Père Goriot » ?,Eugène de Rastignac,2,Personnages
239,Sciences & Nature,Comment s'appelle la double membrane qui enveloppe le cœur ?,Le péricarde,2,Cœur et circulation
239,Sports & Loisirs,"Quel vin liquoreux de Hongrie aurait été surnommé par Louis XIV « le vin des rois, le roi des vins » ?",Le tokaji (tokay),3,Vins
240,Géographie,Quel navigateur malouin a exploré le golfe du Saint-Laurent en 1534 ?,Jacques Cartier,1,Québec
240,Divertissement,"Comment s'appelle l'ordinateur de bord qui se rebelle dans « 2001, l'Odyssée de l'espace » ?",HAL 9000,2,Science-fiction
240,Histoire,"Quel ingénieur français construit en 1769 le fardier, premier véhicule automobile à vapeur ?",Nicolas-Joseph Cugnot,3,Révolution industrielle
240,Arts & Littérature,Comment appelle-t-on l'image aux valeurs inversées obtenue sur la pellicule avant le tirage ?,Le négatif,1,Photographie
240,Sciences & Nature,Quelle scientifique d'origine polonaise a été la première personne à recevoir deux prix Nobel ?,Marie Curie,1,Grands scientifiques
240,Sports & Loisirs,Quel skieur français a remporté la descente olympique aux Jeux de Nagano en 1998 ?,Jean-Luc Crétier,3,Sports d'hiver
241,Géographie,Avec quel pays Monaco partage-t-il son unique frontière terrestre ?,La France,1,Monaco
241,Divertissement,"Quel chanteur britannique a composé les chansons du « Roi Lion », dont « L'histoire de la vie » ?",Elton John,2,Musiques de films
241,Histoire,Sur quels thèmes portait le référendum de 1969 dont l'échec a conduit le général de Gaulle à démissionner ?,La régionalisation et le Sénat,3,Ve République
241,Arts & Littérature,"Quel dieu romain des mers, armé d'un trident, correspond au grec Poséidon ?",Neptune,1,Mythologie romaine
241,Sciences & Nature,Quelle science étudie les tremblements de terre et la propagation des ondes dans le globe ?,La sismologie,2,Géologie
241,Sports & Loisirs,Dans quel hôtel de Singapour aurait été créé le cocktail Singapore Sling ?,Le Raffles,3,Voyages
242,Géographie,"Quel canal, ouvert en 1825 dans l'État de New York, relie les Grands Lacs au fleuve Hudson ?",Le canal Érié,3,Détroits et canaux
242,Divertissement,Sous quel titre français est connue la chanson « Let It Go » de « La Reine des neiges » ?,"Libérée, délivrée",1,Musiques de films
242,Histoire,Quel dirigeant communiste a proclamé l'indépendance du Vietnam à Hanoï le 2 septembre 1945 ?,Hô Chi Minh,1,Décolonisation
242,Arts & Littérature,Quel poète nicaraguayen est considéré comme le père du modernisme hispano-américain ?,Rubén Darío,3,Littérature latino-américaine
242,Sciences & Nature,Quel élément est ajouté aux dentifrices pour prévenir les caries ?,Le fluor,1,Chimie : éléments
242,Sports & Loisirs,Quel marcheur français a été sacré champion du monde du 50 km marche à Londres en 2017 ?,Yohann Diniz,2,Athlétisme
243,Géographie,Quel archipel du nord de l'Écosse a pour chef-lieu Lerwick ?,Les Shetland,3,Îles
243,Divertissement,"Quel maître des arts martiaux, star de « La Fureur du dragon » (1972), est mort à 32 ans en 1973 ?",Bruce Lee,1,Cinéma asiatique
243,Histoire,"Quel historien athénien, ancien stratège, a raconté la guerre du Péloponnèse ?",Thucydide,2,Grèce antique
243,Arts & Littérature,"Quel tableau de Claude Monet, peint au Havre, a donné son nom au mouvement impressionniste ?","Impression, soleil levant",1,Impressionnisme
243,Sciences & Nature,Quel ingénieur allemand a breveté en 1886 la première automobile à moteur à essence ?,Karl Benz,2,Transports
243,Sports & Loisirs,Comment appelle-t-on la passe lobée qu'un coéquipier reprend en l'air pour la smasher directement ?,Un alley-oop,2,Basket – vocabulaire
244,Géographie,Sous quel nom l'Eswatini était-il connu avant 2018 ?,Le Swaziland,2,Pays
244,Divertissement,"Dans « La Reine des neiges » de Disney (2013), comment s'appelle le bonhomme de neige qui rêve de l'été ?",Olaf,1,Animation
244,Histoire,Quel moine anglo-saxon surnommé « le Vénérable » a écrit une histoire ecclésiastique du peuple anglais ?,Bède,3,Angleterre médiévale
244,Arts & Littérature,"Quel animal imaginaire jaune tacheté de noir, à la queue interminable, est né dans les aventures de Spirou ?",Le Marsupilami,1,Bande dessinée
244,Sciences & Nature,Comment appelle-t-on la science qui étudie les insectes ?,L'entomologie,2,Insectes
244,Sports & Loisirs,Comment appelle-t-on la tarte à l'oignon niçoise garnie d'anchois et d'olives noires ?,La pissaladière,2,Cuisine régionale
245,Géographie,Dans quel quartier de Tokyo se trouve un carrefour piéton réputé pour être l'un des plus fréquentés du monde ?,Shibuya,2,Grandes villes
245,Divertissement,Quel petit instrument à quatre cordes est emblématique de la musique hawaïenne ?,Le ukulélé,1,Instruments
245,Histoire,Quel roi du Portugal disparaît en 1578 au Maroc lors de la bataille des Trois Rois ?,Sébastien Ier,3,Europe au XVIe siècle
245,Arts & Littérature,Quel écrivain colombien a écrit « Cent ans de solitude » ?,Gabriel García Márquez,1,Littérature latino-américaine
245,Sciences & Nature,Sous quel nom la baudroie est-elle généralement vendue chez le poissonnier ?,La lotte,2,Poissons et animaux marins
245,Sports & Loisirs,"Quel club de vacances, fondé en 1950 par Gérard Blitz, a popularisé le concept de « village » et de « GO » ?",Le Club Med,2,Voyages
246,Géographie,Quel pays a pour capitale Dacca ?,Le Bangladesh,2,Asie
246,Divertissement,Comment s'appelle la ville sous-marine où vit Bob l'éponge ?,Bikini Bottom,2,Dessins animés
246,Histoire,Quel orfèvre de Mayence mit au point l'imprimerie à caractères mobiles au milieu du XVe siècle ?,Gutenberg,1,Saint-Empire et Europe centrale
246,Arts & Littérature,Comment s'appelle le jeune héros ambitieux du « Rouge et le Noir » ?,Julien Sorel,2,Personnages
246,Sciences & Nature,Quel verbe désigne le cri du chameau ?,Blatérer,3,Cris des animaux
246,Sports & Loisirs,Combien de pales compte la pagaie utilisée en kayak ?,Deux,1,Vocabulaire et règles
247,Géographie,Quelle est la capitale de l'Arménie ?,Erevan,3,Capitales
247,Divertissement,Quel hobbit est le héros de la trilogie « Le Hobbit » réalisée par Peter Jackson ?,Bilbon Sacquet,1,Sagas
247,Histoire,"Combien de généraux ont mené le putsch d'Alger d'avril 1961, qualifié par de Gaulle de « quarteron » ?",Quatre,2,Guerre d'Algérie
247,Arts & Littérature,"Quel architecte a construit à Marseille la Cité radieuse, surnommée « la maison du fada » ?",Le Corbusier,1,Architectes
247,Sciences & Nature,"Quelle espèce d'arbre de Californie détient le record de hauteur, avec des spécimens de plus de 110 m ?",Le séquoia (à feuilles d'if),2,Arbres
247,Sports & Loisirs,"Comment appelle-t-on l'épreuve de saut composée d'un cloche-pied, d'une foulée bondissante et d'un saut final ?",Le triple saut,1,Athlétisme
248,Géographie,Quelle ville sainte de l'islam abrite la Kaaba ?,La Mecque,1,Villes
248,Divertissement,Quel compositeur a signé la musique d'« Un homme et une femme » (1966) de Claude Lelouch ?,Francis Lai,3,Musiques de films
248,Histoire,Quel pays conquiert son indépendance face à l'Empire ottoman au terme d'une guerre où s'engagea lord Byron ?,La Grèce,2,Europe au XIXe siècle
248,Arts & Littérature,Quel château de la Loire possède un escalier à double révolution souvent attribué à Léonard de Vinci ?,Chambord,1,Architecture
248,Sciences & Nature,Quelle roche volcanique très poreuse a la particularité de flotter sur l'eau ?,La pierre ponce,1,Géologie
248,Sports & Loisirs,En quelle année un accident aux 24 Heures du Mans a-t-il fait plus de 80 morts parmi les spectateurs ?,1955,3,Sports mécaniques
249,Géographie,Quelle ville est le principal port et la capitale économique du Cameroun ?,Douala,2,Villes
249,Divertissement,Quelle cantatrice surnommée « le Rossignol milanais » croise souvent la route de Tintin ?,Bianca Castafiore,2,BD franco-belge
249,Histoire,Qui assassine Henri IV rue de la Ferronnerie en 1610 ?,François Ravaillac,1,Henri IV
249,Arts & Littérature,"Quel tableau de Manet, présenté en 1865, montre une courtisane nue qui fixe le spectateur ?",Olympia,2,Tableaux célèbres
249,Sciences & Nature,Quelle est la durée approximative de la gestation chez l'éléphante d'Afrique ?,Environ 22 mois,2,Mammifères
249,Sports & Loisirs,Quelles sont les dimensions réglementaires d'un terrain de handball ?,40 m sur 20 m,2,Handball – règles
250,Géographie,Quelle baie du nord du Viêt Nam est célèbre pour ses milliers de pitons calcaires surgissant de la mer ?,La baie d'Along (Ha Long),1,Asie
250,Divertissement,Quel saxophoniste américain a enregistré l'album « A Love Supreme » ?,John Coltrane,3,Jazz
250,Histoire,Quel village de Haute-Vienne a été détruit et ses habitants massacrés par une division SS le 10 juin 1944 ?,Oradour-sur-Glane,1,Occupation
250,Arts & Littérature,"Comment s'appelle le loup, éternel ennemi de Renart, dans le « Roman de Renart » ?",Isengrin,3,Moyen Âge
250,Sciences & Nature,Quelle membrane transparente recouvre l'avant de l'œil ?,La cornée,1,Sens : la vue
250,Sports & Loisirs,"Dans quelle ville se trouve le stade de Murrayfield, antre du rugby écossais ?",Édimbourg,2,Rugby – stades
251,Géographie,"Au large de quelle ville se trouve le château d'If, rendu célèbre par Le Comte de Monte-Cristo ?",Marseille,1,Îles
251,Divertissement,Sous quel nom l'application de vidéos courtes TikTok est-elle connue en Chine ?,Douyin,2,Internet
251,Histoire,Quel cosmonaute soviétique a effectué la première sortie dans l'espace en mars 1965 ?,Alexeï Leonov,3,Conquête spatiale
251,Arts & Littérature,Quel écrivain a créé le personnage de Jean Valjean ?,Victor Hugo,1,Personnages
251,Sciences & Nature,Quelle plante fut surnommée « herbe à Nicot » en l'honneur de l'ambassadeur qui l'introduisit en France ?,Le tabac,2,Plantes
251,Sports & Loisirs,"Au judo, quel mot annonce par l'arbitre désigne l'avantage décisif qui met immédiatement fin au combat ?",Ippon,2,Arts martiaux
252,Géographie,"Quel golfe, au nord de la mer Baltique, sépare la Suède de la Finlande ?",Le golfe de Botnie,2,Mers et détroits
252,Divertissement,"Quelle suite, sortie en 2022, voit Tom Cruise reprendre son rôle de pilote de chasse 36 ans après l'original ?",Top Gun : Maverick,1,Sagas
252,Histoire,Quel scandale financier lié au percement d'un canal en Amérique centrale éclabousse la classe politique en 1892 ?,Le scandale de Panama,2,IIIe République
252,Arts & Littérature,Dans quelle pièce de Ionesco les habitants d'une ville se transforment-ils peu à peu en animaux à corne ?,Rhinocéros,2,Théâtre
252,Sciences & Nature,Quelle vitamine correspond à l'acide ascorbique ?,La vitamine C,1,Chimie : molécules
252,Sports & Loisirs,Quel club français a remporté la Coupe des vainqueurs de coupe en 1996 ?,Le Paris Saint-Germain,3,Football – clubs
253,Géographie,Quelle ville portuaire colombienne des Caraïbes est célèbre pour sa vieille ville fortifiée ?,Carthagène des Indes,2,Grandes villes
253,Divertissement,Qui est le chanteur et fondateur du groupe Indochine ?,Nicola Sirkis,1,Rock français
253,Histoire,Dans quelle ville de Bosnie plus de 8 000 hommes et adolescents musulmans ont-ils été massacrés en juillet 1995 ?,Srebrenica,2,Guerres de Yougoslavie
253,Arts & Littérature,Quel poète portugais aux multiples hétéronymes est l'auteur du « Livre de l'intranquillité » ?,Fernando Pessoa,3,Littérature portugaise
253,Sciences & Nature,Quel bactériologiste écossais a découvert la pénicilline en 1928 ?,Alexander Fleming,1,Grands scientifiques
253,Sports & Loisirs,Quel club est devenu en 1967 le premier club britannique à remporter la Coupe des clubs champions ?,Le Celtic Glasgow,3,Football – clubs
254,Géographie,Comment appelle-t-on la vaste dépression circulaire formée par l'effondrement d'un volcan ?,Une caldeira,2,Volcans
254,Divertissement,"Quel groupe de rumba gitane a chanté « Bamboléo » et « Djobi, Djoba » ?",Gipsy Kings,1,Musiques du monde
254,Histoire,Quel traité de mars 1918 a fait sortir la Russie bolchevique de la guerre ?,Le traité de Brest-Litovsk,2,Première Guerre mondiale
254,Arts & Littérature,Quel écrivain américain a créé le personnage de Tarzan ?,Edgar Rice Burroughs,3,Littérature américaine
254,Sciences & Nature,Combien de couleurs compte-t-on traditionnellement dans l'arc-en-ciel ?,Sept,1,Physique
254,Sports & Loisirs,Quel sport équestre d'équipe se joue avec un maillet et une balle sur un vaste terrain gazonné ?,Le polo,1,Équitation
255,Géographie,"Quel pays d'Asie, composé de plus de 7 000 îles, a pour capitale Manille ?",Les Philippines,1,Asie
255,Divertissement,Quel est le nom de naissance d'Elton John ?,Reginald Dwight,3,Célébrités de la musique
255,Histoire,Depuis les studios de quelle radio le général de Gaulle a-t-il lancé son appel du 18 juin 1940 ?,La BBC,1,France libre
255,Arts & Littérature,"Quelle nymphe, condamnée par Héra à ne répéter que les derniers mots entendus, se consuma d'amour pour Narcisse ?",Écho,2,Mythologie grecque
255,Sciences & Nature,Quel confiseur français a inventé la conservation des aliments par la chaleur dans des récipients hermétiques ?,Nicolas Appert,2,Inventeurs
255,Sports & Loisirs,"Comment appelle-t-on la discipline extrême consistant à sauter en parachute depuis un objet fixe, comme une falaise ou un immeuble ?",Le BASE jump,2,Sports insolites
256,Géographie,"Quel monument bruxellois, construit pour l'Exposition universelle de 1958, représente un cristal de fer agrandi ?",L'Atomium,1,Belgique
256,Divertissement,Quel chanteur irlandais des Boomtown Rats a lancé Band Aid puis le Live Aid ?,Bob Geldof,3,Célébrités de la musique
256,Histoire,Quel pays africain inflige à l'Italie une lourde défaite à Adoua en 1896 ?,L'Éthiopie,2,Colonisation
256,Arts & Littérature,Quelle écrivaine est devenue en 1980 la première femme élue à l'Académie française ?,Marguerite Yourcenar,1,Auteurs
256,Sciences & Nature,Combien de kilocalories apporte un gramme de lipides ?,9 kcal,2,Nutrition
256,Sports & Loisirs,Quel boxeur français a été sacré champion olympique des super-lourds aux Jeux de Rio en 2016 ?,Tony Yoka,2,Boxe
257,Géographie,Quelle statue colossale à corps de lion et tête humaine veille au pied des pyramides de Gizeh ?,Le Sphinx,1,Monuments
257,Divertissement,Comment s'appelle le chien le plus stupide de l'Ouest dans les aventures de Lucky Luke ?,Rantanplan,2,BD franco-belge
257,Histoire,Dans quelle ville du Tennessee Martin Luther King a-t-il été assassiné en avril 1968 ?,Memphis,2,Droits civiques
257,Arts & Littérature,Quel écrivain a écrit « Ce que l'on conçoit bien s'énonce clairement » dans son « Art poétique » ?,Nicolas Boileau,2,Citations
257,Sciences & Nature,Comment s'appelait le vaisseau spatial à bord duquel Youri Gagarine a fait le tour de la Terre ?,Vostok 1,2,Espace : missions
257,Sports & Loisirs,Quel ancien capitaine des Bleus de 1998 était le sélectionneur de l'équipe de France championne du monde en 2018 ?,Didier Deschamps,1,Football – équipe de France
258,Géographie,"Quel canal, achevé en 1893, sépare le Péloponnèse du reste de la Grèce continentale ?",Le canal de Corinthe,2,Mers et détroits
258,Divertissement,Quel chanteur de Black Sabbath est surnommé le « Prince des ténèbres » ?,Ozzy Osbourne,2,Hard rock
258,Histoire,Quel savant italien est condamné par l'Inquisition en 1633 pour avoir soutenu que la Terre tourne autour du Soleil ?,Galilée,1,Sciences
258,Arts & Littérature,"Comment s'appelle l'épée de Roland, qu'il tente en vain de briser avant de mourir ?",Durendal,2,Épopées médiévales
258,Sciences & Nature,Quel perroquet africain au plumage gris et à la queue rouge est réputé pour imiter la voix humaine ?,Le perroquet gris du Gabon,2,Oiseaux
258,Sports & Loisirs,Quel nom porte le championnat de France de football de première division depuis 2002 ?,Ligue 1,1,Football – compétitions
259,Géographie,Quel lac très salé constitue le point le plus bas des terres émergées du globe ?,La mer Morte,1,Lacs
259,Divertissement,Quel acteur incarnait le commissaire Moulin dans la série du même nom ?,Yves Rénier,3,Séries françaises
259,Histoire,Quel chancelier prussien est l'artisan de l'unité allemande ?,Otto von Bismarck,1,Unité allemande
259,Arts & Littérature,"Quel mouvement artistique italien, lancé par Marinetti en 1909, exaltait la vitesse et la machine ?",Le futurisme,2,Mouvements artistiques
259,Sciences & Nature,"Quel officier de marine français a mis au point en 1943, avec Émile Gagnan, le scaphandre autonome ?",Jacques-Yves Cousteau,1,Grands scientifiques
259,Sports & Loisirs,Dans quelle ville écossaise Saint-Étienne a-t-il perdu en 1976 la finale de la Coupe des champions dite des « poteaux carrés » ?,Glasgow,3,Football – clubs
260,Géographie,"Comment appelle-t-on un volcan conique formé de couches alternées de lave et de cendres, comme le Fuji ?",Un stratovolcan,3,Volcans
260,Divertissement,Quel acteur d'origine autrichienne incarne le cyborg de « Terminator » (1984) ?,Arnold Schwarzenegger,1,Acteurs
260,Histoire,Sous quel nom est connue la flotte espagnole défaite en 1588 lors de sa tentative d'invasion de l'Angleterre ?,L'Invincible Armada,1,Angleterre Tudor
260,Arts & Littérature,Quel poète irlandais reçut le prix Nobel de littérature en 1923 ?,William Butler Yeats,3,Prix Nobel de littérature
260,Sciences & Nature,Quelle période géologique doit son nom à un massif montagneux franco-suisse ?,Le Jurassique,1,Géologie
260,Sports & Loisirs,Quel nom de roi biblique porte une bouteille de champagne de 3 litres ?,Jéroboam,3,Vins
261,Géographie,Comment appelle-t-on le sol gelé en permanence des régions froides ?,Le pergélisol (permafrost),1,Climats et milieux
261,Divertissement,De quel groupe de rap font partie les frères Ademo et N.O.S ?,PNL,3,Rap français
261,Histoire,"Comment appelle-t-on la crise qui vit, de 1378 à 1417, deux puis trois papes rivaux se disputer la chrétienté ?",Le Grand Schisme d'Occident,2,Fin du Moyen Âge en France
261,Arts & Littérature,Quel scénariste d'Astérix a écrit les histoires du « Petit Nicolas » ?,René Goscinny,1,Littérature jeunesse
261,Sciences & Nature,Quelle zone du cerveau liée à la production du langage porte le nom d'un médecin français qui la décrivit en 1861 ?,L'aire de Broca,2,Cerveau et nerfs
261,Sports & Loisirs,Comment appelle-t-on la période de quatre ans qui sépare deux célébrations des Jeux olympiques ?,Une olympiade,2,Jeux olympiques
262,Géographie,Quelle grande ville du Sud-Ouest est surnommée « la Ville rose » ?,Toulouse,1,Villes
262,Divertissement,Quelle chanteuse a remporté la toute première saison de la Star Academy ?,Jenifer,2,Télévision
262,Histoire,"Quel roi détrôné de Pologne, beau-père de Louis XV, reçoit le duché de Lorraine ?",Stanislas Leszczynski,3,Louis XV
262,Arts & Littérature,Quel écrivain espagnol a écrit « Don Quichotte » ?,Miguel de Cervantès,1,Littérature espagnole
262,Sciences & Nature,"Quel oligo-élément, ajouté au sel de table, permet de prévenir le goitre ?",L'iode,2,Maladies
262,Sports & Loisirs,Comment appelle-t-on un collectionneur de pièces de monnaie et de médailles ?,Un numismate,2,Collections
263,Géographie,Quelle colline d'Athènes est couronnée par le Parthénon ?,L'Acropole,1,Monuments
263,Divertissement,"Quelle actrice, sœur aînée de Catherine Deneuve, lui donne la réplique dans « Les Demoiselles de Rochefort » ?",Françoise Dorléac,3,Acteurs
263,Histoire,Quel poète du XVe siècle a écrit la « Ballade des pendus » ?,François Villon,1,Culture médiévale
263,Arts & Littérature,"Comment s'appelle le vieux chien d'Ulysse qui reconnaît son maître à son retour, avant de mourir ?",Argos,3,Épopées antiques
263,Sciences & Nature,Comment appelle-t-on la peur des lieux publics et des espaces d'où il serait difficile de s'échapper ?,L'agoraphobie,1,Psychologie
263,Sports & Loisirs,Dans quelle ville de Californie a ouvert en 1955 le tout premier parc Disneyland ?,Anaheim,3,Tourisme
264,Géographie,Quelles sont les deux couleurs du drapeau suédois ?,Bleu et jaune,1,Drapeaux
264,Divertissement,Quel animateur a présenté « La Chance aux chansons » ?,Pascal Sevran,2,Animateurs
264,Histoire,Par quelle expression méprisante Voltaire a-t-il désigné le Canada ?,« Quelques arpents de neige »,2,Guerre de Sept Ans
264,Arts & Littérature,"Quel personnage de Victor Hugo, défiguré par une bouche fendue jusqu'aux oreilles, est « l'homme qui rit » ?",Gwynplaine,3,Personnages
264,Sciences & Nature,"Quelle est, par construction, la valeur moyenne du quotient intellectuel dans une population ?",100,1,Psychologie
264,Sports & Loisirs,Quel milieu de terrain français a marqué le troisième but des Bleus en finale de la Coupe du monde 2018 ?,Paul Pogba,2,Football – Coupe du monde
265,Géographie,Quel fleuve traverse Lisbonne avant de se jeter dans l'Atlantique ?,Le Tage,1,Fleuves
265,Divertissement,"Quelle actrice incarne Catherine, aimée de deux amis, dans « Jules et Jim » (1962) de François Truffaut ?",Jeanne Moreau,3,Nouvelle Vague
265,Histoire,Dans quelle rade algérienne la flotte britannique a-t-elle bombardé des navires français en juillet 1940 ?,Mers el-Kébir,2,Seconde Guerre mondiale
265,Arts & Littérature,Quel fabuliste grec de l'Antiquité a inspiré une grande partie des fables de La Fontaine ?,Ésope,1,Grands textes antiques
265,Sciences & Nature,"Quel physicien anglais, fils de forgeron, a découvert l'induction électromagnétique en 1831 ?",Michael Faraday,2,Physique
265,Sports & Loisirs,Quelle est la distance de l'épreuve olympique de nage en eau libre ?,10 km,2,Natation
266,Géographie,Quel immense désert de sable du sud de la péninsule Arabique est surnommé le « Quart Vide » ?,Le Rub al-Khali,2,Déserts
266,Divertissement,De quel mot le nom de scène « Stromae » est-il le verlan ?,Maestro,2,Pop francophone
266,Histoire,Quel aviateur français réussit la première traversée de la Manche en avion en 1909 ?,Louis Blériot,1,Sciences et techniques
266,Arts & Littérature,"Dans l'épopée de Gilgamesh, comment s'appelle l'homme sauvage devenu l'ami inséparable du héros ?",Enkidu,3,Épopées antiques
266,Sciences & Nature,"Quelle est la vitesse approximative de la lumière dans le vide, en kilomètres par seconde ?",Environ 300 000 km/s,1,Physique
266,Sports & Loisirs,"Quel jeu d'adresse consiste à retirer des blocs de bois d'une tour sans la faire tomber, son nom venant du swahili ?",Le Jenga,2,Jeux de société
267,Géographie,Dans quelle ville George Washington a-t-il prêté serment en 1789 comme premier président des États-Unis ?,New York,3,Grandes villes
267,Divertissement,Quel acteur incarne le vacancier Patrick Chirac dans « Camping » (2006) ?,Franck Dubosc,1,Comédies françaises
267,Histoire,Quel chant composé à Strasbourg en 1792 par Rouget de Lisle deviendra l'hymne national français ?,La Marseillaise,1,Révolution française
267,Arts & Littérature,Quel drame de Victor Hugo met en scène un laquais amoureux de la reine d'Espagne ?,Ruy Blas,3,Théâtre
267,Sciences & Nature,Quelle est la probabilité d'obtenir un 6 en lançant un dé équilibré à six faces ?,Une chance sur six,1,Mathématiques
267,Sports & Loisirs,Quelle prestigieuse course de galop se dispute traditionnellement le premier dimanche d'octobre à Longchamp ?,Le Prix de l'Arc de Triomphe,1,Équitation
268,Géographie,"Quel château médiéval bâti sur un rocher du Léman, près de Montreux, a inspiré un poème à Lord Byron ?",Le château de Chillon,2,Suisse
268,Divertissement,Quel hobbit est chargé de détruire l'Anneau unique dans « Le Seigneur des anneaux » ?,Frodon,1,Personnages de fiction
268,Histoire,Quelle ville est fondée en 1718 par Bienville sur les bords du Mississippi ?,La Nouvelle-Orléans,2,Colonies
268,Arts & Littérature,Dans quel restaurant parisien le jury du prix Goncourt se réunit-il pour délibérer ?,Drouant,2,Prix littéraires
268,Sciences & Nature,Quels micro-organismes transforment le lait en yaourt ?,Des bactéries lactiques,1,Nutrition
268,Sports & Loisirs,Sur quel score la France a-t-elle perdu la finale de la Coupe du monde de rugby 2011 contre la Nouvelle-Zélande ?,8-7,3,Rugby – Coupe du monde
269,Géographie,Quelle est la capitale de l'Algérie ?,Alger,1,Capitales
269,Divertissement,Quel groupe antillais a popularisé le zouk dans les années 1980 ?,Kassav',2,Musiques du monde
269,Histoire,"Quel nom les Français donnent-ils à la bataille de Borodino, livrée en 1812 ?",La Moskova,3,Napoléon
269,Arts & Littérature,Comment s'appelle l'épée du roi Arthur ?,Excalibur,1,Légendes arthuriennes
269,Sciences & Nature,"Comment qualifie-t-on les organismes, comme les plantes vertes, capables de produire leur matière organique à partir de matière minérale ?",Autotrophes,3,Écologie
269,Sports & Loisirs,"Quel attaquant français, au col relevé, était surnommé « King Eric » par les supporters de Manchester United ?",Éric Cantona,1,Football – champions
270,Géographie,Comment appelle-t-on les habitants de Tours ?,Les Tourangeaux,2,Gentilés
270,Divertissement,"Quelle chanteuse, surnommée la « Reine du disco », a chanté « I Feel Love » en 1977 ?",Donna Summer,2,Disco
270,Histoire,Quel style architectural succède en France à l'art roman au XIIe siècle ?,Le gothique,1,Église médiévale
270,Arts & Littérature,Quel animateur a lancé en 1985 les championnats d'orthographe devenus les « Dicos d'or » ?,Bernard Pivot,2,Langue française
270,Sciences & Nature,Quel gaz se dégage lorsqu'on mélange du bicarbonate de soude et du vinaigre ?,Le dioxyde de carbone,2,Chimie : réactions
270,Sports & Loisirs,Quel pari hippique français consiste à trouver les cinq premiers chevaux d'une course ?,Le Quinté+,1,Équitation
271,Géographie,"Dans quel département normand se trouve le village de Camembert, qui a donné son nom au fromage ?",L'Orne,3,Départements
271,Divertissement,Quel archéologue au chapeau et au fouet est incarné par Harrison Ford à partir de 1981 ?,Indiana Jones,1,Personnages
271,Histoire,Quel sculpteur dirigea la décoration du Parthénon et réalisa la statue chryséléphantine d'Athéna ?,Phidias,2,Grèce antique
271,Arts & Littérature,"Quel ballet de Tchaïkovski met en scène la princesse Odette, changée en oiseau par un sorcier ?",Le Lac des cygnes,1,Danse
271,Sciences & Nature,"Quel oiseau d'Amérique du Nord, qui volait autrefois en bandes de millions d'individus, s'est éteint en 1914 ?",La tourte voyageuse,3,Écologie
271,Sports & Loisirs,Combien de centilitres contient une bouteille de vin standard ?,75 cl,1,Vins
272,Géographie,"Quelle capitale du Caucase, grande ville pétrolière, s'étend au bord de la mer Caspienne ?",Bakou,2,Capitales
272,Divertissement,Quelle chanson de Céline Dion accompagne le film « Titanic » de James Cameron ?,My Heart Will Go On,1,Pop
272,Histoire,Quel blocus économique Napoléon impose-t-il au Royaume-Uni à partir de 1806 ?,Le Blocus continental,2,Napoléon
272,Arts & Littérature,Quel est le nom du cheval à huit jambes d'Odin ?,Sleipnir,3,Mythologie nordique
272,Sciences & Nature,"Quelle maladie infectieuse, jadis appelée « phtisie », a emporté de nombreux poètes romantiques ?",La tuberculose,1,Maladies
272,Sports & Loisirs,"Quel patineur français a remporté deux médailles de bronze olympiques, en 1994 et en 1998 ?",Philippe Candeloro,2,Sports d'hiver
273,Géographie,Quel est le plus long glacier des Alpes ?,Le glacier d'Aletsch,2,Suisse
273,Divertissement,Quel jeune héros des « Mystérieuses Cités d'or » porte un médaillon en forme de soleil ?,Esteban,2,Dessins animés
273,Histoire,"Quelle ville japonaise a été détruite par la première bombe atomique utilisée en temps de guerre, le 6 août 1945 ?",Hiroshima,1,Fin de la guerre
273,Arts & Littérature,"Quels moines donnent leur nom à un travail long, patient et minutieux ?",Les bénédictins,2,Expressions
273,Sciences & Nature,"Quel métal, découvert en 1875 par Lecoq de Boisbaudran, tire son nom du nom latin de la France ?",Le gallium,3,Chimie : éléments
273,Sports & Loisirs,De quelle région française la choucroute garnie est-elle la spécialité emblématique ?,L'Alsace,1,Cuisine régionale
274,Géographie,Quel est le point culminant de l'Autriche ?,Le Grossglockner,3,Montagnes
274,Divertissement,Dans quelle saga de films l'héroïne Katniss Everdeen participe-t-elle à des jeux mortels télévisés ?,Hunger Games,1,Sagas
274,Histoire,Quel archéologue britannique a découvert le tombeau de Toutânkhamon ?,Howard Carter,1,Égypte ancienne
274,Arts & Littérature,"Quel philosophe français a publié en 1975 « Surveiller et punir », consacré à la naissance de la prison ?",Michel Foucault,2,Philosophie contemporaine
274,Sciences & Nature,"Quel psychologue a démontré en 1951, avec des lignes de longueurs différentes, la force du conformisme de groupe ?",Solomon Asch,3,Psychologie
274,Sports & Loisirs,Combien de joueurs chaque équipe de football aligne-t-elle sur le terrain au coup d'envoi ?,11,1,Football – règles
275,Géographie,Sur quelle île portugaise se trouve la ville de Funchal ?,Madère,1,Îles
275,Divertissement,"Quel album de Stromae, sorti en 2013, contient « Papaoutai » et « Formidable » ?",Racine carrée,2,Albums
275,Histoire,Quel nom de code désignait l'évacuation des troupes alliées de Dunkerque en 1940 ?,Opération Dynamo,3,Campagne de France
275,Arts & Littérature,"Quel est le nom romain d'Aphrodite, déesse de l'amour ?",Vénus,1,Mythologie romaine
275,Sciences & Nature,"Quelles sondes jumelles de la NASA, lancées en 1977, emportent un disque doré contenant des sons et images de la Terre ?",Voyager 1 et 2,2,Espace : missions
275,Sports & Loisirs,Comment appelle-t-on la conduite d'un traîneau tiré par des chiens ?,Le mushing,2,Sports insolites
276,Géographie,En mémoire de quelle épouse impériale le Taj Mahal a-t-il été érigé ?,Mumtaz Mahal,2,Monuments et sites
276,Divertissement,Quel loisir né au Japon consiste à chanter un tube dont les paroles défilent à l'écran ?,Le karaoké,1,Divers
276,Histoire,"Quelle bataille de 1346, en Picardie, fut la première grande défaite terrestre française de la guerre de Cent Ans ?",Crécy,2,Guerre de Cent Ans
276,Arts & Littérature,Quel roman d'Alessandro Manzoni raconte les amours contrariées de Renzo et Lucia en Lombardie ?,Les Fiancés,3,Littérature italienne
276,Sciences & Nature,"Quel élément, présent dans toutes les molécules du vivant, est la base de la chimie organique ?",Le carbone,1,Chimie : éléments
276,Sports & Loisirs,"Quel perchiste ukrainien a été le premier athlète à franchir la barre des 6 mètres, en 1985 ?",Sergueï Bubka,2,Athlétisme
277,Géographie,Quelle oasis du désert égyptien abritait l'oracle d'Amon consulté par Alexandre le Grand ?,Siwa,3,Déserts
277,Divertissement,Quelle star des westerns américains était surnommée « the Duke » ?,John Wayne,1,Westerns
277,Histoire,"Quel objet liturgique, brisé par un guerrier franc, est au cœur d'une célèbre anecdote sur Clovis ?",Le vase de Soissons,1,Mérovingiens et Carolingiens
277,Arts & Littérature,Quel compositeur a déclenché un scandale au Théâtre des Champs-Élysées en 1913 avec « Le Sacre du printemps » ?,Igor Stravinsky,2,Compositeurs
277,Sciences & Nature,Quel gaz représente environ 78 % de l'air que nous respirons ?,L'azote (diazote),1,Chimie : éléments
277,Sports & Loisirs,"Comment appelle-t-on la base aromatique de carottes, d'oignons et de céleri taillés en dés, du nom d'un duc ?",La mirepoix,3,Vocabulaire culinaire
278,Géographie,Quelle est la capitale de la Libye ?,Tripoli,1,Capitales
278,Divertissement,Dans quel magazine hebdomadaire japonais « Dragon Ball » et « One Piece » ont-ils d'abord été publiés ?,Weekly Shōnen Jump,3,Mangas
278,Histoire,Quel amiral britannique détruit la flotte française à Aboukir en 1798 ?,Horatio Nelson,2,Napoléon
278,Arts & Littérature,Quel conteur danois a écrit « La Petite Sirène » et « Le Vilain Petit Canard » ?,Hans Christian Andersen,1,Contes
278,Sciences & Nature,"Quelle échelle de 1 à 10 classe la dureté des minéraux, du talc jusqu'au diamant ?",L'échelle de Mohs,2,Unités et mesures
278,Sports & Loisirs,Quel cépage rouge est utilisé pour tous les grands crus rouges de Bourgogne ?,Le pinot noir,2,Vins
279,Géographie,Quel quartier de Monaco est célèbre pour son casino ?,Monte-Carlo,1,Monaco
279,Divertissement,Quelle chanteuse a interprété « Tu m'oublieras » en 1998 ?,Larusso,3,Variété française
279,Histoire,Quel dernier président de la IVe République a fait appel au général de Gaulle en 1958 ?,René Coty,2,IVe République
279,Arts & Littérature,Quelle déesse grecque de la chasse est la sœur jumelle d'Apollon ?,Artémis,1,Mythologie grecque
279,Sciences & Nature,"Quel modèle alimentaire, riche en huile d'olive et en légumes, a été inscrit au patrimoine immatériel de l'Unesco en 2010 ?",La diète méditerranéenne,2,Nutrition
279,Sports & Loisirs,Quel plat national brésilien est un ragoût de haricots noirs et de viandes de porc ?,La feijoada,2,Cuisine du monde
280,Géographie,Quel cercle de mégalithes préhistoriques se dresse dans la plaine de Salisbury ?,Stonehenge,1,Monuments
280,Divertissement,Quelle chanteuse cap-verdienne était surnommée « la Diva aux pieds nus » ?,Cesária Évora,2,Musiques du monde
280,Histoire,"Quelle porte de Babylone, ornée de briques bleues émaillées, a été reconstituée dans un musée de Berlin ?",La porte d'Ishtar,2,Mésopotamie et Proche-Orient
280,Arts & Littérature,"Comment s'appelle la nourriture des dieux de l'Olympe, qui confère l'immortalité ?",L'ambroisie,2,Mythologie grecque
280,Sciences & Nature,Comment appelle-t-on la poche ventrale dans laquelle la femelle kangourou porte son petit ?,Le marsupium,3,Mammifères
280,Sports & Loisirs,"Quelle course à la voile autour du monde, en solitaire, sans escale et sans assistance, part des Sables-d'Olonne ?",Le Vendée Globe,1,Voile
281,Géographie,Quel volcan a enseveli Pompéi et Herculanum en l'an 79 ?,Le Vésuve,1,Montagnes
281,Divertissement,Quel acteur incarne le plongeur Jacques Mayol dans « Le Grand Bleu » (1988) ?,Jean-Marc Barr,3,Acteurs
281,Histoire,Quel cuirassé de la flotte russe de la mer Noire est le théâtre d'une célèbre mutinerie en 1905 ?,Le Potemkine,1,Russie
281,Arts & Littérature,"Quelle romancière suédoise, autrice du « Merveilleux Voyage de Nils Holgersson », fut en 1909 la première femme Nobel de littérature ?",Selma Lagerlöf,2,Prix Nobel de littérature
281,Sciences & Nature,"Que désigne le sigle PVC, plastique utilisé pour les canalisations et les fenêtres ?",Le polychlorure de vinyle,3,Chimie : matériaux
281,Sports & Loisirs,Quel joueur NBA est surnommé « King James » ?,LeBron James,1,Basket – champions
282,Géographie,Dans quelle mer se trouve la Grande Barrière de corail ?,La mer de Corail,2,Océans et mers
282,Divertissement,De quels animaux Indiana Jones a-t-il une peur panique ?,Les serpents,1,Personnages
282,Histoire,Quelle navette spatiale américaine s'est désintégrée lors de son retour dans l'atmosphère en février 2003 ?,Columbia,3,Conquête spatiale
282,Arts & Littérature,"Quel héros troyen fuit Troie en flammes en portant son père sur ses épaules, et devient l'ancêtre des Romains ?",Énée,1,Épopées antiques
282,Sciences & Nature,"Quel physicien français a laissé son nom, avec l'Irlandais Robert Boyle, à la loi reliant la pression et le volume d'un gaz ?",Edme Mariotte,3,Chimie : histoire
282,Sports & Loisirs,Quel judoka français a été sacré champion olympique des plus de 100 kg à Londres en 2012 puis à Rio en 2016 ?,Teddy Riner,1,Champions olympiques
283,Géographie,"Quelle est la plus haute dune d'Europe, située à l'entrée du bassin d'Arcachon ?",La dune du Pilat,1,Sites naturels
283,Divertissement,Quel animateur a présenté l'émission de variétés « Champs-Élysées » dans les années 1980 ?,Michel Drucker,2,Télévision
283,Histoire,Quel saint italien fonda au VIe siècle l'abbaye du Mont-Cassin et rédigea une règle monastique ?,Saint Benoît,2,Église médiévale
283,Arts & Littérature,Quel dramaturge allemand a écrit « Les Brigands » et « Guillaume Tell » ?,Friedrich Schiller,2,Littérature allemande
283,Sciences & Nature,"Quel gaz toxique et inodore, produit par une combustion incomplète, est responsable d'intoxications domestiques ?",Le monoxyde de carbone,1,Chimie : molécules
283,Sports & Loisirs,"Quelle juridiction, dont le sigle est TAS, siège à Lausanne pour trancher les litiges sportifs ?",Le Tribunal arbitral du sport,3,Vocabulaire et règles
284,Géographie,"Quelle petite île face à Dakar, avec sa Maison des esclaves, est un lieu de mémoire de la traite négrière ?",L'île de Gorée,1,Îles
284,Divertissement,"Quel est le prénom du commissaire Maigret, le héros de Georges Simenon ?",Jules,3,Personnages de fiction
284,Histoire,Quelle bataille aérienne de l'été et de l'automne 1940 a opposé la RAF à la Luftwaffe ?,La bataille d'Angleterre,1,Seconde Guerre mondiale
284,Arts & Littérature,"Quelle nounou de Chicago, disparue en 2009, a été révélée comme une grande photographe de rue après sa mort ?",Vivian Maier,3,Photographie
284,Sciences & Nature,Que signifie le sigle AVC ?,Accident vasculaire cérébral,1,Maladies
284,Sports & Loisirs,"Quel golfeur américain a remporté le Masters d'Augusta en 1997, à seulement 21 ans ?",Tiger Woods,1,Golf
285,Géographie,Quelle ville russe du Pacifique est le terminus oriental du Transsibérien ?,Vladivostok,2,Asie
285,Divertissement,Combien d'espèces de Pokémon comptait la première génération de jeux ?,151,2,Jeux vidéo
285,Histoire,Quelle capitale européenne est détruite par un tremblement de terre suivi d'un tsunami en 1755 ?,Lisbonne,2,Europe au XVIIIe siècle
285,Arts & Littérature,Quelle reine de Carthage se donne la mort après avoir été abandonnée par Énée ?,Didon,2,Épopées antiques
285,Sciences & Nature,Comment appelle-t-on le régime de vents saisonniers qui apporte de fortes pluies en Inde en été ?,La mousson,1,Météorologie
285,Sports & Loisirs,"Quelle brioche alsacienne en forme de couronne, cuite dans un moule en terre, contient raisins secs et amandes ?",Le kouglof,2,Cuisine régionale
286,Géographie,Entre quels deux pays se trouvent les chutes Victoria ?,La Zambie et le Zimbabwe,2,Frontières
286,Divertissement,"Quel chat bleu est harcelé par trois cafards nommés Joey, Dee Dee et Marky ?",Oggy,1,Dessins animés
286,Histoire,Quel nom de code désignait l'ensemble de l'opération de débarquement en Normandie en 1944 ?,Opération Overlord,2,Débarquement
286,Arts & Littérature,Dans quel musée madrilène est exposé « Guernica » de Picasso ?,Le musée Reina Sofía,3,Musées
286,Sciences & Nature,Quel est le mammifère terrestre le plus rapide ?,Le guépard,1,Mammifères
286,Sports & Loisirs,"Chez les femmes, quelle distance a la course de haies courte, équivalente du 110 m haies masculin ?",100 m haies,2,Athlétisme
287,Géographie,"Quel col des Hautes-Pyrénées, reliant Barèges à Sainte-Marie-de-Campan, est un grand classique du Tour de France ?",Le col du Tourmalet,2,Montagnes
287,Divertissement,Quel album de Nirvana montre sur sa pochette un bébé nageant vers un billet de un dollar ?,Nevermind,2,Albums
287,Histoire,Quel sport a donné son nom à la « diplomatie » qui a amorcé le rapprochement sino-américain en 1971 ?,Le ping-pong,2,Guerre froide
287,Arts & Littérature,Quel compositeur vénitien a écrit le cycle de concertos « Les Quatre Saisons » ?,Antonio Vivaldi,1,Musique baroque
287,Sciences & Nature,À combien de degrés Celsius correspond le zéro absolu ?,"−273,15 °C",2,Physique
287,Sports & Loisirs,Quel cépage compose les vins rouges du Beaujolais ?,Le gamay,2,Vins
288,Géographie,Quel est le point culminant de la Corse ?,Le monte Cinto,3,Montagnes
288,Divertissement,"Qui a réalisé le film « Les Dents de la mer », sorti en 1975 ?",Steven Spielberg,1,Réalisateurs
288,Histoire,Quel officier a fondé la République de Turquie en 1923 et en fut le premier président ?,Mustafa Kemal (Atatürk),1,Monde de l'entre-deux-guerres
288,Arts & Littérature,Sous quel pseudonyme une romancière italienne à l'identité secrète a-t-elle signé la saga « L'Amie prodigieuse » ?,Elena Ferrante,2,Littérature italienne
288,Sciences & Nature,"Quelle unité de surface, notée « ha », vaut 10 000 mètres carrés ?",L'hectare,1,Unités et mesures
288,Sports & Loisirs,Quel club breton de football est surnommé « les Merlus » ?,Le FC Lorient,3,Football – clubs
289,Géographie,Quelle était la monnaie de l'Italie avant l'euro ?,La lire,1,Monnaies
289,Divertissement,Quel compositeur français a signé la musique des « Parapluies de Cherbourg » ?,Michel Legrand,2,Musiques de films
289,Histoire,"Quel prêtre lance en 1810 le « cri de Dolores », point de départ de l'indépendance du Mexique ?",Miguel Hidalgo,3,Amérique latine
289,Arts & Littérature,"Quelle courte pièce pour piano de Beethoven, en la mineur, est un passage obligé des apprentis pianistes ?",Lettre à Élise,1,Œuvres
289,Sciences & Nature,Comment appelle-t-on la réaction chimique à l'origine de la formation de la rouille sur le fer ?,L'oxydation,1,Chimie : réactions
289,Sports & Loisirs,"Quel couturier a été l'un des premiers à présenter une collection de prêt-à-porter dans un grand magasin, en 1959 ?",Pierre Cardin,3,Mode
290,Géographie,Quelle est la langue officielle de l'Iran ?,Le persan (farsi),1,Langues
290,Divertissement,"Quel film de Quentin Tarantino (2019) se déroule dans le Hollywood de 1969, avec DiCaprio et Brad Pitt ?",Once Upon a Time… in Hollywood,2,Réalisateurs
290,Histoire,Quel acte de 1707 unit les royaumes d'Angleterre et d'Écosse ?,L'Acte d'Union,3,Angleterre
290,Arts & Littérature,Quel peintre naïf français était surnommé « le Douanier » ?,Henri Rousseau,1,Peintres
290,Sciences & Nature,Lors de quelle conférence de l'ONU l'accord de Paris sur le climat a-t-il été adopté en 2015 ?,La COP21,1,Écologie
290,Sports & Loisirs,"Quel jouet à dessin, avec deux boutons et un écran de poudre d'aluminium, fut inventé par le Français André Cassagnes ?",L'Écran magique,3,Jouets
291,Géographie,De quelle préfecture des Ardennes les Carolomacériens sont-ils les habitants ?,Charleville-Mézières,3,Gentilés
291,Divertissement,Quel oiseau très rapide échappe toujours aux pièges de Vil Coyote ?,Bip Bip,1,Dessins animés
291,Histoire,Dans quel sanctuaire la Pythie rendait-elle les oracles d'Apollon ?,Delphes,1,Grèce antique
291,Arts & Littérature,Quel roman d'Ivan Gontcharov a donné son nom à un mot russe désignant la paresse apathique ?,Oblomov,3,Littérature russe
291,Sciences & Nature,Combien de kilomètres mesure approximativement un mile terrestre ?,"Environ 1,6 km",1,Unités et mesures
291,Sports & Loisirs,"Quel joueur des Milwaukee Bucks, champion NBA en 2021, est surnommé « the Greek Freak » ?",Giannis Antetokounmpo,2,Basket – champions
292,Géographie,"Quel aqueduc romain à trois niveaux d'arches enjambe le Gardon, près de Remoulins ?",Le pont du Gard,1,Patrimoine UNESCO
292,Divertissement,"Dans quelle ville se déroule « Nathalie », la chanson de Gilbert Bécaud sur une guide touristique ?",Moscou,2,Paroles célèbres
292,Histoire,Quel représentant en mission de la Convention organise les noyades de Nantes en 1793-1794 ?,Jean-Baptiste Carrier,3,Révolution française
292,Arts & Littérature,Quel Titan a dérobé le feu aux dieux pour le donner aux hommes ?,Prométhée,1,Mythologie grecque
292,Sciences & Nature,Quelle base azotée remplace la thymine dans l'ARN ?,L'uracile,2,Génétique
292,Sports & Loisirs,Comment appelle-t-on les jeux traditionnels écossais où l'on pratique notamment le lancer de tronc ?,Les Highland Games,2,Sports insolites
293,Géographie,Près de quelle ville de Floride se trouve le complexe Walt Disney World ?,Orlando,1,Grandes villes
293,Divertissement,De quel spectacle musical français la chanson « Les Rois du monde » est-elle tirée ?,Roméo et Juliette,2,Comédies musicales
293,Histoire,"Quel empire d'Afrique de l'Ouest, dont la capitale était Gao, s'effondre en 1591 après l'invasion marocaine ?",L'Empire songhaï,3,Afrique
293,Arts & Littérature,Qui a écrit « Madame Bovary » ?,Gustave Flaubert,1,Romans
293,Sciences & Nature,"Quelle hormone, sécrétée par l'estomac vide, est surnommée « hormone de la faim » ?",La ghréline,3,Nutrition
293,Sports & Loisirs,Quelle discipline pratiquée sur des murs artificiels a fait son entrée aux Jeux olympiques à Tokyo en 2021 ?,L'escalade,1,Sports insolites
294,Géographie,Quelle ville du Kurdistan irakien est dominée par une citadelle habitée depuis des millénaires ?,Erbil,3,Villes
294,Divertissement,"Dans « Le Dîner de cons » (1998), comment s'appelle le personnage joué par Jacques Villeret ?",François Pignon,1,Comédies françaises
294,Histoire,"Quel château de l'Ariège, dernier grand refuge cathare, tomba en 1244 ?",Montségur,2,Croisade des Albigeois
294,Arts & Littérature,Quel dieu nordique rusé et métamorphe est le fauteur de troubles du panthéon ?,Loki,1,Mythologie nordique
294,Sciences & Nature,"Quel savant français, auteur du « Traité de mécanique céleste », a imaginé un démon capable de prédire tout l'avenir ?",Pierre-Simon de Laplace,3,Grands scientifiques
294,Sports & Loisirs,Combien de joueurs chaque équipe de basket-ball aligne-t-elle sur le terrain ?,5,1,Basket – règles
295,Géographie,"Quelle île de l'océan Indien, patrie du dodo disparu, a pour capitale Port-Louis ?",Maurice,1,Îles
295,Divertissement,"Quel roman graphique d'Art Spiegelman, où les Juifs sont des souris et les nazis des chats, a reçu un prix Pulitzer ?",Maus,3,Comics
295,Histoire,Quel président du Conseil français a été surnommé « le Père la Victoire » ?,Georges Clemenceau,1,Première Guerre mondiale
295,Arts & Littérature,Comment appelle-t-on les arcs extérieurs qui contrebutent les murs des cathédrales gothiques ?,Les arcs-boutants,2,Architecture
295,Sciences & Nature,Contre quelle maladie virale tropicale la vaccination est-elle obligatoire pour se rendre en Guyane ?,La fièvre jaune,2,Vaccins
295,Sports & Loisirs,Sur quel continent le rallye Dakar s'est-il disputé de 2009 à 2019 ?,L'Amérique du Sud,2,Sports mécaniques
296,Géographie,Sous quel autre nom le lac de Tibériade est-il connu dans les Évangiles ?,La mer de Galilée,2,Lacs
296,Divertissement,Quelle race de chien japonaise est représentée dans le mème « Doge » ?,Le shiba inu,2,Internet
296,Histoire,Quel dernier grand maître de l'ordre du Temple fut brûlé à Paris en 1314 ?,Jacques de Molay,2,Capétiens
296,Arts & Littérature,"Comment appelle-t-on un ensemble formé de deux violons, un alto et un violoncelle ?",Un quatuor à cordes,1,Formations
296,Sciences & Nature,Quel rapace est l'animal le plus rapide du monde lorsqu'il fond en piqué sur sa proie ?,Le faucon pèlerin,2,Oiseaux
296,Sports & Loisirs,Quel nom porte le court central du stade Roland-Garros ?,Le court Philippe-Chatrier,2,Tennis – stades
297,Géographie,"À quel archipel espagnol appartiennent Majorque, Minorque et Ibiza ?",Les Baléares,1,Îles
297,Divertissement,Quel poète a coécrit avec Paul Grimault le film d'animation « Le Roi et l'Oiseau » (1980) ?,Jacques Prévert,3,Animation
297,Histoire,Comment appelle-t-on la série d'attentats du 1er novembre 1954 qui marque le début de la guerre d'Algérie ?,La Toussaint rouge,2,Guerre d'Algérie
297,Arts & Littérature,Quel roman de Dostoïevski a pour héros le bon et naïf prince Mychkine ?,L'Idiot,2,Littérature russe
297,Sciences & Nature,Quel verbe désigne le cri du cheval ?,Hennir,1,Cris des animaux
297,Sports & Loisirs,Quelle route mythique des États-Unis reliait Chicago à Santa Monica ?,La Route 66,2,Voyages
298,Géographie,"Quel château bavarois, construit pour Louis II, a inspiré le château de la Belle au bois dormant de Disney ?",Neuschwanstein,1,Monuments
298,Divertissement,Quel acteur prêtait sa voix au narrateur des « Shadoks » ?,Claude Piéplu,3,Dessins animés
298,Histoire,Quel paquebot fait naufrage dans l'Atlantique Nord en avril 1912 lors de son voyage inaugural ?,Le Titanic,1,Sciences et techniques
298,Arts & Littérature,"Dans l'expression « à brûle-pourpoint », qu'est-ce qu'un pourpoint ?",Un vêtement couvrant le torse,3,Expressions
298,Sciences & Nature,Quel insecte des étés provençaux « chante » grâce à des membranes appelées cymbales ?,La cigale,1,Insectes
298,Sports & Loisirs,"Quel palace de la place Vendôme, à Paris, a été ouvert en 1898 par un hôtelier suisse ?",Le Ritz,2,Tourisme
299,Géographie,Quelle est la capitale de la Sardaigne ?,Cagliari,3,Villes
299,Divertissement,Quel film de Christopher Nolan (2010) met en scène des voleurs qui s'infiltrent dans les rêves ?,Inception,1,Science-fiction
299,Histoire,Par quel massif forestier les divisions blindées allemandes ont-elles percé le front français en mai 1940 ?,Les Ardennes,2,Campagne de France
299,Arts & Littérature,Quel siècle est surnommé en France le « siècle des Lumières » ?,Le XVIIIe siècle,1,Histoire littéraire
299,Sciences & Nature,Quel physiologiste français a publié en 1865 une « Introduction à l'étude de la médecine expérimentale » et défini le « milieu intérieur » ?,Claude Bernard,2,Biologie générale
299,Sports & Loisirs,"Quel attaquant a réussi un triplé en finale de la Coupe du monde 2022, sans pouvoir éviter la défaite de la France ?",Kylian Mbappé,1,Football – Coupe du monde
300,Géographie,Quelle ville fut la capitale du Brésil jusqu'en 1960 ?,Rio de Janeiro,2,Amériques
300,Divertissement,Quel croquemitaine au pull rayé et au gant griffu hante les rêves dans « Les Griffes de la nuit » (1984) ?,Freddy Krueger,1,Horreur
300,Histoire,Quelle famille d'industriels a fait du Creusot un géant de la sidérurgie au XIXe siècle ?,Les Schneider,2,Révolution industrielle
300,Arts & Littérature,"Quel poète a écrit le sonnet « Heureux qui, comme Ulysse, a fait un beau voyage » ?",Joachim du Bellay,2,Poésie
300,Sciences & Nature,"Quel saint, fêté le 8 juin, est associé au dicton annonçant quarante jours de pluie s'il pleut ce jour-là ?",Saint Médard,2,Météorologie
300,Sports & Loisirs,"Quelle technique d'impression artisanale fait passer l'encre à travers un écran tendu, traditionnellement de soie ?",La sérigraphie,2,Loisirs créatifs
301,Géographie,Quel micro-État enclavé en Italie se présente comme la plus ancienne république du monde ?,Saint-Marin,2,Pays
301,Divertissement,Quel pirate au chapeau de paille rêve de devenir le roi des pirates dans « One Piece » ?,Monkey D. Luffy,1,Mangas
301,Histoire,Quel poème épique en vieil anglais raconte le combat d'un héros contre le monstre Grendel ?,Beowulf,3,Culture médiévale
301,Arts & Littérature,Quel vase sacré les chevaliers de la Table ronde partent-ils chercher dans leur grande quête ?,Le Graal,1,Légendes arthuriennes
301,Sciences & Nature,"Quelles cellules de la rétine, très sensibles à la lumière, assurent la vision nocturne ?",Les bâtonnets,2,Sens : la vue
301,Sports & Loisirs,"Comment appelle-t-on les 22 atouts illustrés d'un tarot divinatoire, comme le Bateleur ou la Roue de fortune ?",Les arcanes majeurs,2,Jeux de cartes
302,Géographie,"Quelle grotte de Dordogne, découverte en 1940, est surnommée « la chapelle Sixtine de la préhistoire » ?",Lascaux,1,Sites naturels
302,Divertissement,"Quel est le nom français du clown maléfique de « Ça », adapté du roman de Stephen King ?",Grippe-Sou,2,Horreur
302,Histoire,"Quel nom de code portait le premier essai nucléaire français, réalisé dans le Sahara en février 1960 ?",Gerboise bleue,3,Ve République
302,Arts & Littérature,Quel préfet de la Seine a dirigé les grands travaux de transformation de Paris sous Napoléon III ?,Le baron Haussmann,1,Urbanisme
302,Sciences & Nature,Quel médecin breton a inventé le stéthoscope en 1816 ?,René Laennec,3,Grands scientifiques
302,Sports & Loisirs,Quelle Française a remporté le tournoi de Wimbledon en 2013 ?,Marion Bartoli,1,Tennis – champions
303,Géographie,Quel pays d'Asie centrale a pour capitale Bichkek ?,Le Kirghizistan,3,Asie
303,Divertissement,"Quel animal de compagnie virtuel japonais, logé dans un petit œuf en plastique, a fait fureur à la fin des années 1990 ?",Le Tamagotchi,1,Culture pop
303,Histoire,Quel tsar fonde Saint-Pétersbourg en 1703 ?,Pierre le Grand,1,Russie
303,Arts & Littérature,Quel philosophe autrichien a écrit le « Tractatus logico-philosophicus » ?,Ludwig Wittgenstein,3,Philosophie contemporaine
303,Sciences & Nature,Quel orfèvre de Mayence a mis au point l'imprimerie à caractères mobiles en Europe vers 1450 ?,Johannes Gutenberg,1,Inventeurs
303,Sports & Loisirs,Dans quelle ville du Nord lance-t-on des harengs depuis le balcon de l'hôtel de ville pendant le carnaval ?,Dunkerque,2,Fêtes et traditions
304,Géographie,Quelle ville péruvienne était la capitale de l'Empire inca ?,Cuzco,2,Amériques
304,Divertissement,Quelle cérémonie française récompense chaque année les artistes musicaux depuis 1985 ?,Les Victoires de la musique,1,Récompenses
304,Histoire,"Quelle bataille de 1453, en Gironde, mit fin à la guerre de Cent Ans ?",Castillon,3,Guerre de Cent Ans
304,Arts & Littérature,À quel démon le docteur Faust vend-il son âme ?,Méphistophélès,1,Littérature allemande
304,Sciences & Nature,"Quel muscle de la cuisse, surnommé « couturier », est le plus long du corps humain ?",Le sartorius,3,Muscles
304,Sports & Loisirs,"Quel canal, reliant Toulouse à l'étang de Thau, est un haut lieu du tourisme fluvial classé à l'UNESCO ?",Le canal du Midi,1,Tourisme
305,Géographie,De quelle ville de Meurthe-et-Moselle les Mussipontains sont-ils les habitants ?,Pont-à-Mousson,3,Gentilés
305,Divertissement,Quel ogre vert est le héros d'un film d'animation de DreamWorks sorti en 2001 ?,Shrek,1,Animation
305,Histoire,Quel général américain a déclaré « I shall return » en quittant les Philippines en 1942 ?,Douglas MacArthur,2,Guerre du Pacifique
305,Arts & Littérature,Avec quel peintre français Pablo Picasso a-t-il inventé le cubisme ?,Georges Braque,1,Mouvements artistiques
305,Sciences & Nature,Quel est le plus grand félin du continent américain ?,Le jaguar,2,Mammifères
305,Sports & Loisirs,"Quel fromage auvergnat doit son nom au maréchal de Senneterre, qui l'aurait fait servir à la table de Louis XIV ?",Le saint-nectaire,3,Fromages
306,Géographie,Quel pays africain fait figurer sur son drapeau un bouclier masaï et deux lances croisées ?,Le Kenya,3,Drapeaux
306,Divertissement,Quel animateur a présenté « Le Petit Journal » sur Canal+ avant de lancer « Quotidien » sur TMC ?,Yann Barthès,1,Animateurs
306,Histoire,"Quel président de la Ve République est mort en cours de mandat, en avril 1974 ?",Georges Pompidou,1,Ve République
306,Arts & Littérature,Quel architecte brésilien a conçu les principaux bâtiments de la capitale Brasília ?,Oscar Niemeyer,2,Architectes
306,Sciences & Nature,"Quel élément, de numéro atomique 101, porte le nom du père du tableau périodique ?",Le mendélévium,3,Chimie : éléments
306,Sports & Loisirs,"Quel cocktail cubain associe rhum blanc, citron vert, sucre, menthe fraîche et eau gazeuse ?",Le mojito,1,Cocktails
307,Géographie,Quel pays de la péninsule Arabique a pour capitale Mascate ?,Oman,2,Asie
307,Divertissement,Quel film de Giuseppe Tornatore (1988) raconte l'amitié d'un enfant et d'un projectionniste dans un village sicilien ?,Cinema Paradiso,2,Cinéma européen
307,Histoire,"Depuis la réforme constitutionnelle de 1962, comment le président de la République est-il élu ?",Au suffrage universel direct,1,Ve République
307,Arts & Littérature,"Quel ballet de Léo Delibes, créé en 1870, met en scène une poupée mécanique dont un jeune homme s'éprend ?",Coppélia,3,Danse
307,Sciences & Nature,Combien de bosses possède le dromadaire ?,Une,1,Mammifères
307,Sports & Loisirs,Quel sport collectif sans arbitre oppose deux équipes de sept joueurs qui se passent un disque volant ?,L'ultimate,2,Sports insolites
308,Géographie,Quelle rivière forme une large boucle autour du centre historique de Besançon ?,Le Doubs,2,Fleuves et rivières
308,Divertissement,Quel acteur a reçu l'Oscar du meilleur acteur en 2020 pour le rôle-titre de « Joker » ?,Joaquin Phoenix,2,Oscars
308,Histoire,Quel pays européen a mené des guerres coloniales en Angola et au Mozambique jusqu'en 1974 ?,Le Portugal,2,Décolonisation
308,Arts & Littérature,Sur quelle île Ulysse est-il roi ?,Ithaque,1,Épopées antiques
308,Sciences & Nature,Que stocke principalement le chameau dans sa ou ses bosses ?,De la graisse,2,Mammifères
308,Sports & Loisirs,"Quel bras de mer le capitaine Matthew Webb a-t-il été le premier à traverser à la nage, en 1875 ?",La Manche,2,Natation
309,Géographie,Quel atoll de Polynésie française fut le principal site des essais nucléaires français ?,Mururoa (Moruroa),2,Océanie
309,Divertissement,Quel acteur incarne le surveillant Clément Mathieu dans « Les Choristes » ?,Gérard Jugnot,2,Acteurs
309,Histoire,Quel pays d'Afrique des Grands Lacs a été le théâtre du génocide des Tutsi en 1994 ?,Le Rwanda,1,Monde contemporain
309,Arts & Littérature,Sur quelle île des Cyclades Léto mit-elle au monde le dieu Apollon ?,Délos,3,Mythologie grecque
309,Sciences & Nature,Quelle est la plus grande planète du Système solaire ?,Jupiter,1,Astronomie : planètes
309,Sports & Loisirs,Quel Français a atteint la finale de Roland-Garros en 1988 ?,Henri Leconte,3,Tennis – champions
310,Géographie,Quel monument berlinois surmonté d'un quadrige est devenu le symbole de la réunification allemande ?,La porte de Brandebourg,1,Monuments
310,Divertissement,Dans quel magazine Astérix est-il apparu pour la première fois en 1959 ?,Pilote,3,BD franco-belge
310,Histoire,"Quel pays l'URSS a-t-elle envahi en décembre 1979, s'engageant dans une guerre de près de dix ans ?",L'Afghanistan,1,Guerre froide
310,Arts & Littérature,"Quel chef d'orchestre autrichien a dirigé l'Orchestre philharmonique de Berlin pendant plus de trente ans, jusqu'en 1989 ?",Herbert von Karajan,2,Chefs d'orchestre
310,Sciences & Nature,Quel mathématicien écossais a inventé les logarithmes au début du XVIIe siècle ?,John Napier (Neper),3,Mathématiques
310,Sports & Loisirs,Quel grimpeur français a remporté à sept reprises le maillot à pois du Tour de France ?,Richard Virenque,1,Cyclisme – champions
311,Géographie,"Quelle cité antique fondée par les Phéniciens, rivale de Rome, se trouve aux portes de Tunis ?",Carthage,1,Monuments
311,Divertissement,"Quel acteur incarne Tom, le gérant du camping de la série de TF1 « Camping Paradis » ?",Laurent Ournac,2,Séries françaises
311,Histoire,Quel mot espagnol désigne l'exode de près d'un demi-million de républicains vers la France en 1939 ?,La Retirada,3,Guerre d'Espagne
311,Arts & Littérature,"Quel oiseau marin, « prince des nuées » moqué par les marins, donne son titre à un poème de Baudelaire ?",L'albatros,2,Poésie
311,Sciences & Nature,Comment appelle-t-on un objet céleste si dense que même la lumière ne peut s'en échapper ?,Un trou noir,1,Astronomie : galaxies
311,Sports & Loisirs,Dans quel stade du sud-ouest de Londres le XV de la Rose joue-t-il ses matchs à domicile ?,Twickenham,1,Rugby – stades
312,Géographie,"Quel État d'Océanie, ancien condominium franco-britannique, s'appelait les Nouvelles-Hébrides ?",Le Vanuatu,2,Océanie
312,Divertissement,Quel jeu télévisé européen opposait des villes de plusieurs pays dans des épreuves loufoques et costumées ?,Jeux sans frontières,2,Jeux télé
312,Histoire,"Comment appelle-t-on le départ de Mahomet pour Médine en 622, point de départ du calendrier musulman ?",L'hégire,1,Monde musulman médiéval
312,Arts & Littérature,"Dans quelle pièce de Shakespeare un vieux roi partage-t-il son royaume entre ses filles Goneril, Régane et Cordelia ?",Le Roi Lear,2,Littérature anglaise
312,Sciences & Nature,Quel rapace à tête blanche est l'emblème national des États-Unis ?,Le pygargue à tête blanche,2,Oiseaux
312,Sports & Loisirs,Quelle pièce montée de choux caramélisés est traditionnellement servie aux mariages en France ?,Le croquembouche,1,Pâtisserie
313,Géographie,Comment appelle-t-on les grandes plaines herbeuses d'Argentine ?,La pampa,1,Climats et milieux
313,Divertissement,Quel groupe punk londonien a sorti l'album « London Calling » ?,The Clash,3,Punk
313,Histoire,"Quel est le nom du dernier empereur romain d'Occident, déposé en 476 ?",Romulus Augustule,2,Rome antique
313,Arts & Littérature,Quel écrivain américain a écrit « Les Aventures de Tom Sawyer » ?,Mark Twain,1,Littérature américaine
313,Sciences & Nature,"Quelle civilisation antique utilisait un système en base 60, dont héritent nos minutes et nos secondes ?",Les Babyloniens (Sumériens),2,Mathématiques
313,Sports & Loisirs,Quelle ville savoyarde a organisé les Jeux olympiques d'hiver de 1992 ?,Albertville,1,Villes olympiques
314,Géographie,Dans quelle capitale africaine le Nil Blanc et le Nil Bleu se rejoignent-ils ?,Khartoum,2,Fleuves
314,Divertissement,Quel acteur incarne l'écuyer Jacquouille la Fripouille dans « Les Visiteurs » (1993) ?,Christian Clavier,1,Comédies françaises
314,Histoire,Quel programme de défense antimissile de Ronald Reagan a été surnommé « guerre des étoiles » ?,L'Initiative de défense stratégique,3,Guerre froide
314,Arts & Littérature,Comment s'appellent les guerrières qui choisissent les héros morts au combat pour les mener auprès d'Odin ?,Les Valkyries,1,Mythologie nordique
314,Sciences & Nature,Comment appelle-t-on le petit du lièvre ?,Le levraut,2,Noms des petits
314,Sports & Loisirs,"Dans quel parc du Queens, à New York, se dispute l'US Open ?",Flushing Meadows,2,Tennis – stades
315,Géographie,"Quel parc créé en 1872, situé principalement dans le Wyoming, est considéré comme le premier parc national du monde ?",Yellowstone,2,Amériques
315,Divertissement,Quel cinéaste et acteur français a créé le personnage lunaire de Monsieur Hulot ?,Jacques Tati,2,Réalisateurs
315,Histoire,Quel duc de Normandie conquit l'Angleterre en 1066 ?,Guillaume le Conquérant,1,Angleterre médiévale
315,Arts & Littérature,"Quel architecte a conçu la Fondation Louis Vuitton au bois de Boulogne, avec ses voiles de verre ?",Frank Gehry,2,Architectes
315,Sciences & Nature,"Quelle substance du cacao, proche de la caféine, rend le chocolat toxique pour les chiens ?",La théobromine,3,Nutrition
315,Sports & Loisirs,"Quelle ville est célèbre pour ses cannelés, petits gâteaux caramélisés au rhum et à la vanille ?",Bordeaux,1,Pâtisserie
316,Géographie,"Quel lac des Balkans, l'un des plus anciens d'Europe, a donné son nom à une ville de Macédoine du Nord classée à l'Unesco ?",Le lac d'Ohrid,3,Lacs
316,Divertissement,Quel compositeur américain a écrit la musique de la saga « Star Wars » ?,John Williams,1,Musiques de films
316,Histoire,Dans quelle université de la banlieue parisienne est né le « mouvement du 22 Mars » en 1968 ?,Nanterre,2,Mai 68
316,Arts & Littérature,Quel dieu grec règne sur l'Olympe et manie la foudre ?,Zeus,1,Mythologie grecque
316,Sciences & Nature,"Quel appareil, branché en série dans un circuit, mesure l'intensité du courant électrique ?",L'ampèremètre,1,Unités et mesures
316,Sports & Loisirs,"Quel grimpeur luxembourgeois, surnommé « l'Ange de la montagne », a remporté le Tour 1958 ?",Charly Gaul,3,Cyclisme – champions
317,Géographie,Sur quelle péninsule se trouve la partie continentale du Danemark ?,Le Jutland,2,Pays
317,Divertissement,De quelle île des Caraïbes le reggae est-il originaire ?,La Jamaïque,1,Reggae
317,Histoire,Quel président américain a présenté en janvier 1918 un programme de paix en « Quatorze Points » ?,Woodrow Wilson,2,Traités de paix
317,Arts & Littérature,Quel photographe français a documenté les rues et les boutiques du vieux Paris au début du XXe siècle ?,Eugène Atget,3,Photographie
317,Sciences & Nature,Quel moine a découvert les lois de l'hérédité en croisant des petits pois ?,Gregor Mendel,1,Génétique
317,Sports & Loisirs,"Quel oiseau, symbole de longévité, est la figure la plus célèbre de l'origami japonais ?",La grue,2,Loisirs créatifs
318,Géographie,Que signifient les lettres CH utilisées pour désigner la Suisse ?,Confoederatio Helvetica,2,Suisse
318,Divertissement,Quel homme politique surnommé « le Tigre » a créé les brigades mobiles qui ont inspiré la série « Les Brigades du Tigre » ?,Georges Clemenceau,2,Séries françaises
318,Histoire,En quelle année les pièces et billets en euros ont-ils été mis en circulation ?,2002,1,Construction européenne
318,Arts & Littérature,"Quel héros de Jules Verne, courrier du tsar, traverse la Sibérie ?",Michel Strogoff,2,Personnages
318,Sciences & Nature,Comment appelle-t-on le petit de la perdrix ?,Le perdreau,2,Noms des petits
318,Sports & Loisirs,"Quelle discipline équestre olympique, parfois décrite comme un ballet, consiste à enchaîner des figures imposées ?",Le dressage,1,Équitation
319,Géographie,Quelle ville du Doubs a vu naître Victor Hugo en 1802 ?,Besançon,2,Villes
319,Divertissement,Quelle émission s'achevait par « les décors sont de Roger Harth et les costumes de Donald Cardwell » ?,Au théâtre ce soir,2,Émissions
319,Histoire,Quel ghetto s'est soulevé contre les nazis en avril 1943 ?,Le ghetto de Varsovie,2,Shoah
319,Arts & Littérature,"Quel compositeur italien a écrit l'opéra « Le Barbier de Séville », créé à Rome en 1816 ?",Gioachino Rossini,1,Opéra
319,Sciences & Nature,Quel mathématicien suisse a résolu en 1736 le problème des sept ponts de Königsberg ?,Leonhard Euler,2,Mathématiques
319,Sports & Loisirs,Combien de pions chaque joueur possède-t-il au début d'une partie d'échecs ?,Huit,1,Échecs
320,Géographie,Quel est le point culminant de l'Afrique ?,Le Kilimandjaro,1,Montagnes
320,Divertissement,Quel ancien joueur de baseball devient employé de maison chez Angela dans « Madame est servie » ?,Tony Micelli,3,Sitcoms
320,Histoire,Quels jardins de Babylone figuraient parmi les sept merveilles du monde antique ?,Les jardins suspendus,1,Mésopotamie et Proche-Orient
320,Arts & Littérature,"Comment s'appelle le jeune héros de « Sans famille », qui parcourt la France avec Vitalis ?",Rémi,2,Littérature jeunesse
320,Sciences & Nature,"Quel vent chaud et sec descend les versants des Alpes, notamment en Suisse et en Autriche ?",Le foehn,3,Météorologie
320,Sports & Loisirs,Quelle boisson alcoolisée japonaise est obtenue par fermentation du riz ?,Le saké,1,Spiritueux
321,Géographie,Quel est le plus long fleuve d'Irlande ?,Le Shannon,2,Fleuves
321,Divertissement,Quel acteur incarne Vinz dans « La Haine » (1995) ?,Vincent Cassel,2,Acteurs
321,Histoire,Quel empereur aztèque accueille Hernán Cortés dans sa capitale en 1519 ?,Moctezuma II,2,Conquête de l'Amérique
321,Arts & Littérature,Quel ingénieur a donné son nom à la tour construite pour l'Exposition universelle de 1889 ?,Gustave Eiffel,1,Architecture
321,Sciences & Nature,"Quel psychologue américain a mené à Yale, à partir de 1961, des expériences sur la soumission à l'autorité avec de faux électrochocs ?",Stanley Milgram,2,Psychologie
321,Sports & Loisirs,Quelle ville de l'ex-Yougoslavie a accueilli les Jeux olympiques d'hiver de 1984 ?,Sarajevo,2,Villes olympiques
322,Géographie,Quel nom porte le long littoral sableux et rectiligne de la Gironde et des Landes ?,La côte d'Argent,2,Côtes
322,Divertissement,Quelle actrice joue Dorothy dans « Le Magicien d'Oz » (1939) ?,Judy Garland,1,Classiques hollywoodiens
322,Histoire,Quel roi de Suède intervient dans la guerre de Trente Ans et meurt à la bataille de Lützen en 1632 ?,Gustave II Adolphe,3,Guerre de Trente Ans
322,Arts & Littérature,"Quel savant dur d'oreille, inventeur du sous-marin requin, accompagne Tintin ?",Le professeur Tournesol,1,Bande dessinée
322,Sciences & Nature,"Hormis l'ornithorynque, quel mammifère couvert de piquants pond des œufs ?",L'échidné,2,Mammifères
322,Sports & Loisirs,"Quel compositeur français du XVIIIe siècle, meilleur joueur d'échecs de son temps, affirmait que « les pions sont l'âme des échecs » ?",Philidor,3,Échecs
323,Géographie,Comment appelle-t-on la chaîne de montagnes sous-marine où se forme la nouvelle croûte océanique ?,Une dorsale océanique,2,Plaques et séismes
323,Divertissement,Avec quelle chanson ABBA a-t-il remporté l'Eurovision en 1974 ?,Waterloo,1,Eurovision
323,Histoire,"Quel résistant d'origine arménienne, fusillé en 1944, est la figure centrale de l'« Affiche rouge » ?",Missak Manouchian,2,Résistance
323,Arts & Littérature,"Quelle danseuse américaine, pionnière de la danse moderne, est morte à Nice en 1927, étranglée par son écharpe ?",Isadora Duncan,2,Danse
323,Sciences & Nature,Dans quelle constellation se trouve l'étoile Polaire ?,La Petite Ourse,2,Astronomie : constellations
323,Sports & Loisirs,Comment appelle-t-on un penalty tiré en pichenette au centre du but alors que le gardien plonge ?,Une panenka,2,Football – vocabulaire
324,Géographie,Quel détroit sépare l'Espagne du Maroc ?,Le détroit de Gibraltar,1,Mers et détroits
324,Divertissement,"Quel producteur italien, pionnier du disco électronique, a coproduit « I Feel Love » ?",Giorgio Moroder,3,Disco
324,Histoire,En quelle année est votée en France la loi de séparation des Églises et de l'État ?,1905,1,IIIe République
324,Arts & Littérature,"Quel mot, forgé au Québec, est recommandé en français pour remplacer « e-mail » ?",Courriel,2,Francophonie
324,Sciences & Nature,Quel magistrat toulousain a laissé un « dernier théorème » resté sans démonstration pendant plus de 350 ans ?,Pierre de Fermat,2,Mathématiques
324,Sports & Loisirs,Quel nom porte le trophée remis à la franchise championne NBA ?,Le trophée Larry O'Brien,3,Basket – compétitions
325,Géographie,Quelle est la capitale de l'Éthiopie ?,Addis-Abeba,1,Capitales
325,Divertissement,Comment s'appelle le rat qui rêve de devenir chef cuisinier à Paris dans « Ratatouille » (2007) ?,Rémy,2,Animation
325,Histoire,Quel sénateur américain a mené une virulente chasse aux communistes au début des années 1950 ?,Joseph McCarthy,2,États-Unis
325,Arts & Littérature,Quel écrivain marocain a obtenu le prix Goncourt en 1987 pour « La Nuit sacrée » ?,Tahar Ben Jelloun,2,Prix Goncourt
325,Sciences & Nature,Comment appelle-t-on la peur irrationnelle des araignées ?,L'arachnophobie,1,Psychologie
325,Sports & Loisirs,"Dans quelle petite ville espagnole se déroule chaque été la Tomatina, gigantesque bataille de tomates ?",Buñol,3,Fêtes et traditions
326,Géographie,Quel département français porte le numéro 69 ?,Le Rhône,2,Départements
326,Divertissement,"Dans « Le Corniaud » (1965), quelle voiture de Bourvil part en morceaux après un accrochage avec Louis de Funès ?",Une 2 CV Citroën,2,Comédies françaises
326,Histoire,Comment appelle-t-on la guerre de 1756 à 1763 qui oppose notamment la France à la Grande-Bretagne ?,La guerre de Sept Ans,1,Guerre de Sept Ans
326,Arts & Littérature,Quel compositeur finlandais a écrit le poème symphonique patriotique « Finlandia » ?,Jean Sibelius,2,Compositeurs
326,Sciences & Nature,Quels petits organites fabriquent les protéines dans la cellule ?,Les ribosomes,2,Cellule
326,Sports & Loisirs,"Quel sport de glisse, né à Hawaï, consiste à chevaucher les vagues debout sur une planche ?",Le surf,1,Sports insolites
327,Géographie,"Quel fleuve, où Jésus aurait été baptisé, se jette dans la mer Morte ?",Le Jourdain,1,Fleuves
327,Divertissement,"Quelle émission des années 1980 était présentée par un chat, Groucha, et une autruche, Lola ?",Téléchat,3,Émissions jeunesse
327,Histoire,Quel archevêque de Canterbury fut assassiné dans sa cathédrale en 1170 ?,Thomas Becket,2,Angleterre médiévale
327,Arts & Littérature,"Qui a écrit « Germinal », roman sur la vie des mineurs du Nord ?",Émile Zola,1,Romans
327,Sciences & Nature,Quel naturaliste français a proposé en 1809 une théorie de l'évolution fondée sur l'hérédité des caractères acquis ?,Lamarck,1,Évolution
327,Sports & Loisirs,Quelle Française a remporté le simple dames de Roland-Garros en 1967 ?,Françoise Dürr,3,Tennis – champions
328,Géographie,Quelle ville iranienne est célèbre pour sa grande place Naqsh-e Jahan et ses mosquées aux coupoles bleues ?,Ispahan,3,Villes
328,Divertissement,Quel singe géant escalade l'Empire State Building dans un film de 1933 ?,King Kong,1,Classiques hollywoodiens
328,Histoire,Quel ingénieur écossais perfectionne la machine à vapeur dans la seconde moitié du XVIIIe siècle ?,James Watt,1,Révolution industrielle
328,Arts & Littérature,"Quel poète andalou, assassiné en 1936, a écrit « La Maison de Bernarda Alba » ?",Federico García Lorca,2,Littérature espagnole
328,Sciences & Nature,Quel psychiatre allemand a décrit en 1906 la forme de démence qui porte son nom ?,Alois Alzheimer,2,Grands médecins
328,Sports & Loisirs,"Au bowling, comment appelle-t-on le fait de renverser les dix quilles en utilisant les deux lancers d'un jeu ?",Un spare,2,Vocabulaire et règles
329,Géographie,Quelle péninsule égyptienne abrite le mont Moïse et le monastère Sainte-Catherine ?,Le Sinaï,1,Montagnes
329,Divertissement,Quel chanteur québécois à la voix rauque incarnait Quasimodo dans « Notre-Dame de Paris » en 1998 ?,Garou,2,Comédies musicales
329,Histoire,"Quel bâtiment berlinois, incendié en février 1933, servit de prétexte à la répression des communistes allemands ?",Le Reichstag,2,Allemagne nazie
329,Arts & Littérature,"Comment appelle-t-on les trois divinités grecques qui filent, déroulent et coupent le fil de la vie ?",Les Moires,3,Mythologie grecque
329,Sciences & Nature,"Quel minéral, apporté notamment par la viande rouge et les lentilles, est indispensable à la fabrication de l'hémoglobine ?",Le fer,1,Nutrition
329,Sports & Loisirs,Quel col pyrénéen de 2 115 m relie Barèges à La Mongie ?,Le Tourmalet,2,Cyclisme – Tour de France
330,Géographie,Comment appelle-t-on les terres gagnées sur la mer et protégées par des digues aux Pays-Bas ?,Les polders,1,Paysages
330,Divertissement,Quel chef d'orchestre français a connu un numéro un aux États-Unis en 1968 avec « L'amour est bleu » ?,Paul Mauriat,3,Célébrités de la musique
330,Histoire,Quelle région du nord-est de la Chine le Japon envahit-il en 1931 ?,La Mandchourie,2,Asie
330,Arts & Littérature,Comment s'appelle le sorcier qui veut capturer les Schtroumpfs ?,Gargamel,1,Bande dessinée
330,Sciences & Nature,Comment s'appellent les deux petits satellites de Mars ?,Phobos et Déimos,2,Astronomie : planètes
330,Sports & Loisirs,À quelle grande ville portuaire associe-t-on traditionnellement la bouillabaisse ?,Marseille,1,Cuisine régionale
331,Géographie,Quel fleuve côtier normand traverse Caen ?,L'Orne,2,Fleuves et rivières
331,Divertissement,Quel chanteur et poète canadien a écrit « Hallelujah » en 1984 ?,Leonard Cohen,2,Folk-rock
331,Histoire,À quelle heure le cessez-le-feu du 11 novembre 1918 est-il entré en vigueur ?,11 heures,2,Première Guerre mondiale
331,Arts & Littérature,Quel peintre florentin a représenté une déesse debout sur une coquille dans « La Naissance de Vénus » ?,Sandro Botticelli,1,Renaissance
331,Sciences & Nature,Comment appelle-t-on les extrémités des chromosomes qui raccourcissent à chaque division cellulaire ?,Les télomères,2,Génétique
331,Sports & Loisirs,Quel club de rugby joue au stade Ernest-Wallon ?,Le Stade toulousain,2,Rugby – stades
332,Géographie,Quel est le plus vaste pays d'Océanie après l'Australie ?,La Papouasie-Nouvelle-Guinée,2,Océanie
332,Divertissement,"Quel réalisateur britannique, auteur de « Psychose », était surnommé « le maître du suspense » ?",Alfred Hitchcock,1,Réalisateurs
332,Histoire,Dans quel village de la Manche un parachutiste américain est-il resté accroché au clocher de l'église le 6 juin 1944 ?,Sainte-Mère-Église,2,Débarquement
332,Arts & Littérature,Dans quelle ville de Bavière se tient chaque été un festival consacré aux opéras de Wagner ?,Bayreuth,2,Opéra
332,Sciences & Nature,Quel chercheur américain a mis au point le vaccin oral contre la poliomyélite ?,Albert Sabin,3,Vaccins
332,Sports & Loisirs,Combien de joueurs de chaque équipe se trouvent sur le terrain lors d'un match de volley-ball en salle ?,Six,1,Vocabulaire et règles
333,Géographie,Quelle ancienne prison fédérale occupe une île de la baie de San Francisco ?,Alcatraz,1,Grandes villes
333,Divertissement,"Quel volet du « Seigneur des anneaux » a remporté onze Oscars en 2004, dont celui du meilleur film ?",Le Retour du roi,2,Oscars
333,Histoire,En quelle année la loi suspendant le service militaire obligatoire en France a-t-elle été votée ?,1997,3,Ve République
333,Arts & Littérature,Quel écrivain écossais a écrit « L'Île au trésor » ?,Robert Louis Stevenson,1,Littérature anglaise
333,Sciences & Nature,Quelle molécule est le principe actif de l'aspirine ?,L'acide acétylsalicylique,2,Médicaments
333,Sports & Loisirs,Quel poste occupe le joueur qui porte le numéro 9 au rugby à XV ?,Demi de mêlée,2,Rugby – règles
334,Géographie,Quelle ville de Moselle accueille depuis 2010 une antenne du Centre Pompidou ?,Metz,2,Villes
334,Divertissement,Quel groupe de rap de Seine-Saint-Denis était formé de JoeyStarr et Kool Shen ?,Suprême NTM,1,Rap français
334,Histoire,Quel chancelier allemand a signé avec de Gaulle le traité de l'Élysée en 1963 ?,Konrad Adenauer,2,Construction européenne
334,Arts & Littérature,"Quel est le véritable nom du comte de Lautréamont, auteur des « Chants de Maldoror » ?",Isidore Ducasse,3,Poésie
334,Sciences & Nature,"Quel cétacé noir et blanc, grand prédateur des mers, est aussi appelé « épaulard » ?",L'orque,1,Poissons et animaux marins
334,Sports & Loisirs,Quel handballeur réunionnais aux célèbres dreadlocks a été élu meilleur joueur du monde en 1995 ?,Jackson Richardson,1,Handball – champions
335,Géographie,Quelle est la capitale du Niger ?,Niamey,2,Capitales
335,Divertissement,Quel métal indestructible recouvre le squelette et les griffes de Wolverine ?,L'adamantium,2,Comics
335,Histoire,Quelle bataille remportée par François Ier en 1515 est l'une des dates les plus célèbres de l'histoire de France ?,Marignan,1,François Ier
335,Arts & Littérature,Quel roi de Mycènes commande l'armée grecque pendant la guerre de Troie ?,Agamemnon,2,Épopées antiques
335,Sciences & Nature,"Comment s'appelle l'unité fonctionnelle microscopique du rein, qui filtre le sang ?",Le néphron,3,Organes
335,Sports & Loisirs,Quel sport consiste à lancer des disques volants vers des paniers métalliques en un minimum de lancers ?,Le disc golf,1,Sports insolites
336,Géographie,Quel est le plus vaste pays d'Amérique centrale ?,Le Nicaragua,3,Amériques
336,Divertissement,Quel film de Gérard Oury (1966) réunit Bourvil et Louis de Funès dans la France occupée ?,La Grande Vadrouille,1,Comédies françaises
336,Histoire,Quelle bataille de 1954 marque la défaite française décisive en Indochine ?,Diên Biên Phu,1,Décolonisation
336,Arts & Littérature,"Quel musée parisien est installé dans l'hôtel Biron, rue de Varenne ?",Le musée Rodin,3,Musées
336,Sciences & Nature,Comment appelle-t-on les jumeaux issus d'un même ovule fécondé ?,Des jumeaux monozygotes (vrais),1,Génétique
336,Sports & Loisirs,Quelle épreuve de lancer utilise une boule métallique reliée à une poignée par un câble d'acier ?,Le lancer du marteau,2,Athlétisme
337,Géographie,Combien de cantons compte la Confédération suisse ?,26,2,Suisse
337,Divertissement,"Quel spectacle musical de 1998, signé Riccardo Cocciante et Luc Plamondon, a rendu célèbre la chanson « Belle » ?",Notre-Dame de Paris,1,Comédies musicales
337,Histoire,Quelle femme politique a dirigé le gouvernement indien de 1966 à 1977 puis de 1980 à 1984 ?,Indira Gandhi,2,Personnalités
337,Arts & Littérature,"Quel roman de John Steinbeck, paru en 1939, suit la famille Joad fuyant l'Oklahoma vers la Californie ?",Les Raisins de la colère,2,Littérature américaine
337,Sciences & Nature,À partir de quelle plante succulente mexicaine fabrique-t-on la tequila ?,L'agave (bleu),2,Plantes
337,Sports & Loisirs,"En escrime, quel mot l'arbitre prononce-t-il après « En garde ! Prêts ? » pour lancer l'assaut ?",« Allez ! »,3,Vocabulaire et règles
338,Géographie,"Quelle est la capitale de la Géorgie, dans le Caucase ?",Tbilissi,2,Capitales
338,Divertissement,Quel acteur interprète le dragueur malchanceux Jean-Claude Dusse dans « Les Bronzés » ?,Michel Blanc,2,Comédies françaises
338,Histoire,"Quelle île volcanique japonaise a été le théâtre, en 1945, d'une célèbre photo de marines hissant le drapeau américain ?",Iwo Jima,2,Guerre du Pacifique
338,Arts & Littérature,"Quel ténor italien, né à Modène, a formé les « Trois Ténors » avec Plácido Domingo et José Carreras ?",Luciano Pavarotti,1,Chanteurs lyriques
338,Sciences & Nature,Quel journaliste hongrois a breveté à la fin des années 1930 le stylo à bille qui porte son nom dans plusieurs pays ?,László Bíró,3,Inventeurs
338,Sports & Loisirs,Combien de points rapporte un panier marqué derrière la ligne en arc de cercle ?,3 points,1,Basket – règles
339,Géographie,"Dans quelle ville italienne se trouve une célèbre tour penchée, campanile de la cathédrale ?",Pise,1,Monuments
339,Divertissement,Sous quel pseudonyme se cache le créateur du bitcoin ?,Satoshi Nakamoto,2,Internet
339,Histoire,Quel cratère en bronze monumental a été découvert en 1953 dans la tombe d'une princesse celte en Côte-d'Or ?,Le vase de Vix,3,Gaule
339,Arts & Littérature,Quel écrivain a raconté sa fuite d'enfant juif sous l'Occupation dans « Un sac de billes » ?,Joseph Joffo,1,Récits
339,Sciences & Nature,Quel physicien écossais a unifié l'électricité et le magnétisme dans quatre célèbres équations ?,James Clerk Maxwell,2,Physique
339,Sports & Loisirs,Comment appelle-t-on la combinaison munie de membranes entre les bras et les jambes qui permet de planer dans les airs ?,Une wingsuit,1,Sports insolites
340,Géographie,"Quel est le plus grand des châteaux de la Loire, célèbre pour son escalier à double révolution ?",Chambord,1,Châteaux
340,Divertissement,Quel genre musical brésilien a été popularisé par « La Fille d'Ipanema » ?,La bossa nova,2,Musiques du monde
340,Histoire,Dans quelle grotte des Pyrénées-Orientales a-t-on découvert l'homme de Tautavel ?,La Caune de l'Arago,3,Préhistoire
340,Arts & Littérature,"Quelle peintre mexicaine, épouse de Diego Rivera, est célèbre pour ses autoportraits ?",Frida Kahlo,1,Peintres
340,Sciences & Nature,Quelle spécialité médicale se consacre aux personnes âgées ?,La gériatrie,1,Spécialités médicales
340,Sports & Loisirs,Quel athlète américain d'origine amérindienne a remporté le pentathlon et le décathlon aux Jeux de Stockholm en 1912 ?,Jim Thorpe,3,Champions olympiques
341,Géographie,Quel cap norvégien est souvent présenté comme l'extrémité septentrionale de l'Europe ?,Le cap Nord,1,Sites célèbres
341,Divertissement,"Quel scénariste britannique a écrit « Watchmen », dessiné par Dave Gibbons ?",Alan Moore,3,Comics
341,Histoire,"Quel roi de Prusse, flûtiste et philosophe, accueillit Voltaire à sa cour de Potsdam ?",Frédéric II,2,Europe au XVIIIe siècle
341,Arts & Littérature,"Quel compositeur a écrit l'opéra « La Flûte enchantée », créé à Vienne en 1791 ?",Mozart,1,Opéra
341,Sciences & Nature,Quel est le symbole chimique de l'étain ?,Sn,3,Chimie : éléments
341,Sports & Loisirs,"Quelle console portable de Nintendo, sortie en 1989, était vendue avec le jeu Tetris ?",La Game Boy,1,Jouets
342,Géographie,"Quel grand lac québécois, d'où sort la rivière Saguenay, est célèbre pour sa traversée internationale à la nage ?",Le lac Saint-Jean,2,Québec
342,Divertissement,"Comment s'appelle en français le grand chien maladroit Goofy, ami de Mickey ?",Dingo,1,Personnages de fiction
342,Histoire,Dans quelle région des Balkans se déroula en 1389 la bataille du champ des Merles entre Serbes et Ottomans ?,Le Kosovo,3,Saint-Empire et Europe centrale
342,Arts & Littérature,"Quel est le nom romain de Zeus, roi des dieux ?",Jupiter,1,Mythologie romaine
342,Sciences & Nature,Quel verbe désigne le cri de la grenouille ?,Coasser,1,Cris des animaux
342,Sports & Loisirs,"Sur quelle surface se disputait le tournoi de handball à onze des Jeux olympiques de Berlin, en 1936 ?",Sur gazon (en plein air),3,Handball – histoire
343,Géographie,"Comment s'appelle la côte bretonne de Perros-Guirec et Ploumanac'h, célèbre pour ses rochers aux formes étonnantes ?",La côte de Granit rose,1,Côtes
343,Divertissement,Quel ingénieur se fait tatouer les plans de la prison pour en faire évader son frère dans « Prison Break » ?,Michael Scofield,2,Séries américaines
343,Histoire,Quel homme politique musulman est considéré comme le fondateur du Pakistan ?,Muhammad Ali Jinnah,3,Décolonisation
343,Arts & Littérature,Quel capitaine commande le sous-marin Nautilus chez Jules Verne ?,Le capitaine Nemo,1,Personnages
343,Sciences & Nature,"Quel est le nom de l'os du genou dans la terminologie anatomique moderne, autrefois appelé rotule ?",La patella,2,Os et squelette
343,Sports & Loisirs,"Quel sauteur en longueur américain a stupéfié le monde en franchissant 8,90 m aux Jeux de Mexico en 1968 ?",Bob Beamon,2,Champions olympiques
344,Géographie,"Quelle île du Saint-Laurent, juste en aval de Québec, porte le nom d'une ville française ?",L'île d'Orléans,2,Québec
344,Divertissement,"Dans quel film d'animation Disney de 2013 la reine Elsa chante-t-elle « Libérée, délivrée » ?",La Reine des neiges,1,Films musicaux
344,Histoire,Quel amiral chinois mena au début du XVe siècle de grandes expéditions maritimes jusqu'en Afrique de l'Est ?,Zheng He,2,Asie médiévale
344,Arts & Littérature,Quelle peintre américaine est célèbre pour ses fleurs géantes et ses paysages du Nouveau-Mexique ?,Georgia O'Keeffe,2,Peintres
344,Sciences & Nature,Comment qualifie-t-on le feuillage d'un arbre qui perd ses feuilles à l'automne ?,Caduc,1,Arbres
344,Sports & Loisirs,Quel légume les Irlandais creusaient-ils pour Halloween avant d'adopter la citrouille en Amérique ?,Le navet,3,Fêtes et traditions
345,Géographie,Quelle région française a pour chef-lieu Dijon ?,Bourgogne-Franche-Comté,2,Régions
345,Divertissement,Quelle récompense suprême est décernée au meilleur film de la Mostra de Venise ?,Le Lion d'or,2,Récompenses
345,Histoire,"Quel président égyptien, artisan de la paix avec Israël, a été assassiné en octobre 1981 ?",Anouar el-Sadate,2,Proche-Orient
345,Arts & Littérature,"Quel recueil de contes orientaux a pour narratrice Shéhérazade, qui raconte une histoire chaque nuit pour sauver sa vie ?",Les Mille et Une Nuits,1,Littérature arabe
345,Sciences & Nature,"Quel nombre imaginaire, noté par une seule lettre, a pour carré −1 ?",i,2,Mathématiques
345,Sports & Loisirs,"Quel skieur français a remporté la descente, le slalom et le slalom géant aux Jeux de Grenoble en 1968 ?",Jean-Claude Killy,1,Sports d'hiver
346,Géographie,Quel diplomate français a mené le percement du canal de Suez ?,Ferdinand de Lesseps,1,Détroits et canaux
346,Divertissement,"Quel magazine de France 3, présenté par Georges Pernoud, était consacré à la mer ?",Thalassa,2,Émissions
346,Histoire,Quel empereur éthiopien remporte la bataille d'Adoua ?,Ménélik II,3,Colonisation
346,Arts & Littérature,Comment appelle-t-on le texte d'un opéra ?,Le livret,1,Opéra
346,Sciences & Nature,Quelle est la grande galaxie spirale la plus proche de la Voie lactée ?,Andromède,2,Astronomie : galaxies
346,Sports & Loisirs,Quelle liqueur verte ou jaune est élaborée depuis le XVIIIe siècle par des moines de l'Isère ?,La Chartreuse,2,Spiritueux
347,Géographie,Quel golfe sépare l'Iran de la péninsule Arabique ?,Le golfe Persique,1,Mers et détroits
347,Divertissement,Quel film de Martin Scorsese a remporté la Palme d'or au Festival de Cannes en 1976 ?,Taxi Driver,2,Festival de Cannes
347,Histoire,"Quelle révolte, menée par un homme se disant le frère cadet de Jésus, ravage la Chine de 1850 à 1864 ?",La révolte des Taiping,3,Chine
347,Arts & Littérature,"Quelle célèbre tirade de Cyrano commence par « Ah ! non ! c'est un peu court, jeune homme ! » ?",La tirade du nez,1,Théâtre
347,Sciences & Nature,Quel psychologue américain a inventé une boîte expérimentale pour étudier le conditionnement opérant chez les rats et les pigeons ?,B. F. Skinner,2,Psychologie
347,Sports & Loisirs,Quelle poupée lancée par Mattel en 1959 s'appelle en réalité Barbara Millicent Roberts ?,Barbie,1,Jouets
348,Géographie,Quel est le seul canton suisse dont l'italien est l'unique langue officielle ?,Le Tessin,2,Suisse
348,Divertissement,Comment s'appelle le petit poisson-clown que son père Marin recherche dans un film Pixar de 2003 ?,Nemo,1,Animation
348,Histoire,Dans quelle ville marocaine Roosevelt et Churchill se sont-ils réunis en janvier 1943 ?,Casablanca,3,Seconde Guerre mondiale
348,Arts & Littérature,Comment s'appelle le capitaine à la jambe d'ivoire obsédé par la baleine blanche dans « Moby Dick » ?,Achab,2,Littérature américaine
348,Sciences & Nature,Combien de portions de fruits et légumes par jour recommande le célèbre slogan de santé publique français ?,Cinq,1,Nutrition
348,Sports & Loisirs,"Dans quelle ville se trouve le Millennium Stadium, rebaptisé Principality Stadium ?",Cardiff,2,Rugby – stades
349,Géographie,Sur quel mont se dresse la statue du Christ Rédempteur de Rio ?,Le Corcovado,2,Grandes villes
349,Divertissement,Quel chercheur britannique du CERN a inventé le World Wide Web en 1989 ?,Tim Berners-Lee,2,Internet
349,Histoire,Comment s'appelle la révolte des parlementaires et des princes qui secoue la France entre 1648 et 1653 ?,La Fronde,1,Louis XIV
349,Arts & Littérature,"Quel ballet de Stravinsky, créé en 1911, a pour héros une marionnette de foire russe amoureuse d'une ballerine ?",Petrouchka,3,Danse
349,Sciences & Nature,Quel instrument sert à mesurer la pression atmosphérique ?,Le baromètre,1,Physique
349,Sports & Loisirs,Quel judoka français a été sacré champion olympique des poids lourds à Atlanta en 1996 puis à Sydney en 2000 ?,David Douillet,1,Arts martiaux
350,Géographie,Quel département d'outre-mer porte le numéro 972 ?,La Martinique,2,Outre-mer
350,Divertissement,Quel gentleman cambrioleur a été créé par Maurice Leblanc ?,Arsène Lupin,1,Personnages de fiction
350,Histoire,Dans quelle ville française l'Allemagne a-t-elle signé une première capitulation sans condition le 7 mai 1945 ?,Reims,2,Fin de la guerre
350,Arts & Littérature,"Quel poète romantique a écrit « Le Lac », avec le vers « Ô temps ! suspends ton vol » ?",Alphonse de Lamartine,2,Poésie
350,Sciences & Nature,"Quel élément jaune, que l'on trouve près des volcans, entre dans la composition de la poudre noire ?",Le soufre,1,Chimie : éléments
350,Sports & Loisirs,Sur quelle piste de Kitzbühel se court la plus célèbre descente de la Coupe du monde de ski alpin ?,La Streif,3,Sports d'hiver
351,Géographie,"Quel État insulaire du Pacifique, très menacé par la montée des eaux, a pour capitale Funafuti ?",Tuvalu,3,Océanie
351,Divertissement,Quel cinéaste américain a créé la saga « Star Wars » en 1977 ?,George Lucas,1,Réalisateurs
351,Histoire,"Sur quel plateau de l'Aisne l'offensive meurtrière du général Nivelle, en avril 1917, provoqua-t-elle des mutineries ?",Le Chemin des Dames,2,Première Guerre mondiale
351,Arts & Littérature,Quel auteur anglais a signé « Les Aventures d'Alice au pays des merveilles » sous un pseudonyme ?,Lewis Carroll,1,Littérature anglaise
351,Sciences & Nature,"Quel est le nom chimique de la soude caustique, utilisée pour déboucher les canalisations ?",L'hydroxyde de sodium,3,Chimie : molécules
351,Sports & Loisirs,"Au bowling, comment appelle-t-on le fait de renverser les dix quilles dès le premier lancer ?",Un strike,1,Vocabulaire et règles
352,Géographie,Dans le delta de quel fleuve s'étend la Camargue ?,Le Rhône,1,Sites naturels
352,Divertissement,Quel cinéaste mexicain a reçu l'Oscar du meilleur réalisateur en 2018 pour « La Forme de l'eau » ?,Guillermo del Toro,3,Oscars
352,Histoire,Quelle guerre civile anglaise du XVe siècle opposa les maisons de Lancastre et d'York ?,La guerre des Deux-Roses,1,Angleterre médiévale
352,Arts & Littérature,Quelle romancière a connu un immense succès en 2006 avec « L'Élégance du hérisson » ?,Muriel Barbery,2,Romans contemporains
352,Sciences & Nature,Quel vent chaud et sec venu du Sahara souffle sur le sud de l'Europe ?,Le sirocco,2,Météorologie
352,Sports & Loisirs,"Quel jeu de questions, inventé en 1979 par deux Canadiens, fait gagner des « camemberts » dans six catégories ?",Le Trivial Pursuit,1,Jeux de société
353,Géographie,"Quelle ville, dessinée par Lúcio Costa et Oscar Niemeyer, est la capitale du Brésil depuis 1960 ?",Brasilia,1,Amériques
353,Divertissement,Quel était le véritable nom de famille de David Bowie ?,Jones,3,Célébrités de la musique
353,Histoire,Quel massacre de protestants commence à Paris le 24 août 1572 ?,La Saint-Barthélemy,1,Guerres de religion
353,Arts & Littérature,"Quel poète anglo-américain, auteur de « La Terre vaine », reçut le prix Nobel de littérature en 1948 ?",T. S. Eliot,2,Prix Nobel de littérature
353,Sciences & Nature,"Quel type d'astre deviendra le Soleil à la toute fin de sa vie, après sa phase de géante rouge ?",Une naine blanche,3,Astronomie : Soleil et étoiles
353,Sports & Loisirs,Comment appelle-t-on le nombre de coups de référence fixé pour jouer chaque trou d'un parcours de golf ?,Le par,1,Golf
354,Géographie,Dans quelle ville portuaire se trouve l'escalier monumental rendu célèbre par le film « Le Cuirassé Potemkine » ?,Odessa,2,Monuments
354,Divertissement,Quelle comédie musicale d'Andrew Lloyd Webber met en scène un compositeur masqué hantant l'Opéra Garnier ?,Le Fantôme de l'Opéra,1,Comédies musicales
354,Histoire,Quelle grotte ornée des calanques de Marseille n'est accessible que par un tunnel sous-marin ?,La grotte Cosquer,2,Préhistoire
354,Arts & Littérature,"Quelle fréquence, en hertz, correspond au la du diapason de référence ?",440 Hz,3,Solfège
354,Sciences & Nature,"Quel gaz noble, plus léger que l'air, sert à gonfler les ballons de fête ?",L'hélium,1,Chimie : éléments
354,Sports & Loisirs,Quelle nation a remporté la Coupe du monde de rugby 2023 ?,L'Afrique du Sud,1,Rugby – Coupe du monde
355,Géographie,Dans quelle ville de Loire-Atlantique ont été construits les paquebots Normandie et France ?,Saint-Nazaire,2,Villes
355,Divertissement,Quelle fratrie bretonne a fondé l'éditeur de jeux vidéo Ubisoft ?,Les frères Guillemot,2,Jeux vidéo
355,Histoire,Quelle statuette paléolithique aux formes généreuses a été découverte en Autriche en 1908 ?,La Vénus de Willendorf,2,Préhistoire
355,Arts & Littérature,Quel dieu romain de la guerre correspond au grec Arès ?,Mars,1,Mythologie romaine
355,Sciences & Nature,Quelle roche sédimentaire est principalement composée de carbonate de calcium ?,Le calcaire,2,Chimie : matériaux
355,Sports & Loisirs,Comment appelle-t-on le disque de caoutchouc avec lequel on joue au hockey sur glace ?,Le palet,1,Sports d'hiver
356,Géographie,"Quel tropique traverse à la fois l'Australie, le Brésil et Madagascar ?",Le tropique du Capricorne,2,Fuseaux et latitudes
356,Divertissement,"Quelle ville Claude Nougaro chante-t-il avec les mots « Ô mon païs, ô … » ?",Toulouse,1,Paroles célèbres
356,Histoire,Quel était le nom du bombardier B-29 qui largua la bombe atomique sur Hiroshima ?,Enola Gay,2,Fin de la guerre
356,Arts & Littérature,Quel compositeur français excentrique a écrit les trois « Gymnopédies » pour piano ?,Erik Satie,2,Compositeurs
356,Sciences & Nature,"Quelle militante kényane, fondatrice du mouvement de la ceinture verte, a reçu le prix Nobel de la paix en 2004 ?",Wangari Maathai,2,Écologie
356,Sports & Loisirs,Quels objets servaient de paniers lors des toutes premières parties de basket-ball ?,Des paniers à pêches,2,Basket – histoire
357,Géographie,Quel explorateur français a fondé la ville de Québec en 1608 ?,Samuel de Champlain,1,Québec
357,Divertissement,Dans quelle ville américaine Rocky Balboa gravit-il en courant les marches du musée d'art ?,Philadelphie,2,Personnages
357,Histoire,"Quel ingénieur d'origine allemande, concepteur des V2, a dirigé la mise au point de la fusée Saturn V ?",Wernher von Braun,2,Conquête spatiale
357,Arts & Littérature,Quel écrivain congolais a écrit « Verre cassé » et « Mémoires de porc-épic » ?,Alain Mabanckou,3,Francophonie
357,Sciences & Nature,Comment s'appelait le navire océanographique du commandant Cousteau ?,La Calypso,1,Écologie
357,Sports & Loisirs,Quel sauteur américain a popularisé aux Jeux de Mexico en 1968 une technique de saut en hauteur sur le dos qui porte son nom ?,Dick Fosbury,2,Champions olympiques
358,Géographie,Quel détroit turc relie la mer de Marmara à la mer Égée ?,Les Dardanelles,2,Mers et détroits
358,Divertissement,Quel film d'Henri-Georges Clouzot (1953) suit des camionneurs transportant de la nitroglycérine en Amérique du Sud ?,Le Salaire de la peur,2,Classiques français
358,Histoire,"Quel titre, signifiant « digne de vénération », Octave reçut-il du Sénat en 27 av. J.-C. ?",Auguste,2,Rome antique
358,Arts & Littérature,Quel peintre de Delft a peint « La Jeune Fille à la perle » ?,Johannes Vermeer,1,Tableaux célèbres
358,Sciences & Nature,"Quel réseau militaire et universitaire américain, créé en 1969, est considéré comme l'ancêtre d'Internet ?",ARPANET,2,Informatique
358,Sports & Loisirs,Quel Suisse a battu Novak Djokovic en finale de Roland-Garros 2015 ?,Stan Wawrinka,2,Tennis – champions
359,Géographie,"Quel fleuve, le plus long d'Asie, traverse la Chine d'ouest en est et se jette dans la mer près de Shanghai ?",Le Yangzi Jiang (Yangtsé),1,Asie
359,Divertissement,Quel chat d'« Alice au pays des merveilles » disparaît en ne laissant que son sourire ?,Le chat du Cheshire,2,Personnages de fiction
359,Histoire,Quel officier de marine américain force le Japon à s'ouvrir au commerce en 1853-1854 ?,Le commodore Perry,2,Japon
359,Arts & Littérature,Quel peintre flamand a réalisé pour le palais du Luxembourg un cycle de 24 toiles sur la vie de Marie de Médicis ?,Pierre Paul Rubens,2,Baroque
359,Sciences & Nature,Quelle unité d'induction magnétique porte le nom d'un inventeur américain d'origine serbe ?,Le tesla,2,Unités et mesures
359,Sports & Loisirs,Contre quel pays la France a-t-elle remporté la finale de l'Euro 1984 au Parc des Princes ?,L'Espagne,2,Football – Euro
360,Géographie,À quel groupe d'îles de la Manche appartiennent Jersey et Guernesey ?,Les îles Anglo-Normandes,1,Îles
360,Divertissement,Quelle chanteuse québécoise a remporté l'Eurovision 1988 en représentant la Suisse ?,Céline Dion,2,Eurovision
360,Histoire,"Quels accords, négociés fin mai 1968 au ministère du Travail, ont prévu une forte hausse du SMIG ?",Les accords de Grenelle,2,Mai 68
360,Arts & Littérature,Quel est le véritable nom du dessinateur Hergé ?,Georges Remi,2,Bande dessinée
360,Sciences & Nature,"Comment appelle-t-on un nombre qui se lit de la même façon dans les deux sens, comme 12 321 ?",Un palindrome,1,Mathématiques
360,Sports & Loisirs,Quelle ville de Haute-Loire est célèbre pour sa dentelle aux fuseaux ?,Le Puy-en-Velay,3,Loisirs créatifs
361,Géographie,Quelle est la capitale de la Roumanie ?,Bucarest,1,Capitales
361,Divertissement,Quelle maladie le « Ice Bucket Challenge » de 2014 cherchait-il à faire connaître ?,La maladie de Charcot (SLA),2,Internet
361,Histoire,Comment surnomme-t-on la journée de novembre 1630 où Richelieu triomphe contre toute attente de ses ennemis ?,La journée des Dupes,2,Louis XIII
361,Arts & Littérature,"Dans « La Métamorphose » de Kafka, comment s'appelle le personnage qui se réveille transformé en insecte ?",Gregor Samsa,2,Littérature allemande
361,Sciences & Nature,Dans quelle commune des Hauts-de-Seine siège le Bureau international des poids et mesures ?,Sèvres,3,Unités et mesures
361,Sports & Loisirs,"Comment appelle-t-on, par son sigle anglais, l'assistance vidéo à l'arbitrage ?",VAR,1,Football – règles
362,Géographie,"Quelle forteresse d'Hérode, sur un piton dominant la mer Morte, est célèbre pour la résistance des zélotes face aux Romains ?",Massada,3,Monuments
362,Divertissement,Quelle application de messages éphémères a pour logo un petit fantôme sur fond jaune ?,Snapchat,1,Internet
362,Histoire,Quel chapelain de Saint Louis fonda en 1257 un collège parisien devenu une université célèbre ?,Robert de Sorbon,2,Église médiévale
362,Arts & Littérature,Quel écrivain russe a écrit « Les Frères Karamazov » ?,Fiodor Dostoïevski,1,Littérature russe
362,Sciences & Nature,"Quel médecin écossais a montré en 1747, lors d'un essai à bord d'un navire, que les agrumes guérissent le scorbut ?",James Lind,3,Nutrition
362,Sports & Loisirs,Quel alcool doit son arôme principal aux baies de genièvre ?,Le gin,1,Spiritueux
363,Géographie,Quel nom portait le Burkina Faso avant 1984 ?,La Haute-Volta,2,Pays
363,Divertissement,"Qui a réalisé « Astérix et Obélix : Mission Cléopâtre », tout en y jouant Jules César ?",Alain Chabat,2,Réalisateurs
363,Histoire,Comment appelle-t-on le bref retour de Napoléon au pouvoir en 1815 ?,Les Cent-Jours,1,Napoléon
363,Arts & Littérature,Quel pont arc-en-ciel relie le monde des dieux à celui des hommes dans la mythologie nordique ?,Bifröst,3,Mythologie nordique
363,Sciences & Nature,Quel est le plus grand poisson du monde ?,Le requin-baleine,1,Poissons et animaux marins
363,Sports & Loisirs,Comment appelle-t-on un panier marqué au moment même où retentit la sirène de fin ?,Un buzzer beater,2,Basket – vocabulaire
364,Géographie,"Quel canal, inscrit à l'UNESCO en 1996, relie Toulouse à l'étang de Thau ?",Le canal du Midi,1,Patrimoine UNESCO
364,Divertissement,Quel mot mystérieux Charles Foster Kane prononce-t-il en mourant au début de « Citizen Kane » ?,Rosebud,3,Répliques cultes
364,Histoire,Quel philosophe et mathématicien grec a donné son nom à un théorème sur le triangle rectangle ?,Pythagore,1,Grèce antique
364,Arts & Littérature,"Quel journaliste, atteint du locked-in syndrome, a dicté « Le Scaphandre et le Papillon » en clignant d'un œil ?",Jean-Dominique Bauby,2,Récits
364,Sciences & Nature,"Quelle espèce de serpent, originaire d'Asie du Sud-Est, est considérée comme la plus longue du monde ?",Le python réticulé,3,Reptiles et amphibiens
364,Sports & Loisirs,Quelle ville du Pays basque a donné son nom à un célèbre jambon sec ?,Bayonne,1,Cuisine régionale
365,Géographie,Quelle ville universitaire anglaise est traversée par la rivière Cam ?,Cambridge,2,Villes
365,Divertissement,"Quel opéra-rock de Michel Berger et Luc Plamondon, créé en 1979, contient « Le Blues du businessman » ?",Starmania,2,Comédies musicales
365,Histoire,Quel avion de ligne supersonique franco-britannique a effectué son premier vol en 1969 ?,Le Concorde,1,Techniques
365,Arts & Littérature,Sur quelle île grecque de la mer Égée la Vénus de Milo a-t-elle été découverte en 1820 ?,Milo (Milos),2,Sculpture
365,Sciences & Nature,Quel indice classe les aliments selon la vitesse à laquelle ils font monter le taux de sucre dans le sang ?,L'index glycémique,2,Nutrition
365,Sports & Loisirs,Quelle ville australienne a accueilli en 1956 les premiers Jeux olympiques de l'hémisphère Sud ?,Melbourne,2,Villes olympiques
366,Géographie,"Quel fleuve traverse successivement Angoulême, Cognac et Rochefort ?",La Charente,3,Fleuves et rivières
366,Divertissement,Quel acteur incarne Jack Dawson dans « Titanic » de James Cameron ?,Leonardo DiCaprio,1,Acteurs
366,Histoire,Quel ministre français des Affaires étrangères a proposé le 9 mai 1950 de mettre en commun le charbon et l'acier ?,Robert Schuman,1,Construction européenne
366,Arts & Littérature,"Pour quelle fille, noyée en 1843, Victor Hugo a-t-il écrit « Demain, dès l'aube » ?",Léopoldine,2,Poésie
366,Sciences & Nature,"Quelle loi empirique, énoncée par un cofondateur d'Intel, prévoit le doublement régulier du nombre de transistors sur une puce ?",La loi de Moore,2,Informatique
366,Sports & Loisirs,"Quel champignon souterrain, surnommé « diamant noir », fait la réputation gastronomique du Périgord ?",La truffe noire,1,Produits du terroir
367,Géographie,Quel monument parisien de la montagne Sainte-Geneviève accueille les « grands hommes » de la nation ?,Le Panthéon,1,Monuments
367,Divertissement,Quel était le véritable nom de l'acteur Bourvil ?,André Raimbourg,3,Acteurs
367,Histoire,Quels animaux sacrés auraient donné l'alerte lors d'une attaque gauloise nocturne contre le Capitole ?,Les oies,2,Gaule
367,Arts & Littérature,Quel gratte-ciel Art déco de 102 étages a été inauguré à New York en 1931 ?,L'Empire State Building,1,Architecture
367,Sciences & Nature,"Quelle bactérie, dont le rôle dans les ulcères de l'estomac a été récompensé par le Nobel 2005, vit dans l'estomac ?",Helicobacter pylori,3,Maladies
367,Sports & Loisirs,Quel pilote allemand a remporté sept titres de champion du monde de Formule 1 avec Benetton puis Ferrari ?,Michael Schumacher,1,Sports mécaniques
368,Géographie,Quel traité signé en 1959 réserve l'Antarctique à des activités pacifiques et scientifiques ?,Le traité sur l'Antarctique,2,Pôles
368,Divertissement,Quel chanteur a sorti « Foule sentimentale » en 1993 ?,Alain Souchon,1,Variété française
368,Histoire,Quel roi de Babylone détruisit Jérusalem et son Temple au VIe siècle av. J.-C. ?,Nabuchodonosor II,2,Mésopotamie et Proche-Orient
368,Arts & Littérature,Quel artiste de Nuremberg a gravé « Melencolia I » et peint un autoportrait christique en 1500 ?,Albrecht Dürer,2,Renaissance
368,Sciences & Nature,Quel estuaire breton accueille depuis 1966 une usine marémotrice ?,La Rance,2,Écologie
368,Sports & Loisirs,Quel pays a remporté la Coupe du monde 2006 en battant la France aux tirs au but ?,L'Italie,1,Football – Coupe du monde
369,Géographie,Quel fleuve marque sur une grande partie de son cours la frontière entre les États-Unis et le Mexique ?,Le Rio Grande,1,Amériques
369,Divertissement,Dans quelle ville américaine se déroule la série policière « The Wire » ?,Baltimore,3,Séries américaines
369,Histoire,Quel instrument d'orientation à aiguille aimantée fut d'abord mis au point en Chine ?,La boussole,1,Asie médiévale
369,Arts & Littérature,Quel couple d'artistes a emballé le Pont-Neuf de toile en 1985 ?,Christo et Jeanne-Claude,2,Art contemporain
369,Sciences & Nature,"Quel nombre, environ 6,022 × 10²³, correspond au nombre d'entités contenues dans une mole ?",Le nombre d'Avogadro,2,Chimie : molécules
369,Sports & Loisirs,De quelle expression le nom de la discipline de ski alpin « super-G » est-il l'abréviation ?,Super-géant,2,Sports d'hiver
370,Géographie,Quelle est la capitale de la Bosnie-Herzégovine ?,Sarajevo,1,Capitales
370,Divertissement,Quelle réalisatrice néo-zélandaise a remporté la Palme d'or en 1993 avec « La Leçon de piano » ?,Jane Campion,3,Festival de Cannes
370,Histoire,Quel président égyptien a nationalisé le canal de Suez en juillet 1956 ?,Gamal Abdel Nasser,1,Décolonisation
370,Arts & Littérature,Quelle fable de La Fontaine commence par « La raison du plus fort est toujours la meilleure » ?,Le Loup et l'Agneau,2,Fables
370,Sciences & Nature,"Quelle période de redoux automnal, autour du 11 novembre, porte le nom d'un saint ?",L'été de la Saint-Martin,3,Météorologie
370,Sports & Loisirs,"Quel fromage fondu, raclé sur des pommes de terre, donne son nom à un plat valaisan et savoyard ?",La raclette,1,Cuisine régionale
371,Géographie,Quel quartier de Monaco a été gagné sur la mer à partir des années 1970 ?,Fontvieille,3,Monaco
371,Divertissement,"Quel magnat du pétrole machiavélique, joué par Larry Hagman, était le personnage central de « Dallas » ?",J.R. Ewing,1,Séries américaines
371,Histoire,Dans quelle capitale Marie-Antoinette est-elle née ?,Vienne,1,Louis XVI
371,Arts & Littérature,"Quel dramaturge libano-québécois a écrit « Incendies », adapté au cinéma par Denis Villeneuve ?",Wajdi Mouawad,3,Théâtre
371,Sciences & Nature,Comment appelle-t-on le petit de l'âne ?,L'ânon,1,Noms des petits
371,Sports & Loisirs,Quel défenseur a marqué de la tête le but de la victoire de l'OM en finale de la Ligue des champions 1993 ?,Basile Boli,2,Football – clubs
372,Géographie,Quelle est la plus grande île française de la côte atlantique ?,L'île d'Oléron,2,Îles
372,Divertissement,"Quel chanteur, ancien membre du groupe Taï Phong, a connu le succès en solo avec « Envole-moi » ?",Jean-Jacques Goldman,2,Variété française
372,Histoire,Quel nouveau nom l'antique Byzance reçut-elle en 330 en devenant capitale de l'Empire ?,Constantinople,1,Rome antique
372,Arts & Littérature,Quel peintre néoclassique a doté « La Grande Odalisque » de quelques vertèbres de trop ?,Jean-Auguste-Dominique Ingres,2,Néoclassicisme
372,Sciences & Nature,Avec quel ingénieur Jacques-Yves Cousteau a-t-il mis au point en 1943 le détendeur du scaphandre autonome ?,Émile Gagnan,3,Inventeurs
372,Sports & Loisirs,"Combien de minutes dure un match de football, hors arrêts de jeu et prolongations ?",90 minutes,1,Football – règles
373,Géographie,Quelle rivière traverse Lille ?,La Deûle,3,Fleuves et rivières
373,Divertissement,"Que signifie l'expression swahilie « Hakuna matata », chantée par Timon et Pumbaa dans « Le Roi Lion » ?",Pas de souci (pas de problème),1,Musiques de films
373,Histoire,Quel célèbre traité de stratégie militaire est attribué au Chinois Sun Tzu ?,L'Art de la guerre,1,Chine et Asie antiques
373,Arts & Littérature,"Quel roman commence par « C'était à Mégara, faubourg de Carthage, dans les jardins d'Hamilcar » ?",Salammbô,3,Incipits
373,Sciences & Nature,Quelle est l'unité de fréquence dans le Système international ?,Le hertz,1,Unités et mesures
373,Sports & Loisirs,Quel terme désigne un service qui touche le haut du filet avant de retomber dans le bon carré ?,Un let,2,Tennis – vocabulaire
374,Géographie,"Quel archipel de l'océan Indien, formé d'atolls, a pour capitale Malé ?",Les Maldives,1,Asie
374,Divertissement,"Quel membre de Daft Punk faisait partie du trio Stardust, auteur de « Music Sounds Better with You » ?",Thomas Bangalter,3,Électro
374,Histoire,Comment appelle-t-on le village champêtre aménagé pour Marie-Antoinette près du Petit Trianon ?,Le Hameau de la Reine,2,Versailles
374,Arts & Littérature,Quel peintre officiel de Napoléon a représenté son sacre à Notre-Dame dans une toile immense ?,Jacques-Louis David,1,Néoclassicisme
374,Sciences & Nature,"Quel volume de sang, environ, circule dans le corps d'un adulte ?",Environ 5 litres,1,Sang
374,Sports & Loisirs,"En boxe, comment appelle-t-on la garde d'un boxeur gaucher, qui avance le poing droit ?",La fausse garde,3,Vocabulaire et règles
375,Géographie,"Comment appelle-t-on les hautes herbes tropicales parsemées d'arbres, typiques des régions à saison sèche ?",La savane,1,Climats et milieux
375,Divertissement,"Dans quel pays africain Daniel Balavoine a-t-il trouvé la mort en 1986, lors du rallye Paris-Dakar ?",Le Mali,2,Célébrités de la chanson
375,Histoire,"Quelle bataille de 1813, dite « des Nations », est une lourde défaite de Napoléon ?",Leipzig,2,Napoléon
375,Arts & Littérature,"Quel roman de Patrick Modiano, sur un détective amnésique, a obtenu le prix Goncourt en 1978 ?",Rue des Boutiques obscures,3,Prix Goncourt
375,Sciences & Nature,Dans quelle chaîne de montagnes la pomme de terre a-t-elle été domestiquée ?,Les Andes,1,Plantes
375,Sports & Loisirs,"Quelle épreuve olympique imaginée par Coubertin réunit escrime, natation, équitation, course à pied et tir ?",Le pentathlon moderne,2,Jeux olympiques
376,Géographie,Quel nom porte la collectivité créée en 2021 par la fusion du Bas-Rhin et du Haut-Rhin ?,Collectivité européenne d'Alsace,3,Régions
376,Divertissement,Quel film de Steven Spielberg (1982) raconte l'amitié du petit Elliott avec un extraterrestre égaré sur Terre ?,E.T. l'extraterrestre,1,Science-fiction
376,Histoire,Comment appelle-t-on la déportation forcée des Cherokees vers l'Oklahoma en 1838-1839 ?,La Piste des larmes,2,États-Unis
376,Arts & Littérature,"Quelle romancière a publié « Bonjour tristesse » à dix-huit ans, en 1954 ?",Françoise Sagan,1,Auteurs
376,Sciences & Nature,"Quelle théorie d'Einstein, publiée en 1915, décrit la gravitation comme une courbure de l'espace-temps ?",La relativité générale,2,Physique
376,Sports & Loisirs,"Quel ouvreur néo-zélandais, champion du monde 2015, a ensuite rejoint le Racing 92 ?",Dan Carter,2,Rugby – champions
377,Géographie,Quel est le point culminant du massif du Jura ?,Le crêt de la Neige,3,Montagnes
377,Divertissement,Quelle comédie musicale de Damien Chazelle (2016) réunit Ryan Gosling et Emma Stone à Los Angeles ?,La La Land,1,Comédies musicales
377,Histoire,Quel cardinal d'origine italienne gouverne la France pendant la minorité de Louis XIV ?,Mazarin,1,Louis XIV
377,Arts & Littérature,"Quelle romancière afro-américaine, autrice de « Beloved », a reçu le prix Nobel de littérature en 1993 ?",Toni Morrison,2,Littérature américaine
377,Sciences & Nature,"Quel groupe d'experts sur le climat, créé en 1988 sous l'égide de l'ONU, a reçu le prix Nobel de la paix en 2007 ?",Le GIEC,2,Écologie
377,Sports & Loisirs,"Quelle ville andalouse a donné son nom au xérès, appelé « sherry » par les Anglais ?",Jerez de la Frontera,2,Vins
378,Géographie,"Quel fleuve se jette dans l'Atlantique à Porto, donnant son nom à une célèbre vallée viticole ?",Le Douro,2,Fleuves
378,Divertissement,Quel film de Danny Boyle (2008) suit un jeune Indien de Bombay candidat à « Qui veut gagner des millions ? » ?,Slumdog Millionaire,2,Oscars
378,Histoire,Quel chancelier autrichien est la figure dominante du congrès de Vienne ?,Metternich,2,Restauration
378,Arts & Littérature,Quel compositeur américain a écrit « Rhapsody in Blue » en 1924 ?,George Gershwin,2,Compositeurs
378,Sciences & Nature,Comment appelle-t-on la zone calme et dégagée située au centre d'un cyclone ?,L'œil,1,Météorologie
378,Sports & Loisirs,Quel nageur américain a remporté sept médailles d'or aux Jeux de Munich en 1972 ?,Mark Spitz,2,Natation
379,Géographie,"Grâce à ses territoires d'outre-mer, quel pays compte le plus grand nombre de fuseaux horaires ?",La France,2,Fuseaux et latitudes
379,Divertissement,"Quel film de Claude Berri (1986), d'après Marcel Pagnol, voit Yves Montand en Papet boucher une source ?",Jean de Florette,2,Adaptations
379,Histoire,Quelle ville d'Égypte fut fondée par Alexandre le Grand en 331 av. J.-C. ?,Alexandrie,1,Égypte ancienne
379,Arts & Littérature,Quel compositeur russe a intégré des coups de canon dans son « Ouverture 1812 » ?,Piotr Ilitch Tchaïkovski,2,Compositeurs
379,Sciences & Nature,"Quel physicien allemand, considéré comme le père de la physique quantique, a donné son nom à la constante h ?",Max Planck,2,Physique
379,Sports & Loisirs,"Quel club allemand joue au Westfalenstadion, rebaptisé Signal Iduna Park ?",Le Borussia Dortmund,2,Football – stades
380,Géographie,"Quel grand port du nord de la Grèce, sur le golfe Thermaïque, était appelé Salonique en français ?",Thessalonique,2,Villes
380,Divertissement,Quel acteur incarne le policier Max Rockatansky dans le premier « Mad Max » (1979) ?,Mel Gibson,2,Acteurs
380,Histoire,De quel navigateur florentin le continent américain tire-t-il son nom ?,Amerigo Vespucci,1,Grandes découvertes
380,Arts & Littérature,Quelle architecte irako-britannique a été en 2004 la première femme lauréate du prix Pritzker ?,Zaha Hadid,2,Architectes
380,Sciences & Nature,Comment appelle-t-on les différentes versions d'un même gène ?,Les allèles,2,Génétique
380,Sports & Loisirs,"Quel pays la France a-t-elle battu en finale de la Coupe Davis 2017, disputée à Lille ?",La Belgique,2,Tennis – compétitions
381,Géographie,"Quelle ville impériale marocaine abrite l'université Al Quaraouiyine, fondée au IXe siècle ?",Fès,2,Villes
381,Divertissement,Quel chanteur belge a écrit et interprété « Ne me quitte pas » en 1959 ?,Jacques Brel,1,Chanson française
381,Histoire,"Quel général, ministre de la Guerre, menace la IIIe République d'un coup de force à la fin des années 1880 ?",Georges Boulanger,2,IIIe République
381,Arts & Littérature,Quel peintre français a peint « Les Hasards heureux de l'escarpolette » ?,Jean-Honoré Fragonard,3,Rococo
381,Sciences & Nature,Quelle unité logarithmique sert à exprimer le niveau sonore ?,Le décibel,1,Unités et mesures
381,Sports & Loisirs,"Quel pharmacien du XVIIIe siècle, promoteur de la pomme de terre, a donné son nom à un hachis gratiné ?",Antoine Parmentier,1,Histoire de la cuisine
382,Géographie,"Quelle île vendéenne est reliée au continent par le passage du Gois, submergé à marée haute ?",Noirmoutier,2,Îles
382,Divertissement,"Dans « Star Wars », quelle station spatiale de l'Empire est capable de détruire une planète entière ?",L'Étoile de la mort,1,Sagas
382,Histoire,Quel navigateur italien au service de François Ier explore en 1524 la baie où s'élève aujourd'hui New York ?,Giovanni da Verrazzano,3,Grandes découvertes
382,Arts & Littérature,Quel poète a blessé Rimbaud d'un coup de revolver à Bruxelles en 1873 ?,Paul Verlaine,1,Poésie
382,Sciences & Nature,"Quel médecin franco-suisse a découvert en 1894, à Hong Kong, le bacille de la peste ?",Alexandre Yersin,2,Grands médecins
382,Sports & Loisirs,"Quel sport de raquette, joué en double sur un court entouré de vitres et de grillage, est né au Mexique en 1969 ?",Le padel,2,Sports insolites
383,Géographie,Quel archipel à l'extrême sud de l'Amérique doit son nom aux feux aperçus par l'expédition de Magellan ?,La Terre de Feu,2,Amériques
383,Divertissement,Quel auteur-compositeur monégasque a écrit et chanté « Avec le temps » ?,Léo Ferré,2,Chanson française
383,Histoire,Quel ministre protestant d'Henri IV assainit les finances du royaume ?,Sully,2,Henri IV
383,Arts & Littérature,Dans quelle ville se trouve le musée du Prado ?,Madrid,1,Musées
383,Sciences & Nature,Comment se termine le dicton « Noël au balcon… » ?,« … Pâques au tison »,1,Météorologie
383,Sports & Loisirs,"Quelle vieille femme sur son balai apporte, selon la tradition italienne, des cadeaux aux enfants la nuit de l'Épiphanie ?",La Befana,3,Fêtes et traditions
384,Géographie,"Quel célèbre ingénieur a construit le viaduc ferroviaire de Garabit, dans le Cantal ?",Gustave Eiffel,2,Monuments
384,Divertissement,Combien de cordes compte une guitare basse électrique standard ?,4,1,Instruments
384,Histoire,Quel fils du roi du Portugal proclame l'indépendance du Brésil en 1822 et en devient l'empereur ?,Pierre Ier (Dom Pedro),2,Amérique latine
384,Arts & Littérature,Sur quelle île anglo-normande Victor Hugo a-t-il passé l'essentiel de son exil ?,Guernesey,2,Poésie
384,Sciences & Nature,"Quel courant psychologique né en Allemagne, dont le nom signifie « forme », affirme que le tout diffère de la somme des parties ?",La Gestalt (théorie de la forme),2,Psychologie
384,Sports & Loisirs,"Quelle région a donné son nom à la quiche préparée avec des œufs, de la crème et des lardons ?",La Lorraine,1,Cuisine régionale
385,Géographie,Comment appelle-t-on les habitants de Saint-Étienne ?,Les Stéphanois,2,Gentilés
385,Divertissement,Quel Pokémon porte le numéro 001 du Pokédex national ?,Bulbizarre,2,Jeux vidéo
385,Histoire,"Quels Européens sont les premiers à débarquer au Japon, vers 1543 ?",Les Portugais,2,Asie
385,Arts & Littérature,Quel dramaturge irlandais a écrit en français « En attendant Godot » ?,Samuel Beckett,1,Théâtre
385,Sciences & Nature,Quel phénomène optique fait apparaître une étendue d'eau illusoire dans le désert ?,Le mirage,1,Météorologie
385,Sports & Loisirs,"Dans le jeu de cartes français traditionnel, quelle déesse guerrière est représentée sur la dame de pique ?",Pallas (Athéna),3,Jeux de cartes
386,Géographie,"Quel type de climat, à étés secs et hivers doux, règne à la fois en Californie et dans le centre du Chili ?",Le climat méditerranéen,2,Climats et milieux
386,Divertissement,Quel acteur jouait le sauveteur Mitch Buchannon dans « Alerte à Malibu » ?,David Hasselhoff,1,Séries américaines
386,Histoire,Quel camp de la banlieue nord de Paris servit de principal lieu de transit vers les camps d'extermination ?,Drancy,2,Shoah
386,Arts & Littérature,Quel est le véritable nom de l'écrivain et officier de marine Pierre Loti ?,Julien Viaud,3,Auteurs
386,Sciences & Nature,Quelle planète est célèbre pour ses anneaux spectaculaires visibles au petit télescope ?,Saturne,1,Astronomie : planètes
386,Sports & Loisirs,"Comment appelle-t-on au handball la faute d'un joueur qui dribble, saisit le ballon puis se remet à dribbler ?",La reprise de dribble,2,Handball – règles
387,Géographie,Quel archipel norvégien de l'Arctique a pour principale localité Longyearbyen ?,Le Svalbard,3,Îles
387,Divertissement,"Dans « Game of Thrones », quelle famille a pour devise « L'hiver vient » ?",Les Stark,1,Séries américaines
387,Histoire,Quelle broderie de près de 70 mètres raconte la conquête de l'Angleterre par les Normands ?,La tapisserie de Bayeux,1,Angleterre médiévale
387,Arts & Littérature,Quel philosophe allemand a publié « Être et Temps » en 1927 ?,Martin Heidegger,2,Philosophie contemporaine
387,Sciences & Nature,"Quelle division cellulaire produit les gamètes, avec deux fois moins de chromosomes ?",La méiose,2,Cellule
387,Sports & Loisirs,"Quel coureur breton a remporté trois Tours de France consécutifs, de 1953 à 1955 ?",Louison Bobet,2,Cyclisme – champions
388,Géographie,"Quelle rivière, appelée Moldau en allemand, traverse Prague ?",La Vltava,2,Fleuves
388,Divertissement,Quel acteur incarnait Chandler Bing dans « Friends » ?,Matthew Perry,2,Sitcoms
388,Histoire,Quel atoll de Polynésie a été le principal site des essais nucléaires français de 1966 à 1996 ?,Mururoa,1,Ve République
388,Arts & Littérature,Quel dieu égyptien à tête de faucon est le fils d'Isis et d'Osiris ?,Horus,2,Mythologie égyptienne
388,Sciences & Nature,Quel médecin cubain a avancé dès 1881 que la fièvre jaune était transmise par un moustique ?,Carlos Finlay,3,Grands médecins
388,Sports & Loisirs,Quel couturier a révolutionné la silhouette féminine avec sa ligne « New Look » en 1947 ?,Christian Dior,1,Mode
389,Géographie,Quelle ville est la préfecture du département de la Savoie ?,Chambéry,2,Préfectures
389,Divertissement,Dans quelle série de jeux de combat entend-on « Finish him ! » avant une « Fatality » ?,Mortal Kombat,2,Jeux vidéo
389,Histoire,Dans quelle ville française se trouve le siège officiel du Parlement européen ?,Strasbourg,1,Construction européenne
389,Arts & Littérature,"Quel écrivain mexicain a écrit « Pedro Páramo », roman peuplé de fantômes ?",Juan Rulfo,3,Littérature latino-américaine
389,Sciences & Nature,Quel astronaute a rejoint Neil Armstrong sur le sol lunaire en juillet 1969 ?,Buzz Aldrin,1,Espace : astronautes
389,Sports & Loisirs,"Contre quelle nation la France a-t-elle remporté la finale de l'Eurobasket 2013, son premier titre européen ?",La Lituanie,3,Basket – compétitions
390,Géographie,Quel volcan des Philippines a connu en 1991 l'une des plus fortes éruptions du XXe siècle ?,Le Pinatubo,2,Volcans
390,Divertissement,Quel acteur incarne Jean-Claude Convenant dans la série « Caméra Café » ?,Yvan Le Bolloc'h,2,Séries françaises
390,Histoire,Quel traité de 843 partagea l'Empire carolingien entre trois petits-fils de Charlemagne ?,Le traité de Verdun,2,Mérovingiens et Carolingiens
390,Arts & Littérature,"Quel conte musical de Prokofiev associe chaque personnage à un instrument, comme le canard au hautbois ?",Pierre et le Loup,1,Œuvres
390,Sciences & Nature,"Quelle conjecture, formulée en 1742, affirme que tout nombre pair supérieur à 2 est la somme de deux nombres premiers ?",La conjecture de Goldbach,3,Mathématiques
390,Sports & Loisirs,"Quelle ville a été la première d'Amérique du Sud à accueillir les Jeux olympiques d'été, en 2016 ?",Rio de Janeiro,1,Villes olympiques
391,Géographie,Dans quelle ville autrichienne Mozart est-il né ?,Salzbourg,1,Villes
391,Divertissement,Quel chanteur a composé la musique du spectacle « Les Dix Commandements » en 2000 ?,Pascal Obispo,3,Comédies musicales
391,Histoire,Quel ministre de Louis XIV développe les manufactures royales et la marine ?,Jean-Baptiste Colbert,1,Louis XIV
391,Arts & Littérature,"Quel roman commence par « Le 24 février 1815, la vigie de Notre-Dame de la Garde signala le trois-mâts le Pharaon » ?",Le Comte de Monte-Cristo,3,Incipits
391,Sciences & Nature,"Quel savant français a inventé en 1642, à 19 ans, une machine à calculer mécanique ?",Blaise Pascal,1,Mathématiques
391,Sports & Loisirs,"Quelle joueuse allemande a réussi en 1988 le « Grand Chelem doré », les quatre majeurs plus l'or olympique ?",Steffi Graf,2,Tennis – exploits
392,Géographie,"Quel château cathare de l'Ariège, pris en 1244, vit périr sur le bûcher de nombreux cathares ?",Montségur,3,Châteaux
392,Divertissement,Quel chanteur aveugle a signé « Superstition » et « I Just Called to Say I Love You » ?,Stevie Wonder,1,Soul
392,Histoire,Quelle bataille de 1781 marque la victoire décisive des Américains et des Français sur les Britanniques ?,Yorktown,2,Indépendance américaine
392,Arts & Littérature,Quelle première femme de la mythologie grecque a ouvert la jarre qui libéra les maux sur le monde ?,Pandore,1,Mythologie grecque
392,Sciences & Nature,"Quel indice, obtenu en divisant le poids par le carré de la taille, sert à évaluer la corpulence ?",L'IMC (indice de masse corporelle),1,Nutrition
392,Sports & Loisirs,Quel créateur japonais est célèbre pour ses vêtements plissés de la ligne « Pleats Please » ?,Issey Miyake,3,Mode
393,Géographie,Comment appelle-t-on une île corallienne en forme d'anneau entourant un lagon ?,Un atoll,1,Géographie physique
393,Divertissement,Quel journaliste présentait la grande émission de variétés « Le Grand Échiquier » ?,Jacques Chancel,3,Animateurs
393,Histoire,Quel est le nom du navire amiral de Christophe Colomb lors de son premier voyage ?,La Santa María,1,Grandes découvertes
393,Arts & Littérature,Quel architecte français a dessiné les entrées de métro parisiennes de style Art nouveau ?,Hector Guimard,2,Architectes
393,Sciences & Nature,"Quel os triangulaire, situé à la base de la colonne vertébrale, s'articule avec le coccyx ?",Le sacrum,2,Os et squelette
393,Sports & Loisirs,"Selon la légende, quel fromage fut sacré « roi des fromages » lors du congrès de Vienne en 1815 ?",Le brie de Meaux,2,Fromages
394,Géographie,"Quelle célèbre cascade se trouve près de Schaffhouse, dans le nord de la Suisse ?",Les chutes du Rhin,2,Suisse
394,Divertissement,"À quelle chanteuse de jazz France Gall rend-elle hommage dans « Ella, elle l'a » ?",Ella Fitzgerald,2,Variété française
394,Histoire,Quel président de la République est assassiné à Lyon par un anarchiste italien en 1894 ?,Sadi Carnot,2,IIIe République
394,Arts & Littérature,"Quel héros grec, fils de Zeus et d'Alcmène, dut accomplir douze travaux ?",Héraclès (Hercule),1,Mythologie grecque
394,Sciences & Nature,"Comment appelle-t-on la famille des éléments de la dernière colonne du tableau périodique, comme l'argon ou le krypton ?",Les gaz nobles (gaz rares),2,Chimie : éléments
394,Sports & Loisirs,Combien d'anneaux entrelacés figurent sur le drapeau olympique ?,Cinq,1,Jeux olympiques
395,Géographie,"Quel très long lac d'Afrique est bordé par la Tanzanie, le Burundi, la RDC et la Zambie ?",Le lac Tanganyika,2,Lacs
395,Divertissement,Quels produits Amazon vendait-il exclusivement à ses débuts en 1995 ?,Des livres,2,Internet
395,Histoire,Quelle île est cédée au Royaume-Uni par le traité de Nankin en 1842 ?,Hong Kong,1,Chine
395,Arts & Littérature,"Quel dieu romain à deux visages, gardien des portes, a donné son nom au mois de janvier ?",Janus,2,Mythologie romaine
395,Sciences & Nature,"Quel insecte prédateur des abeilles est arrivé en France vers 2004, probablement caché dans des poteries importées de Chine ?",Le frelon asiatique,2,Écologie
395,Sports & Loisirs,Quel mélange de sulfate de cuivre et de chaux protège la vigne et les tomates du mildiou ?,La bouillie bordelaise,2,Jardinage
396,Géographie,Quelle ville est la préfecture du département de la Marne ?,Châlons-en-Champagne,2,Préfectures
396,Divertissement,"Quelle comédie musicale d'Andrew Lloyd Webber, créée en 1981, s'inspire de poèmes de T. S. Eliot sur des chats ?",Cats,2,Comédies musicales
396,Histoire,Quel titre portait le chef élu de la République de Venise ?,Le doge,1,Italie médiévale
396,Arts & Littérature,Quelle épopée indienne raconte les aventures du prince Rama parti délivrer son épouse Sita ?,Le Ramayana,2,Épopées d'Asie
396,Sciences & Nature,"Quel physicien anglais, brasseur de profession, a donné son nom à l'unité d'énergie du Système international ?",James Prescott Joule,2,Unités et mesures
396,Sports & Loisirs,Quelle sélection est devenue en 2022 la première nation africaine à atteindre les demi-finales d'une Coupe du monde ?,Le Maroc,2,Football – Coupe du monde
397,Géographie,Sur quelle île de Polynésie française se trouve Papeete ?,Tahiti,1,Océanie
397,Divertissement,Quel film de Costa-Gavras a remporté l'Oscar du meilleur film en langue étrangère en 1970 ?,Z,3,Oscars
397,Histoire,Dans quelle cathédrale Charles VII fut-il sacré en juillet 1429 ?,Reims,1,Guerre de Cent Ans
397,Arts & Littérature,"De quelle couleur est la fleur d'une personne très sentimentale, selon l'expression ?",Bleue,2,Expressions
397,Sciences & Nature,"À quelle vitesse correspond un nœud, unité utilisée en navigation ?",Un mille marin par heure,2,Unités et mesures
397,Sports & Loisirs,Quel club a remporté la Ligue 1 en 2021 en devançant le Paris Saint-Germain ?,Le LOSC Lille,2,Football – clubs
398,Géographie,Quelle est la capitale de l'Irak ?,Bagdad,1,Capitales
398,Divertissement,Quel acteur irlandais incarne Albus Dumbledore dans les deux premiers films « Harry Potter » ?,Richard Harris,3,Sagas
398,Histoire,Comment appelle-t-on l'ère de modernisation du Japon ouverte en 1868 ?,L'ère Meiji,1,Japon
398,Arts & Littérature,"Quel peintre a été reçu à l'Académie en 1717 avec « Pèlerinage à l'île de Cythère », inventant la fête galante ?",Antoine Watteau,3,Rococo
398,Sciences & Nature,Avec quelle plante des bords du Nil les anciens Égyptiens fabriquaient-ils leur support d'écriture ?,Le papyrus,1,Plantes
398,Sports & Loisirs,Combien de desserts compose la tradition provençale du repas de Noël ?,13,2,Fêtes et traditions
399,Géographie,"Quel étroit bras de mer sépare Basse-Terre et Grande-Terre, en Guadeloupe ?",La rivière Salée,3,Outre-mer
399,Divertissement,Comment appelle-t-on en français le symbole @ des adresses électroniques ?,L'arobase,1,Internet
399,Histoire,Quelle bataille de 490 av. J.-C. a donné son nom à une célèbre course à pied ?,Marathon,1,Grèce antique
399,Arts & Littérature,Quel peintre de paysages est associé à Ville-d'Avray et au « Souvenir de Mortefontaine » ?,Camille Corot,3,Paysage
399,Sciences & Nature,Quels frères lyonnais ont organisé à Paris en 1895 la première projection publique payante du cinématographe ?,Auguste et Louis Lumière,1,Inventeurs
399,Sports & Loisirs,Quel coquillage est l'emblème des pèlerins en route vers Compostelle ?,La coquille Saint-Jacques,1,Voyages
400,Géographie,Quelle île de l'archipel guadeloupéen est surnommée « l'île aux cent moulins » ?,Marie-Galante,3,Outre-mer
400,Divertissement,Au profit de quelle association fondée par Coluche la troupe des Enfoirés chante-t-elle chaque année ?,Les Restos du cœur,1,Célébrités de la chanson
400,Histoire,Quelle stèle gravée en trois écritures a permis le déchiffrement des hiéroglyphes ?,La pierre de Rosette,1,Égypte ancienne
400,Arts & Littérature,"Quel poète chilien, auteur du « Chant général », a reçu le prix Nobel de littérature en 1971 ?",Pablo Neruda,2,Littérature latino-américaine
400,Sciences & Nature,Comment appelle-t-on le phénomène qui fait que la Lune nous montre toujours la même face ?,Rotation synchrone (verrouillage),3,Astronomie : Lune
400,Sports & Loisirs,Quelle ville italienne est considérée comme le berceau de la pizza ?,Naples,1,Cuisine du monde
401,Géographie,Quel immense pays d'Asie n'utilise qu'un seul fuseau horaire officiel ?,La Chine,1,Fuseaux et latitudes
401,Divertissement,Quel contrebassiste a accompagné Georges Brassens sur scène pendant près de trente ans ?,Pierre Nicolas,3,Chanson française
401,Histoire,Quel jardinier du roi a dessiné le parc du château de Versailles ?,André Le Nôtre,2,Versailles
401,Arts & Littérature,Quel sage chinois de l'Antiquité voit ses enseignements rassemblés dans les « Entretiens » ?,Confucius,1,Philosophie orientale
401,Sciences & Nature,Combien de vertèbres cervicales possède la girafe ?,Sept,2,Mammifères
401,Sports & Loisirs,Combien de haies les coureurs franchissent-ils lors d'un 110 m haies ?,Dix,2,Athlétisme
402,Géographie,Quelles falaises spectaculaires du comté de Clare dominent l'Atlantique sur la côte ouest de l'Irlande ?,Les falaises de Moher,3,Sites célèbres
402,Divertissement,"Dans « Le Seigneur des anneaux », quel hobbit est chargé de détruire l'Anneau unique ?",Frodon Sacquet,1,Sagas
402,Histoire,"Quel diplomate, surnommé « le Diable boiteux », sert successivement la Révolution, l'Empire et la Restauration ?",Talleyrand,1,Napoléon
402,Arts & Littérature,Quel peintre néerlandais a imaginé les créatures fantastiques du « Jardin des délices » ?,Jérôme Bosch,2,Primitifs flamands
402,Sciences & Nature,Quel gaz les plantes rejettent-elles au cours de la photosynthèse ?,Le dioxygène (oxygène),1,Cellule
402,Sports & Loisirs,En quelle année l'équipe de France féminine de handball a-t-elle été sacrée championne du monde pour la première fois ?,2003,3,Handball – compétitions
403,Géographie,Quel lac salé de Djibouti constitue le point le plus bas du continent africain ?,Le lac Assal,3,Lacs
403,Divertissement,Quel sport se joue sur des balais volants dans la saga « Harry Potter » ?,Le Quidditch,1,Sagas
403,Histoire,Quel maire du palais arrêta une armée arabe près de Poitiers en 732 ?,Charles Martel,1,Mérovingiens et Carolingiens
403,Arts & Littérature,Quel écrivain de Manosque a écrit « Le Hussard sur le toit » ?,Jean Giono,2,Auteurs
403,Sciences & Nature,Il y a combien de millions d'années environ les dinosaures non aviens ont-ils disparu ?,66 millions d'années,2,Géologie
403,Sports & Loisirs,Quelle athlète française a été sacrée championne du monde de l'heptathlon à Séville en 1999 ?,Eunice Barber,3,Athlétisme
404,Géographie,Quel archipel des Terres australes françaises fut surnommé « les îles de la Désolation » ?,Les Kerguelen,3,Outre-mer
404,Divertissement,Quelle émission du dimanche après-midi Michel Drucker a-t-il lancée sur France 2 en 1998 ?,Vivement dimanche,1,Émissions
404,Histoire,Quelle bataille de 1876 voit la défaite et la mort du lieutenant-colonel Custer face aux Sioux et aux Cheyennes ?,Little Bighorn,2,États-Unis
404,Arts & Littérature,Quel dramaturge a écrit « Le Cid » ?,Pierre Corneille,1,Théâtre
404,Sciences & Nature,Comment appelle-t-on la courbe en forme de 8 couché qui ressemble au symbole de l'infini ?,La lemniscate,3,Mathématiques
404,Sports & Loisirs,Quelle expression désigne l'exploit d'un joueur qui marque trois buts au cours d'un même match ?,Le coup du chapeau,1,Vocabulaire et règles
405,Géographie,Quel grand fleuve américain se jette dans le golfe du Mexique près de La Nouvelle-Orléans ?,Le Mississippi,1,Amériques
405,Divertissement,Quel illustrateur britannique a créé « Où est Charlie ? » ?,Martin Handford,3,Culture pop
405,Histoire,Quelle bataille de 1415 fut un désastre pour la chevalerie française face aux archers anglais ?,Azincourt,1,Guerre de Cent Ans
405,Arts & Littérature,Quel peintre anglais du XVIIIe siècle est l'auteur du portrait « The Blue Boy » ?,Thomas Gainsborough,3,Portrait
405,Sciences & Nature,"Quelle vitamine manquante provoque le scorbut, fléau des marins d'autrefois ?",La vitamine C,1,Maladies
405,Sports & Loisirs,"Quelle nation a battu les États-Unis en finale du tournoi olympique de basket en 1972, à Munich ?",L'URSS,2,Basket – compétitions
406,Géographie,Quelle ville est la capitale de la Belgique ?,Bruxelles,1,Belgique
406,Divertissement,Quel acteur a incarné Antoine Doinel dans cinq films de François Truffaut ?,Jean-Pierre Léaud,3,Nouvelle Vague
406,Histoire,Quel navire transporte en 1620 les Pères pèlerins vers l'Amérique ?,Le Mayflower,1,Amérique du Nord
406,Arts & Littérature,"Quel peintre impressionniste, né à Paris de parents anglais, a peint « L'Inondation à Port-Marly » ?",Alfred Sisley,3,Impressionnisme
406,Sciences & Nature,Quelle couche du globe terrestre se situe entre la croûte et le noyau ?,Le manteau,1,Géologie
406,Sports & Loisirs,Quel guide gastronomique décerne des étoiles aux restaurants depuis 1926 ?,Le Guide Michelin,1,Histoire de la cuisine
407,Géographie,Quelle ville américaine est surnommée « la Grosse Pomme » ?,New York,1,Grandes villes
407,Divertissement,Comment s'appelle l'être parfait incarné par Milla Jovovich dans « Le Cinquième Élément » ?,Leeloo,2,Personnages
407,Histoire,"En quelle année le Brésil, dernier pays des Amériques à le faire, abolit-il l'esclavage ?",1888,3,Amérique latine
407,Arts & Littérature,Quel dieu romain des marchands et des voyageurs correspond au grec Hermès ?,Mercure,1,Mythologie romaine
407,Sciences & Nature,Quel grand singe roux d'Asie porte un nom qui signifie « homme de la forêt » en malais ?,L'orang-outan,1,Mammifères
407,Sports & Loisirs,Quel pilote danois a remporté à neuf reprises les 24 Heures du Mans entre 1997 et 2013 ?,Tom Kristensen,3,Sports mécaniques
408,Géographie,Quelle ville du Haut-Rhin est célèbre pour son quartier pittoresque surnommé « la Petite Venise » ?,Colmar,2,Villes
408,Divertissement,Qui était le chanteur et guitariste de Nirvana ?,Kurt Cobain,1,Rock
408,Histoire,Quel révolutionnaire italien lance des bombes sur le cortège de Napoléon III devant l'Opéra en 1858 ?,Felice Orsini,3,Second Empire
408,Arts & Littérature,Par quelle partie du corps le héros Achille était-il vulnérable ?,Le talon,1,Épopées antiques
408,Sciences & Nature,Quel petit rapace fait du « sur-place » en vol au-dessus des talus pour repérer les campagnols ?,Le faucon crécerelle,3,Oiseaux
408,Sports & Loisirs,"Quel pilote brésilien, triple champion du monde de Formule 1, s'est tué sur le circuit d'Imola en 1994 ?",Ayrton Senna,1,Sports mécaniques
409,Géographie,Quelle est la capitale de la Norvège ?,Oslo,1,Capitales
409,Divertissement,"Quelle console, sortie en 1998, fut la dernière console de salon de Sega ?",La Dreamcast,2,Jeux vidéo
409,Histoire,Quel chef malinké résiste à la conquête française en Afrique de l'Ouest jusqu'à sa capture en 1898 ?,Samory Touré,3,Colonisation
409,Arts & Littérature,"Quel opéra de Mozart, sur un livret de Da Ponte, raconte la chute d'un séducteur emporté par la statue du Commandeur ?",Don Giovanni,2,Opéra
409,Sciences & Nature,Quelle protéine des globules rouges transporte l'oxygène ?,L'hémoglobine,1,Sang
409,Sports & Loisirs,"Quelle équipe de basket-spectacle, fondée à Chicago, porte pourtant le nom d'un quartier de New York ?",Les Harlem Globetrotters,2,Basket – clubs
410,Géographie,Quelle ville est le siège du gouvernement bolivien ?,La Paz,2,Amériques
410,Divertissement,Quelle héroïne parisienne masquée combat les méchants aux côtés de Chat Noir ?,Ladybug,1,Dessins animés
410,Histoire,Quel dirigeant a proclamé l'indépendance de l'Indonésie en 1945 et en devint le premier président ?,Sukarno,3,Décolonisation
410,Arts & Littérature,Quel maître hollandais du XVIIe siècle a peint « La Ronde de nuit » ?,Rembrandt,1,Tableaux célèbres
410,Sciences & Nature,"Comment appelle-t-on l'enrichissement excessif d'un milieu aquatique en nutriments, qui provoque une prolifération d'algues ?",L'eutrophisation,3,Écologie
410,Sports & Loisirs,Quel Grand Prix de Formule 1 se dispute dans les rues d'une principauté depuis 1929 ?,Le Grand Prix de Monaco,1,Sports mécaniques
411,Géographie,Quel est le plus long fleuve coulant entièrement en France ?,La Loire,1,Fleuves et rivières
411,Divertissement,"Quel acteur incarne Perceval, le chevalier naïf de « Kaamelott » ?",Franck Pitiot,3,Séries françaises
411,Histoire,"Quel nom de guerre portait le chef des Khmers rouges, au pouvoir au Cambodge de 1975 à 1979 ?",Pol Pot,1,Asie
411,Arts & Littérature,"Quel écrivain allemand, auteur du « Tambour », reçut le prix Nobel de littérature en 1999 ?",Günter Grass,2,Prix Nobel de littérature
411,Sciences & Nature,"Dans quel tissu, situé au cœur des os, sont fabriquées les cellules sanguines ?",La moelle osseuse,1,Sang
411,Sports & Loisirs,Quel célèbre enchaînement de virages en montée se trouve sur le circuit de Spa-Francorchamps ?,Le raidillon de l'Eau Rouge,3,Sports mécaniques
412,Géographie,Quelle ville est la capitale de la Nouvelle-Calédonie ?,Nouméa,1,Outre-mer
412,Divertissement,Quelle chaîne de télévision musicale américaine a été lancée en 1981 ?,MTV,2,Télévision
412,Histoire,"Quelle division blindée française, commandée par Leclerc, est entrée dans Paris en août 1944 ?",La 2e DB,2,Libération
412,Arts & Littérature,"Quelle compagnie, fondée par Serge de Diaghilev, a révolutionné la scène parisienne à partir de 1909 ?",Les Ballets russes,2,Danse
412,Sciences & Nature,"Quel virus, contre lequel on vaccine les adolescents, est responsable de la plupart des cancers du col de l'utérus ?",Le papillomavirus (HPV),2,Vaccins
412,Sports & Loisirs,Quel surnom portait l'équipe de France de handball médaillée de bronze aux JO de Barcelone en 1992 ?,Les Bronzés,2,Handball – équipe de France
413,Géographie,Quelle ville du Calvados abrite la célèbre tapisserie dite « de la reine Mathilde » ?,Bayeux,1,Villes
413,Divertissement,Quel auteur belge a créé les Schtroumpfs ?,Peyo,2,BD franco-belge
413,Histoire,Quelle écriture mycénienne a été déchiffrée par l'architecte britannique Michael Ventris en 1952 ?,Le linéaire B,3,Grèce antique
413,Arts & Littérature,"Quelle troupe, fondée en 1680, est surnommée « la Maison de Molière » ?",La Comédie-Française,1,Théâtre
413,Sciences & Nature,"Quelle vitesse une rame TGV a-t-elle atteinte le 3 avril 2007, établissant le record du monde sur rail ?","574,8 km/h",3,Transports
413,Sports & Loisirs,Quel pays dispute à la France l'invention de la frite et en a fait un symbole national ?,La Belgique,1,Cuisine du monde
414,Géographie,"Quel est le plus haut sommet du monde, à la frontière entre le Népal et la Chine ?",L'Everest,1,Asie
414,Divertissement,"Quel acteur jouait le commissaire Cordier dans « Les Cordier, juge et flic » ?",Pierre Mondy,3,Séries françaises
414,Histoire,Quelle insurrection parisienne de 1871 est écrasée lors de la « Semaine sanglante » ?,La Commune de Paris,1,Guerre de 1870
414,Arts & Littérature,"Quel romancier, auteur de « Pays de neige », fut en 1968 le premier Japonais lauréat du prix Nobel de littérature ?",Yasunari Kawabata,3,Prix Nobel de littérature
414,Sciences & Nature,"Quel est le nom de la famille de lanceurs européens tirés depuis Kourou, dont la version 5 a volé de 1996 à 2023 ?",Ariane,1,Espace : missions
414,Sports & Loisirs,"Quelle spécialité lyonnaise, souvent à base de brochet, est pochée puis servie avec une sauce Nantua ?",La quenelle,2,Cuisine régionale
415,Géographie,Quelles sont les quatre langues nationales de la Suisse ?,"Allemand, français, italien et romanche",2,Suisse
415,Divertissement,Quel roi de France est le héros du spectacle musical « Le Roi Soleil » créé en 2005 ?,Louis XIV,1,Comédies musicales
415,Histoire,Quel « vent divin » aurait dispersé les flottes mongoles lancées contre le Japon au XIIIe siècle ?,Le kamikaze,2,Asie médiévale
415,Arts & Littérature,Comment s'appelait la prêtresse d'Apollon qui rendait les oracles à Delphes ?,La Pythie,2,Mythologie grecque
415,Sciences & Nature,"Depuis 1967, la seconde est définie à partir des oscillations de quel atome ?",Le césium,3,Unités et mesures
415,Sports & Loisirs,Quelle discipline d'athlétisme impose aux concurrents de garder en permanence un pied en contact avec le sol ?,La marche athlétique,1,Athlétisme
416,Géographie,"Quelle péninsule de l'Extrême-Orient russe, hérissée de volcans, s'avance entre la mer d'Okhotsk et la mer de Béring ?",Le Kamtchatka,2,Asie
416,Divertissement,Dans quel jeu de course de Nintendo les pilotes se lancent-ils des carapaces et des peaux de banane ?,Mario Kart,1,Jeux vidéo
416,Histoire,Quel empereur indien de la dynastie Maurya se convertit au bouddhisme après la sanglante conquête du Kalinga ?,Ashoka,3,Chine et Asie antiques
416,Arts & Littérature,Dans quelle pièce de Molière Harpagon se lamente-t-il d'avoir perdu sa cassette ?,L'Avare,1,Théâtre
416,Sciences & Nature,Quel drapier néerlandais a été le premier à observer des micro-organismes avec ses microscopes ?,Antoni van Leeuwenhoek,3,Grands scientifiques
416,Sports & Loisirs,Quel petit cheval noir a mené Pierre Durand au titre olympique de saut d'obstacles à Séoul en 1988 ?,Jappeloup,1,Équitation
417,Géographie,Quelle est la capitale de la Bulgarie ?,Sofia,1,Capitales
417,Divertissement,Dans quelle ville du Québec est née Céline Dion ?,Charlemagne,3,Célébrités de la chanson
417,Histoire,Dans quelle forêt de l'Oise l'armistice du 11 novembre 1918 a-t-il été signé ?,La forêt de Compiègne,1,Première Guerre mondiale
417,Arts & Littérature,Quel sculpteur suisse est célèbre pour ses silhouettes filiformes comme « L'Homme qui marche » ?,Alberto Giacometti,2,Sculpture
417,Sciences & Nature,"Comment appelle-t-on, sur une carte météo, une ligne reliant les points de même pression ?",Une isobare,2,Météorologie
417,Sports & Loisirs,"Quel joueur brésilien, surnommé « le Roi », a remporté la Coupe du monde en 1958, 1962 et 1970 ?",Pelé,1,Football – champions
418,Géographie,Quel fleuve marque la frontière entre la Guyane et le Brésil ?,L'Oyapock,3,Outre-mer
418,Divertissement,Quel film de Kevin Costner (1990) montre un officier nordiste adopté par une tribu sioux ?,Danse avec les loups,1,Westerns
418,Histoire,Dans quelle ville Jean Calvin établit-il le foyer de la Réforme qu'il dirige ?,Genève,1,Réforme
418,Arts & Littérature,Quel titre de noblesse le Chat botté invente-t-il pour son pauvre maître ?,Marquis de Carabas,2,Contes
418,Sciences & Nature,De quelle plante se nourrit presque exclusivement le panda géant ?,Le bambou,1,Mammifères
418,Sports & Loisirs,"Quel Australien a réalisé le Grand Chelem calendaire en 1962, puis de nouveau en 1969 ?",Rod Laver,3,Tennis – exploits
419,Géographie,Les lagons de quel territoire français du Pacifique ont été inscrits à l'UNESCO en 2008 ?,La Nouvelle-Calédonie,2,Patrimoine UNESCO
419,Divertissement,Quel acteur incarne le petit voyou Michel Poiccard dans « À bout de souffle » ?,Jean-Paul Belmondo,2,Nouvelle Vague
419,Histoire,Quel roi de France meurt en 1559 des suites d'une blessure à l'œil reçue lors d'un tournoi ?,Henri II,2,Renaissance
419,Arts & Littérature,"Dans quels fruits tombe-t-on, selon l'expression, quand on s'évanouit ?",Les pommes,1,Expressions
419,Sciences & Nature,Comment appelle-t-on la phase de la Lune durant laquelle elle est invisible depuis la Terre ?,La nouvelle lune,1,Astronomie : Lune
419,Sports & Loisirs,Quel navigateur de 62 ans a remporté la Route du Rhum 2018 avec seulement sept minutes d'avance sur François Gabart ?,Francis Joyon,3,Voile
420,Géographie,"Quelle ville de Haute-Savoie, traversée de canaux au bord de son lac, est surnommée « la Venise des Alpes » ?",Annecy,1,Villes
420,Divertissement,Dans quelle prison californienne Johnny Cash a-t-il enregistré un concert légendaire en 1968 ?,Folsom,3,Country
420,Histoire,Comment appelait-on les unités de volontaires étrangers venus combattre aux côtés des républicains espagnols ?,Les Brigades internationales,2,Guerre d'Espagne
420,Arts & Littérature,Quel héros athénien a tué le Minotaure ?,Thésée,1,Mythologie grecque
420,Sciences & Nature,"Quelles membranes protègent le cerveau, dont l'inflammation provoque une maladie grave ?",Les méninges,1,Cerveau et nerfs
420,Sports & Loisirs,Quels sont les deux mouvements disputés en haltérophilie olympique ?,L'arraché et l'épaulé-jeté,3,Vocabulaire et règles
421,Géographie,Comment appelle-t-on l'embouchure d'un fleuve qui se divise en plusieurs bras en forme de triangle ?,Un delta,1,Géographie physique
421,Divertissement,Dans quelle commune de Seine-Saint-Denis se déroule « Les Misérables » (2019) de Ladj Ly ?,Montfermeil,3,Cinéma français
421,Histoire,En quelle année le mur de Berlin a-t-il été érigé ?,1961,2,Guerre froide
421,Arts & Littérature,Quel écrivain a imaginé le gentleman cambrioleur Arsène Lupin ?,Maurice Leblanc,1,Personnages
421,Sciences & Nature,Quel chirurgien sud-africain a réalisé la première greffe du cœur humain en 1967 ?,Christiaan Barnard,2,Grands médecins
421,Sports & Loisirs,"Quelle soupe froide à base de tomates, de concombre et de poivron est une spécialité andalouse ?",Le gaspacho,1,Cuisine du monde
422,Géographie,Quel grand parc national d'Afrique du Sud longe la frontière avec le Mozambique ?,Le parc Kruger,2,Sites célèbres
422,Divertissement,"Quelle actrice incarne Joséphine, l'ange gardien de la série de TF1 ?",Mimie Mathy,1,Séries françaises
422,Histoire,Quel ministre de l'Intérieur a donné son nom aux lois de décentralisation de 1982 ?,Gaston Defferre,3,Ve République
422,Arts & Littérature,"Quelle écrivaine française, autrice des « Années », a reçu le prix Nobel de littérature en 2022 ?",Annie Ernaux,1,Prix Nobel
422,Sciences & Nature,"Quelle famille d'acides gras, abondante dans le saumon et la sardine, est réputée bonne pour le cœur ?",Les oméga-3,1,Nutrition
422,Sports & Loisirs,"Quel golfeur espagnol a remporté cinq tournois majeurs, dont trois British Open, entre 1979 et 1988 ?",Severiano Ballesteros,3,Golf
423,Géographie,Quel est le plus vaste canton suisse ?,Les Grisons,2,Suisse
423,Divertissement,"Quel chanteur country, toujours vêtu de noir, était surnommé « The Man in Black » ?",Johnny Cash,2,Country
423,Histoire,"Quel édit de 1598, signé par Henri IV, accorde la liberté de culte aux protestants ?",L'édit de Nantes,1,Guerres de religion
423,Arts & Littérature,Quel poète et cinéaste a écrit le roman « Les Enfants terribles » en 1929 ?,Jean Cocteau,3,Auteurs
423,Sciences & Nature,"Quel mot, tiré d'un personnage mythologique amoureux de son reflet, désigne l'amour excessif de soi ?",Le narcissisme,1,Psychologie
423,Sports & Loisirs,Quelle ville italienne a accueilli les Jeux olympiques d'hiver de 2006 ?,Turin,2,Villes olympiques
424,Géographie,Quelle ville est le chef-lieu du département de Mayotte ?,Mamoudzou,3,Outre-mer
424,Divertissement,Quel acteur joue Godefroy de Montmirail dans « Les Visiteurs » (1993) ?,Jean Reno,1,Comédies françaises
424,Histoire,"Quel monument mégalithique circulaire se dresse dans la plaine de Salisbury, en Angleterre ?",Stonehenge,1,Préhistoire
424,Arts & Littérature,"Quel poète provençal, auteur de « Mirèio », reçut le prix Nobel de littérature en 1904 ?",Frédéric Mistral,2,Prix Nobel de littérature
424,Sciences & Nature,"Quel marsupial carnivore au dos rayé, surnommé « tigre de Tasmanie », s'est éteint au XXe siècle ?",Le thylacine,3,Écologie
424,Sports & Loisirs,Quelle ville australienne a organisé les Jeux olympiques d'été de 2000 ?,Sydney,1,Villes olympiques
425,Géographie,À quelle famille de langues appartient le hongrois ?,Finno-ougrienne,3,Langues
425,Divertissement,Dans quel arrondissement de New York le hip-hop est-il né au début des années 1970 ?,Le Bronx,1,Hip-hop
425,Histoire,Quel peintre espagnol a représenté les fusillades du 3 mai 1808 à Madrid ?,Francisco de Goya,2,Napoléon
425,Arts & Littérature,Quel poète grec aveugle est traditionnellement considéré comme l'auteur de l'« Iliade » et de l'« Odyssée » ?,Homère,1,Épopées antiques
425,Sciences & Nature,Combien de lobes compte le poumon droit ?,Trois,2,Respiration
425,Sports & Loisirs,"Au golf, comment appelle-t-on un trou joué en un coup de plus que le par ?",Un bogey,2,Golf
426,Géographie,Comment appelle-t-on les immenses figures tracées dans le désert du sud du Pérou ?,Les lignes de Nazca,1,Monuments et sites
426,Divertissement,Quelle poétesse et romancière était la grand-mère du chanteur Matthieu Chedid ?,Andrée Chedid,3,Célébrités de la chanson
426,Histoire,Quelle chapelle parisienne Saint Louis fit-il construire pour abriter la couronne d'épines ?,La Sainte-Chapelle,1,Capétiens
426,Arts & Littérature,Quel sculpteur roumain installé à Paris a réalisé la série « L'Oiseau dans l'espace » ?,Constantin Brancusi,2,Sculpture
426,Sciences & Nature,Quel insecte aux quatre ailes transparentes passe sa vie larvaire dans l'eau avant de chasser en vol ?,La libellule,2,Insectes
426,Sports & Loisirs,Quel coureur marocain a réalisé le doublé 1 500 m – 5 000 m aux Jeux d'Athènes en 2004 ?,Hicham El Guerrouj,2,Athlétisme
427,Géographie,"Dans quel archipel de Polynésie se trouve Hiva Oa, où reposent Paul Gauguin et Jacques Brel ?",Les Marquises,2,Outre-mer
427,Divertissement,Quel hérisson bleu supersonique est la mascotte de Sega ?,Sonic,1,Jeux vidéo
427,Histoire,Quel stratège athénien convainquit sa cité de construire la flotte victorieuse à Salamine ?,Thémistocle,3,Grèce antique
427,Arts & Littérature,"Dans « Le Petit Chaperon rouge » de Perrault, que porte la fillette à sa mère-grand ?",Une galette et un petit pot de beurre,1,Contes
427,Sciences & Nature,Quelle paire de chromosomes sexuels possède habituellement un homme ?,XY,1,Génétique
427,Sports & Loisirs,"Quelle fermière normande est, selon la tradition, l'inventrice du camembert vers 1791 ?",Marie Harel,3,Fromages
428,Géographie,"Quel site turc, dont le nom signifie « château de coton », est célèbre pour ses vasques de travertin blanc ?",Pamukkale,2,Sites célèbres
428,Divertissement,Quel pays a remporté l'Eurovision 2022 avec le Kalush Orchestra ?,L'Ukraine,2,Eurovision
428,Histoire,Sur quelle place de Pékin des manifestations étudiantes ont-elles été réprimées par l'armée en juin 1989 ?,La place Tian'anmen,1,Chine
428,Arts & Littérature,"Quel héros de Corneille tue en duel le père de Chimène, qu'il aime ?",Rodrigue,2,Théâtre
428,Sciences & Nature,"Quel médecin aliéniste français, figure de Bicêtre et de la Salpêtrière, est traditionnellement présenté comme celui qui ôta leurs chaînes aux « fous » ?",Philippe Pinel,2,Psychologie
428,Sports & Loisirs,"En escrime, quelle arme ne permet de toucher qu'avec la pointe et uniquement sur le tronc ?",Le fleuret,2,Vocabulaire et règles
429,Géographie,La collision de quelle plaque avec la plaque eurasienne a donné naissance à l'Himalaya ?,La plaque indienne,2,Plaques et séismes
429,Divertissement,Quel album de Pink Floyd de 1973 montre sur sa pochette un prisme décomposant la lumière ?,The Dark Side of the Moon,2,Albums
429,Histoire,Quel pays des Caraïbes a été ravagé par un séisme dévastateur en janvier 2010 ?,Haïti,1,Catastrophes
429,Arts & Littérature,Quel mouvement artistique est né en 1916 au Cabaret Voltaire de Zurich ?,Dada,2,Mouvements artistiques
429,Sciences & Nature,Comment appelle-t-on la femelle du sanglier ?,La laie,2,Mammifères
429,Sports & Loisirs,"Quel jeu de tuiles d'origine chinoise comporte notamment les familles des bambous, des caractères et des cercles ?",Le mah-jong,2,Jeux de société
430,Géographie,"Quel fleuve traverse Vienne, Bratislava et Budapest ?",Le Danube,1,Fleuves
430,Divertissement,Quel écrivain britannique a créé l'agent secret James Bond ?,Ian Fleming,2,Personnages de fiction
430,Histoire,Quel pape instaure en 1582 le calendrier encore utilisé en Occident ?,Grégoire XIII,3,Sciences
430,Arts & Littérature,"Quel philosophe franciscain anglais du XIVe siècle a donné son nom à un « rasoir », principe d'économie des hypothèses ?",Guillaume d'Ockham,2,Philosophie médiévale
430,Sciences & Nature,Quelle anomalie de la perception des couleurs porte le nom d'un chimiste anglais qui en était atteint ?,Le daltonisme,1,Sens : la vue
430,Sports & Loisirs,Quel jouet est formé de deux disques reliés par un axe autour duquel s'enroule une ficelle ?,Le yo-yo,1,Jouets
431,Géographie,Quel est le vrai nom du pont d'Avignon de la chanson ?,Le pont Saint-Bénézet,2,Monuments
431,Divertissement,Qui était le chanteur du groupe The Doors ?,Jim Morrison,1,Rock
431,Histoire,Dans quelle ville américaine l'Organisation des Nations unies a-t-elle été fondée en 1945 ?,San Francisco,2,Relations internationales
431,Arts & Littérature,"Quel dramaturge québécois a fait scandale en 1968 avec « Les Belles-sœurs », écrite en joual ?",Michel Tremblay,3,Théâtre
431,Sciences & Nature,Quel pharmacien militaire a popularisé la consommation de la pomme de terre en France au XVIIIe siècle ?,Antoine Parmentier,1,Plantes
431,Sports & Loisirs,Sur quelle chanson de Yannick Noah les joueurs français ont-ils dansé après leur victoire en Coupe Davis 1991 ?,Saga Africa,3,Tennis – exploits
432,Géographie,Quelle pointe du Finistère fait face à l'île de Sein ?,La pointe du Raz,2,Côtes
432,Divertissement,Quelle chanson d'Édith Piaf commence par « Des yeux qui font baisser les miens » ?,La Vie en rose,1,Paroles célèbres
432,Histoire,Quel chef de la croisade des Albigeois fut tué par une pierre lors du siège de Toulouse en 1218 ?,Simon de Montfort,3,Croisade des Albigeois
432,Arts & Littérature,Quel peintre impressionniste a représenté une guinguette de Montmartre dans « Bal du moulin de la Galette » ?,Auguste Renoir,1,Impressionnisme
432,Sciences & Nature,Quel tailleur français a breveté en 1830 la première machine à coudre ?,Barthélemy Thimonnier,3,Inventeurs
432,Sports & Loisirs,Quel classement du Tour de France est récompensé par le maillot blanc à pois rouges ?,Le meilleur grimpeur,1,Cyclisme – Tour de France
433,Géographie,Quelle île des Antilles françaises a pour chef-lieu Fort-de-France ?,La Martinique,1,Amériques
433,Divertissement,"Quel instrument à percussion en métal, fabriqué à partir de bidons de pétrole, est né à Trinité-et-Tobago ?",Le steel drum (steelpan),2,Instruments
433,Histoire,Quel président de la République française fut assassiné en 1932 par un émigré russe ?,Paul Doumer,3,France de l'entre-deux-guerres
433,Arts & Littérature,"Quel roman de Marguerite Duras, se déroulant en Indochine, a obtenu le prix Goncourt en 1984 ?",L'Amant,2,Prix Goncourt
433,Sciences & Nature,Comment appelle-t-on l'art japonais de cultiver des arbres miniatures en pot ?,Le bonsaï,1,Arbres
433,Sports & Loisirs,Quelle ville du Lot-et-Garonne a donné son nom à de célèbres pruneaux ?,Agen,1,Produits du terroir
434,Géographie,Quel volcan mexicain est apparu en 1943 au milieu d'un champ de maïs ?,Le Paricutín,3,Volcans
434,Divertissement,"Dans « E.T. », quel engin s'envole devant la pleine lune dans une scène devenue mythique ?",Un vélo,1,Science-fiction
434,Histoire,Quel savant français a déchiffré les hiéroglyphes égyptiens en 1822 ?,Jean-François Champollion,1,Égypte ancienne
434,Arts & Littérature,"Quel compositeur a écrit l'opéra-bouffe « Orphée aux Enfers », dont le galop accompagne le French cancan ?",Jacques Offenbach,2,Opéra
434,Sciences & Nature,Quel physicien danois a proposé en 1913 un modèle d'atome où les électrons circulent sur des orbites définies ?,Niels Bohr,2,Physique
434,Sports & Loisirs,"Comment appelle-t-on la position des skis écartés en pointe, adoptée par les sauteurs à ski depuis les années 1990 ?",Le style en V,2,Sports d'hiver
435,Géographie,"Quel État insulaire de Méditerranée, indépendant depuis 1964, a pour capitale La Valette ?",Malte,1,Pays
435,Divertissement,Sur quelle planète désertique Luke Skywalker a-t-il grandi dans « Star Wars » ?,Tatooine,2,Sagas
435,Histoire,"Quel amendement de 1875, adopté à une voix de majorité, installe durablement la République ?",L'amendement Wallon,3,IIIe République
435,Arts & Littérature,"Quelle artiste franco-américaine a créé les « Nanas », grandes femmes colorées aux formes rondes ?",Niki de Saint Phalle,1,Sculpture
435,Sciences & Nature,Quelle petite structure du cerveau en forme d'amande est au cœur de la gestion de la peur ?,L'amygdale (cérébrale),3,Cerveau et nerfs
435,Sports & Loisirs,Quel dessert est traditionnellement dégusté par les spectateurs de Wimbledon ?,Des fraises à la crème,1,Tennis – compétitions
436,Géographie,"Depuis la réforme territoriale de 2016, combien de régions compte la France métropolitaine ?",13,1,Régions
436,Divertissement,Quelle comédie musicale adaptée de Victor Hugo a été créée à Paris en 1980 avant de triompher à Londres ?,Les Misérables,2,Comédies musicales
436,Histoire,Quel royaume antique d'Éthiopie est célèbre pour ses stèles monumentales ?,Aksoum,3,Amériques et Afrique antiques
436,Arts & Littérature,Quel compositeur allemand a écrit la Tétralogie « L'Anneau du Nibelung » ?,Richard Wagner,1,Opéra
436,Sciences & Nature,"Quelle technologie vaccinale, utilisée contre la Covid-19, a valu le prix Nobel de médecine 2023 à Katalin Karikó et Drew Weissman ?",L'ARN messager,2,Vaccins
436,Sports & Loisirs,Comment appelle-t-on le côté gauche d'un bateau lorsqu'on regarde vers l'avant ?,Bâbord,1,Voile
437,Géographie,Comment appelle-t-on une série de vagues géantes provoquée par un séisme sous-marin ?,Un tsunami,1,Plaques et séismes
437,Divertissement,"Dans « Quai des brumes » (1938), à quelle actrice Jean Gabin dit-il « T'as d'beaux yeux, tu sais » ?",Michèle Morgan,2,Répliques cultes
437,Histoire,Quel établissement fondé en 1607 est la première colonie anglaise permanente en Amérique du Nord ?,Jamestown,2,Amérique du Nord
437,Arts & Littérature,Quel roman d'Alexandre Dumas fils a inspiré l'opéra « La Traviata » de Verdi ?,La Dame aux camélias,2,Romans
437,Sciences & Nature,Comment qualifie-t-on un allèle qui ne s'exprime que s'il est présent en deux exemplaires ?,Récessif,2,Génétique
437,Sports & Loisirs,Quel Irlandais a remporté le Tour de France 1987 ?,Stephen Roche,3,Cyclisme – champions
438,Géographie,Comment appelle-t-on la concrétion calcaire qui pend du plafond d'une grotte ?,Une stalactite,1,Géographie physique
438,Divertissement,Quel groupe de rock italien a remporté l'Eurovision 2021 à Rotterdam ?,Måneskin,2,Eurovision
438,Histoire,"Quelle espèce du genre Homo, décrite en 1964 d'après des fossiles des gorges d'Olduvai, a longtemps été vue comme la première à fabriquer des outils ?",Homo habilis,2,Préhistoire
438,Arts & Littérature,Quel musée new-yorkais à rampe hélicoïdale a été conçu par Frank Lloyd Wright ?,Le musée Guggenheim,2,Musées
438,Sciences & Nature,"Quel moustique invasif rayé noir et blanc, originaire d'Asie, a été détecté pour la première fois en France métropolitaine en 2004 ?",Le moustique tigre,1,Écologie
438,Sports & Loisirs,Quel skieur suédois a remporté 86 courses de Coupe du monde de ski alpin entre 1974 et 1989 ?,Ingemar Stenmark,3,Sports d'hiver
439,Géographie,Quelle est la capitale de la Lituanie ?,Vilnius,2,Capitales
439,Divertissement,Quel musicien français a sorti l'album électronique « Oxygène » en 1976 ?,Jean-Michel Jarre,1,Électro
439,Histoire,"Quel massacre de protestants, commis en Champagne en 1562, déclenche les guerres de religion ?",Le massacre de Wassy,3,Guerres de religion
439,Arts & Littérature,Comment appelle-t-on le morceau instrumental qui ouvre un opéra avant le lever du rideau ?,L'ouverture,1,Opéra
439,Sciences & Nature,"Quel cactus géant en forme de candélabre est emblématique du désert de Sonora, entre l'Arizona et le Mexique ?",Le saguaro,3,Plantes
439,Sports & Loisirs,"Quel athlète américain a remporté quatre médailles d'or aux Jeux de Los Angeles en 1984, égalant l'exploit de Jesse Owens ?",Carl Lewis,1,Champions olympiques
440,Géographie,Quel îlot rocheux coiffé d'une abbaye se dresse dans une baie aux confins de la Normandie et de la Bretagne ?,Le Mont-Saint-Michel,1,Patrimoine UNESCO
440,Divertissement,Quelle chanteuse country a écrit et chanté la version originale de « I Will Always Love You » ?,Dolly Parton,3,Country
440,Histoire,Comment s'appelait la machine de chiffrement allemande dont les messages furent décryptés à Bletchley Park ?,Enigma,1,Renseignement
440,Arts & Littérature,Quelle expression les Québécois emploient-ils à la place de « week-end » ?,La fin de semaine,2,Francophonie
440,Sciences & Nature,Comment appelle-t-on des atomes d'un même élément qui diffèrent par leur nombre de neutrons ?,Des isotopes,2,Chimie : éléments
440,Sports & Loisirs,"Quel fromage du Haut-Doubs, cerclé d'une sangle d'épicéa, se déguste à la cuillère en hiver ?",Le mont-d'or,2,Fromages
441,Géographie,Quelle est la capitale de la Syrie ?,Damas,1,Capitales
441,Divertissement,"Quelle sitcom « sur rien » suit Jerry, George, Elaine et Kramer à New York ?",Seinfeld,2,Sitcoms
441,Histoire,Quel chef de la révolution mexicaine s'appelait en réalité José Doroteo Arango ?,Pancho Villa,3,Amérique latine
441,Arts & Littérature,Quelle fleur orgueilleuse le Petit Prince a-t-il laissée sur sa planète ?,Une rose,1,Littérature jeunesse
441,Sciences & Nature,Quel singe d'Afrique centrale arbore un museau rouge vif bordé de bleu ?,Le mandrill,2,Mammifères
441,Sports & Loisirs,Quelle eau-de-vie de vin gasconne est considérée comme la plus ancienne de France ?,L'armagnac,2,Spiritueux
442,Géographie,"Comment appelle-t-on un plateau isolé à sommet plat et aux flancs abrupts, typique de l'Ouest américain ?",Une mesa,3,Géographie physique
442,Divertissement,En quelle année s'est tenu le festival de Woodstock ?,1969,1,Concerts
442,Histoire,Quel conquérant turco-mongol du XIVe siècle fit de Samarcande sa somptueuse capitale ?,Tamerlan,2,Asie médiévale
442,Arts & Littérature,Dans quelle ville se trouve la Casa Batlló d'Antoni Gaudí ?,Barcelone,1,Architecture
442,Sciences & Nature,Quel médecin allemand a identifié en 1882 le bacille responsable de la tuberculose ?,Robert Koch,2,Grands médecins
442,Sports & Loisirs,Quel sport gaélique très rapide se joue avec une crosse en bois appelée hurley ?,Le hurling,3,Sports insolites
443,Géographie,Quel archipel équatorien du Pacifique a nourri les réflexions de Charles Darwin sur l'évolution ?,Les îles Galápagos,1,Amériques
443,Divertissement,Quel film de Jean-Jacques Annaud (1981) raconte la quête d'une tribu préhistorique qui a perdu sa flamme ?,La Guerre du feu,3,Cinéma français
443,Histoire,"À quel conjuré César aurait-il lancé « Toi aussi, mon fils » au moment de son assassinat ?",Brutus,1,Rome antique
443,Arts & Littérature,Quel écrivain de la « Beat Generation » a écrit « Sur la route » ?,Jack Kerouac,2,Littérature américaine
443,Sciences & Nature,Quelle minuscule musaraigne de moins de deux grammes est souvent citée comme le plus petit mammifère du monde par la masse ?,La pachyure étrusque,3,Mammifères
443,Sports & Loisirs,Quel nom anglais donne-t-on au jeu décisif disputé à six jeux partout ?,Le tie-break,1,Tennis – règles
444,Géographie,Quelle est la capitale du Qatar ?,Doha,2,Capitales
444,Divertissement,Quel chanteur a interprété « Je suis malade » en 1973 ?,Serge Lama,2,Chanson française
444,Histoire,"Quelle statue géante du dieu Hélios, l'une des sept merveilles du monde, fut renversée par un séisme au IIIe siècle av. J.-C. ?",Le Colosse de Rhodes,1,Grèce antique
444,Arts & Littérature,"Quel Titan, père de Zeus, dévorait ses enfants à leur naissance de peur d'être détrôné ?",Cronos,2,Mythologie grecque
444,Sciences & Nature,Quel astronome d'origine allemande a découvert la planète Uranus en 1781 ?,William Herschel,3,Astronomie : planètes
444,Sports & Loisirs,Quel Français a remporté le simple messieurs de Roland-Garros en 1983 ?,Yannick Noah,1,Tennis – champions
445,Géographie,Quelle est la capitale de la Serbie ?,Belgrade,1,Capitales
445,Divertissement,"Dans quel pays a été diffusée la toute première saison de « Big Brother », en 1999 ?",Pays-Bas,3,Téléréalité
445,Histoire,Quel conquistador s'empare de l'Empire inca à partir de 1532 ?,Francisco Pizarro,1,Conquête de l'Amérique
445,Arts & Littérature,"Quel philosophe danois, précurseur de l'existentialisme, a écrit « Ou bien… ou bien » ?",Søren Kierkegaard,2,Philosophie moderne
445,Sciences & Nature,Quelle fleur fut l'objet d'une célèbre bulle spéculative aux Pays-Bas dans les années 1630 ?,La tulipe,2,Plantes
445,Sports & Loisirs,"Au tarot, quel nom donne-t-on au 1 d'atout ?",Le Petit,2,Jeux de cartes
446,Géographie,Quel sommet du Haut Atlas est le point culminant de l'Afrique du Nord ?,Le Toubkal,3,Montagnes
446,Divertissement,Quelle comédie de 2014 raconte l'histoire d'un couple catholique dont les quatre filles épousent des hommes d'origines diverses ?,Qu'est-ce qu'on a fait au Bon Dieu ?,1,Comédies françaises
446,Histoire,"Quel paquebot britannique, torpillé par un sous-marin allemand en mai 1915, provoqua l'indignation des États-Unis ?",Le Lusitania,2,Première Guerre mondiale
446,Arts & Littérature,Quel chevalier de la Table ronde est l'amant de la reine Guenièvre ?,Lancelot du Lac,1,Légendes arthuriennes
446,Sciences & Nature,"Quel photographe français, auteur de « La Terre vue du ciel », a réalisé le film « Home » en 2009 ?",Yann Arthus-Bertrand,2,Écologie
446,Sports & Loisirs,"Quelle marque allemande de figurines en plastique de 7,5 cm a été lancée en 1974 ?",Playmobil,2,Jouets
447,Géographie,Que signifient les lettres D.C. dans le nom de Washington D.C. ?,District of Columbia,2,Grandes villes
447,Divertissement,"Quelle chanteuse française a remporté l'Eurovision 1965 pour le Luxembourg avec « Poupée de cire, poupée de son » ?",France Gall,2,Eurovision
447,Histoire,Quel navigateur portugais ouvre la route maritime des Indes en atteignant Calicut en 1498 ?,Vasco de Gama,1,Grandes découvertes
447,Arts & Littérature,"Quel dramaturge irlandais, auteur de « Pygmalion », reçut le prix Nobel de littérature en 1925 ?",George Bernard Shaw,2,Prix Nobel de littérature
447,Sciences & Nature,Quels deux savants allemands ont formulé la théorie cellulaire en 1838-1839 ?,Schleiden et Schwann,3,Cellule
447,Sports & Loisirs,"Quelles poupées gigognes en bois peint, emboîtées les unes dans les autres, sont un emblème de la Russie ?",Les matriochkas,1,Jouets
448,Géographie,Quelle région roumaine est associée à la légende du comte Dracula ?,La Transylvanie,1,Pays
448,Divertissement,"Quel film d'animation de 2007, coréalisé par Marjane Satrapi, raconte son enfance en Iran ?",Persepolis,2,Animation
448,Histoire,"Quel ministre français des Affaires étrangères, prix Nobel de la paix 1926, était surnommé « le pèlerin de la paix » ?",Aristide Briand,2,Entre-deux-guerres
448,Arts & Littérature,Quel ami chinois de Tintin a disparu dans l'Himalaya après que son avion s'y est écrasé ?,Tchang,2,Bande dessinée
448,Sciences & Nature,"Comment appelle-t-on le sol gelé en permanence des régions arctiques, en anglais « permafrost » ?",Le pergélisol,2,Géologie
448,Sports & Loisirs,Quel club anglais a été sacré champion sans perdre un seul match de championnat lors de la saison 2003-2004 ?,Arsenal,2,Football – clubs
449,Géographie,Quel désert côtier de Namibie est célèbre pour les dunes rouges de Sossusvlei ?,Le Namib,2,Déserts
449,Divertissement,Quelle série d'Ubisoft met en scène la lutte séculaire entre les Assassins et les Templiers ?,Assassin's Creed,1,Jeux vidéo
449,Histoire,Quelle ordonnance de 1539 impose l'usage du français dans les actes officiels du royaume ?,L'ordonnance de Villers-Cotterêts,2,François Ier
449,Arts & Littérature,"Quel écrivain anglais a écrit « Sa Majesté des mouches », où des enfants naufragés retournent à la sauvagerie ?",William Golding,2,Littérature anglaise
449,Sciences & Nature,À quelle altitude approximative orbitent les satellites géostationnaires ?,Environ 36 000 km,3,Espace : missions
449,Sports & Loisirs,Quel sport de glisse sur une planche à roulettes a fait son entrée aux Jeux olympiques à Tokyo en 2021 ?,Le skateboard,1,Sports insolites
450,Géographie,Comment appelle-t-on la ceinture de volcans et de séismes qui borde l'océan Pacifique ?,La ceinture de feu,1,Volcans
450,Divertissement,Quel membre des Beatles a écrit la chanson « Something » ?,George Harrison,3,Pop-rock britannique
450,Histoire,"Quel soldat romain, futur évêque de Tours, aurait partagé son manteau avec un pauvre à Amiens ?",Saint Martin,1,Gaule
450,Arts & Littérature,"Quel artiste new-yorkais, ami d'Andy Warhol, signait ses premiers graffitis « SAMO » ?",Jean-Michel Basquiat,2,Art contemporain
450,Sciences & Nature,Quel étudiant finlandais a créé en 1991 le noyau du système d'exploitation libre Linux ?,Linus Torvalds,2,Informatique
450,Sports & Loisirs,Quel nouveau nom la fédération internationale a-t-elle donné à la natation synchronisée en 2017 ?,La natation artistique,2,Natation
451,Géographie,Comment appelle-t-on les habitants de Besançon ?,Les Bisontins,2,Gentilés
451,Divertissement,Quel scénariste de Marvel a créé Spider-Man avec le dessinateur Steve Ditko ?,Stan Lee,2,Comics
451,Histoire,Quel homme politique est l'artisan du décret d'abolition de l'esclavage dans les colonies françaises en 1848 ?,Victor Schœlcher,1,IIe République
451,Arts & Littérature,Quel écrivain provençal a écrit « L'Enfant et la Rivière » (1945) ?,Henri Bosco,3,Littérature jeunesse
451,Sciences & Nature,Combien de zéros compte l'écriture d'un milliard ?,Neuf,1,Mathématiques
451,Sports & Loisirs,Quel navigateur français a renoncé à la victoire lors du Golden Globe 1968-1969 pour continuer sa route jusqu'à Tahiti ?,Bernard Moitessier,2,Voile
452,Géographie,Quelle grande ville américaine a été ravagée par un séisme suivi d'incendies en avril 1906 ?,San Francisco,2,Plaques et séismes
452,Divertissement,Quelle vieille demoiselle détective d'Agatha Christie vit au village de St Mary Mead ?,Miss Marple,2,Personnages de fiction
452,Histoire,"Quel Premier ministre a promis aux Britanniques « du sang, de la peine, des larmes et de la sueur » en mai 1940 ?",Winston Churchill,1,Seconde Guerre mondiale
452,Arts & Littérature,Quel philosophe des Lumières a écrit « Jacques le fataliste et son maître » ?,Denis Diderot,2,Auteurs
452,Sciences & Nature,"Quel agronome fut le premier candidat écologiste à une élection présidentielle française, en 1974 ?",René Dumont,3,Écologie
452,Sports & Loisirs,Comment appelle-t-on le tapis sur lequel se pratiquent le judo et d'autres arts martiaux japonais ?,Le tatami,1,Arts martiaux
453,Géographie,"Quelle ville, située sur l'île de Tahiti, est la capitale de la Polynésie française ?",Papeete,1,Outre-mer
453,Divertissement,Quel compositeur italien a écrit la musique du « Parrain » de Francis Ford Coppola ?,Nino Rota,2,Musiques de films
453,Histoire,"Quel seigneur champenois, compagnon de croisade de Saint Louis, écrivit sa biographie ?",Jean de Joinville,3,Capétiens
453,Arts & Littérature,Quel penseur bordelais du XVIe siècle a écrit « Les Essais » ?,Michel de Montaigne,1,Auteurs
453,Sciences & Nature,Combien d'unités de base compte le Système international d'unités ?,Sept,2,Unités et mesures
453,Sports & Loisirs,Comment appelle-t-on la fosse remplie de sable qui sert d'obstacle sur un parcours de golf ?,Un bunker,1,Golf
454,Géographie,Quel immense territoire la France a-t-elle vendu aux États-Unis en 1803 ?,La Louisiane,1,Amériques
454,Divertissement,En quelle année Daft Punk a-t-il annoncé sa séparation avec la vidéo « Epilogue » ?,2021,3,Électro
454,Histoire,Dans quelle ville les papes s'installèrent-ils au XIVe siècle ?,Avignon,1,Fin du Moyen Âge en France
454,Arts & Littérature,Quel dramaturge espagnol du Siècle d'or a écrit « La vie est un songe » ?,Pedro Calderón de la Barca,3,Littérature espagnole
454,Sciences & Nature,"Depuis 2006, combien de planètes compte officiellement le Système solaire ?",Huit,1,Astronomie : planètes
454,Sports & Loisirs,Quelle confiture recouvre traditionnellement l'intérieur de la Sachertorte viennoise sous son glaçage au chocolat ?,La confiture d'abricot,2,Pâtisserie
455,Géographie,Quelle est la plus grande île d'Afrique ?,Madagascar,1,Îles
455,Divertissement,"Quel chanteur à lunettes est mort dans un accident d'avion le 3 février 1959, « le jour où la musique est morte » ?",Buddy Holly,3,Rock'n'roll
455,Histoire,Quelle sainte patronne de Paris aurait protégé la ville de l'approche des Huns en 451 ?,Sainte Geneviève,1,Mérovingiens et Carolingiens
455,Arts & Littérature,"Quelle poétesse lyonnaise de la Renaissance a écrit le sonnet « Je vis, je meurs ; je me brûle et me noie » ?",Louise Labé,3,Poésie
455,Sciences & Nature,"Quel arbre, souvent planté sur les places de village, donne des fleurs utilisées en tisane ?",Le tilleul,1,Arbres
455,Sports & Loisirs,Quel sport a fait son retour au programme olympique en 2016 après 112 ans d'absence ?,Le golf,2,Golf
456,Géographie,En quelle année le canal de Panama a-t-il été ouvert à la navigation ?,1914,2,Détroits et canaux
456,Divertissement,De quelle ville portuaire anglaise sont originaires les Beatles ?,Liverpool,1,Pop-rock britannique
456,Histoire,"Quelle crise de 1898, dans le haut Nil, manque de provoquer une guerre entre la France et le Royaume-Uni ?",La crise de Fachoda,2,Colonisation
456,Arts & Littérature,"Quel loup monstrueux, enchaîné par les dieux, doit dévorer Odin lors de la fin du monde ?",Fenrir,2,Mythologie nordique
456,Sciences & Nature,Quel médecin anglais a réalisé en 1796 la première vaccination contre la variole ?,Edward Jenner,2,Vaccins
456,Sports & Loisirs,"En quelle année fut établi, pour l'Exposition universelle de Paris, le célèbre classement officiel des vins de Bordeaux ?",1855,2,Vins
457,Géographie,Quel est le point culminant de la Nouvelle-Zélande ?,L'Aoraki (mont Cook),2,Océanie
457,Divertissement,Quel batteur de Nirvana a fondé ensuite les Foo Fighters ?,Dave Grohl,2,Rock
457,Histoire,Quel général a pris la tête du camp nationaliste pendant la guerre d'Espagne ?,Francisco Franco,1,Guerre d'Espagne
457,Arts & Littérature,Quel écrivain dissident soviétique a dénoncé le système concentrationnaire dans « L'Archipel du Goulag » ?,Alexandre Soljenitsyne,2,Littérature russe
457,Sciences & Nature,Quel associé de Niépce a donné son nom à un procédé photographique présenté en 1839 ?,Louis Daguerre,2,Inventeurs
457,Sports & Loisirs,"Quelle créatrice britannique, installée sur King's Road à Londres, a popularisé la minijupe dans les années 1960 ?",Mary Quant,3,Mode
458,Géographie,Quelle était la monnaie de l'Autriche avant l'euro ?,Le schilling,2,Monnaies
458,Divertissement,Dans quel jeu de France 2 présenté par Nagui les candidats doivent-ils chanter la suite exacte des paroles d'une chanson ?,N'oubliez pas les paroles !,1,Jeux télé
458,Histoire,Quel char léger français à tourelle pivotante a joué un rôle décisif dans les offensives de 1918 ?,Le Renault FT,3,Première Guerre mondiale
458,Arts & Littérature,"Que fait-on à quelqu'un quand on ne vient pas au rendez-vous fixé, selon l'expression ?",On lui pose un lapin,1,Expressions
458,Sciences & Nature,"Comment appelle-t-on l'ensemble des caractères observables d'un individu, par opposition au génotype ?",Le phénotype,2,Génétique
458,Sports & Loisirs,Avec quelle farine prépare-t-on traditionnellement la galette bretonne salée ?,Farine de sarrasin (blé noir),1,Cuisine régionale
459,Géographie,"Comment appelle-t-on l'enveloppe rigide externe de la Terre, découpée en plaques ?",La lithosphère,2,Plaques et séismes
459,Divertissement,Quel groom en uniforme rouge vit ses aventures aux côtés du journaliste Fantasio ?,Spirou,2,BD franco-belge
459,Histoire,Quelle impératrice de Russie d'origine allemande a correspondu avec Voltaire et acheté la bibliothèque de Diderot ?,Catherine II,1,Russie
459,Arts & Littérature,Quel peintre a représenté des ouvriers torse nu décapant un plancher dans « Les Raboteurs de parquet » ?,Gustave Caillebotte,3,Impressionnisme
459,Sciences & Nature,"Comment s'appelait la chienne soviétique, premier être vivant placé en orbite, en 1957 ?",Laïka,1,Espace : missions
459,Sports & Loisirs,Quelle est la plus lente des quatre nages de compétition ?,La brasse,2,Natation
460,Géographie,Comment appelle-t-on les habitants d'Épinal ?,Les Spinaliens,3,Gentilés
460,Divertissement,"Quel album de Michael Jackson, sorti en 1987, porte le nom d'un mot anglais signifiant « mauvais » ?",Bad,1,Albums
460,Histoire,Près de quelle ville d'Ukraine soviétique une centrale nucléaire a-t-elle explosé en avril 1986 ?,Tchernobyl,1,Catastrophes
460,Arts & Littérature,Quel poète français a traduit les « Histoires extraordinaires » d'Edgar Allan Poe ?,Charles Baudelaire,2,Littérature américaine
460,Sciences & Nature,Quel était le nom du module lunaire d'Apollo 11 ?,Eagle,2,Espace : missions
460,Sports & Loisirs,Quelle course de ski de fond suédoise de 90 km commémore la fuite du futur roi Gustave Vasa ?,La Vasaloppet,3,Sports d'hiver
461,Géographie,Quelle arme figure sous la profession de foi musulmane sur le drapeau vert de l'Arabie saoudite ?,Un sabre,2,Drapeaux
461,Divertissement,"Selon la mère de Forrest Gump, à quoi la vie ressemble-t-elle ?",À une boîte de chocolats,1,Répliques cultes
461,Histoire,En quelle année le Concorde a-t-il effectué son dernier vol commercial ?,2003,3,Techniques
461,Arts & Littérature,Dans quelle pièce de Molière Géronte répète-t-il « Que diable allait-il faire dans cette galère ? » ?,Les Fourberies de Scapin,1,Théâtre
461,Sciences & Nature,Quelle chercheuse française a reçu le prix Nobel de chimie 2020 pour les « ciseaux moléculaires » CRISPR-Cas9 ?,Emmanuelle Charpentier,2,Grands scientifiques
461,Sports & Loisirs,Quel club héraultais a été sacré champion de France de football pour la première fois de son histoire en 2012 ?,Montpellier (MHSC),2,Football – clubs
462,Géographie,"Quelle mer très salée, entre Israël et la Jordanie, borde le point émergé le plus bas du globe ?",La mer Morte,1,Asie
462,Divertissement,Sous quel titre français est sorti « The Shawshank Redemption » (1994) de Frank Darabont ?,Les Évadés,3,Titres originaux
462,Histoire,Quel général carthaginois franchit les Alpes avec des éléphants en 218 av. J.-C. ?,Hannibal,1,Rome antique
462,Arts & Littérature,"Comment appelle-t-on la peinture dont les pigments sont liés au jaune d'œuf, très utilisée avant la peinture à l'huile ?",La tempera,2,Techniques
462,Sciences & Nature,Quel physicien italien a construit la première pile électrique en 1800 ?,Alessandro Volta,2,Physique
462,Sports & Loisirs,Quel constructeur français a remporté les 24 Heures du Mans en 1992 et 1993 avec sa 905 ?,Peugeot,2,Sports mécaniques
463,Géographie,Quel grand fleuve relie les Grands Lacs à l'océan Atlantique en traversant le Québec ?,Le Saint-Laurent,1,Québec
463,Divertissement,Quel groupe d'Oxford a sorti l'album « OK Computer » en 1997 ?,Radiohead,2,Rock
463,Histoire,Quel émir mène la résistance algérienne contre la conquête française jusqu'en 1847 ?,Abd el-Kader,2,Colonisation
463,Arts & Littérature,"Quel poète japonais du XVIIe siècle, auteur de « La Sente étroite du Bout-du-Monde », est le maître du haïku ?",Matsuo Bashō,3,Littérature japonaise
463,Sciences & Nature,"Quel insecte doit son nom à la position de ses pattes avant, repliées comme pour prier ?",La mante religieuse,1,Insectes
463,Sports & Loisirs,Comment appelle-t-on le bâton que se transmettent les coureurs d'une course de relais ?,Le témoin,1,Athlétisme
464,Géographie,"Quel vaste lac salé s'étend dans le sud de la Tunisie, près de Tozeur ?",Le chott el-Djérid,3,Lacs
464,Divertissement,Comment s'appelle le jeune héros en tunique verte de la saga « The Legend of Zelda » ?,Link,1,Jeux vidéo
464,Histoire,"Quelle bataille, dite « des Trois Empereurs », Napoléon remporte-t-il le 2 décembre 1805 ?",Austerlitz,1,Napoléon
464,Arts & Littérature,Quel roman de Daniel Pennac raconte la vie d'un chien errant ?,Cabot-Caboche,3,Littérature jeunesse
464,Sciences & Nature,Comment appelle-t-on la couche solide la plus externe de la Terre ?,La croûte terrestre,1,Géologie
464,Sports & Loisirs,Quelle pâte de piments rouges est un condiment emblématique de la cuisine tunisienne ?,L'harissa,2,Cuisine du monde
465,Géographie,Quelle ville du Tarn a vu sa cité épiscopale et sa cathédrale en brique inscrites à l'UNESCO en 2010 ?,Albi,2,Patrimoine UNESCO
465,Divertissement,"Quel film de Jean-Jacques Annaud (1986), avec Sean Connery, est adapté d'un roman d'Umberto Eco ?",Le Nom de la rose,2,Adaptations
465,Histoire,Quels territoires la France annexe-t-elle en 1860 en échange de son soutien au Piémont ?,Nice et la Savoie,1,Second Empire
465,Arts & Littérature,Quel compositeur autrichien a écrit « Le Chant de la Terre » et laissé une dixième symphonie inachevée ?,Gustav Mahler,3,Compositeurs
465,Sciences & Nature,Quel est l'élément chimique le plus abondant dans l'Univers ?,L'hydrogène,1,Chimie : éléments
465,Sports & Loisirs,"Aux fléchettes, quel est le score maximal que l'on peut obtenir avec trois fléchettes ?",180,2,Sports insolites
466,Géographie,Quel fleuve marque une partie de la frontière entre la France et l'Allemagne ?,Le Rhin,1,Fleuves et rivières
466,Divertissement,"De quel pays est originaire le studio CD Projekt, qui a développé « The Witcher » ?",Pologne,3,Jeux vidéo
466,Histoire,Quel président du Conseil français a signé les accords de Munich en 1938 ?,Édouard Daladier,2,Marche à la guerre
466,Arts & Littérature,Quel philosophe existentialiste français a écrit « L'Être et le Néant » ?,Jean-Paul Sartre,1,Philosophie contemporaine
466,Sciences & Nature,Comment appelle-t-on un groupe de loups qui chassent ensemble ?,Une meute,1,Mammifères
466,Sports & Loisirs,"Quelle franchise, emmenée par Nikola Jokić, a remporté en 2023 le premier titre NBA de son histoire ?",Les Denver Nuggets,3,Basket – compétitions
467,Géographie,Quelles tours jumelles de Kuala Lumpur furent les plus hauts gratte-ciel du monde de 1998 à 2004 ?,Les tours Petronas,2,Monuments et sites
467,Divertissement,Pour quel film Leonardo DiCaprio a-t-il enfin reçu l'Oscar du meilleur acteur en 2016 ?,The Revenant,2,Oscars
467,Histoire,"Quel roman de Harriet Beecher Stowe, paru en 1852, dénonce l'esclavage aux États-Unis ?",La Case de l'oncle Tom,1,États-Unis
467,Arts & Littérature,Combien de romans compte le cycle des Rougon-Macquart d'Émile Zola ?,20,3,Romans
467,Sciences & Nature,"Quel oiseau incapable de voler, au long bec, est l'emblème de la Nouvelle-Zélande ?",Le kiwi,1,Oiseaux
467,Sports & Loisirs,"Comment appelle-t-on, en athlétisme ou en natation, le fait de s'élancer avant le signal du starter ?",Un faux départ,1,Vocabulaire et règles
468,Géographie,Dans quelle ville espagnole se dresse la basilique de la Sagrada Família ?,Barcelone,1,Monuments
468,Divertissement,"Dans « OSS 117 : Le Caire, nid d'espions », quel plat Hubert Bonisseur de La Bath déclare-t-il « bonne » ?",La blanquette,2,Répliques cultes
468,Histoire,Quel chroniqueur de Valenciennes a raconté une grande partie de la guerre de Cent Ans dans ses « Chroniques » ?,Jean Froissart,3,Guerre de Cent Ans
468,Arts & Littérature,Quelle pièce de Victor Hugo a déclenché une célèbre « bataille » entre classiques et romantiques en 1830 ?,Hernani,2,Théâtre
468,Sciences & Nature,Quel nombre s'écrit M en chiffres romains ?,1 000,1,Mathématiques
468,Sports & Loisirs,Quel Breton a remporté en 1947 le premier Tour de France de l'après-guerre ?,Jean Robic,3,Cyclisme – champions
469,Géographie,Quel vent violent et froid souffle du nord dans la vallée du Rhône jusqu'à la Provence ?,Le mistral,1,Sites naturels
469,Divertissement,Quelle troupe comique britannique a lancé le « Flying Circus » sur la BBC en 1969 ?,Les Monty Python,2,Séries britanniques
469,Histoire,Quel général romain vainquit Hannibal à Zama en 202 av. J.-C. ?,Scipion l'Africain,2,Rome antique
469,Arts & Littérature,Comment appelle-t-on un texte écrit en s'interdisant l'usage d'une ou plusieurs lettres ?,Un lipogramme,3,Langue française
469,Sciences & Nature,Comment appelle-t-on une modification héréditaire de la séquence de l'ADN ?,Une mutation,1,Génétique
469,Sports & Loisirs,"Au Scrabble en français, combien de points rapporte la lettre Z ?",10 points,2,Jeux de société
470,Géographie,"Quelle rivière, aujourd'hui en grande partie voûtée, traverse Bruxelles ?",La Senne,3,Belgique
470,Divertissement,"Comment s'appelle, en version française, le maître peureux et gourmand de Scooby-Doo ?",Sammy,1,Dessins animés
470,Histoire,Quels véhicules parisiens furent réquisitionnés en septembre 1914 pour acheminer des soldats vers le front de la Marne ?,Les taxis,1,Première Guerre mondiale
470,Arts & Littérature,Quelle nouvelle de Maupassant se déroule dans une diligence fuyant Rouen occupée par les Prussiens ?,Boule de suif,2,Nouvelles
470,Sciences & Nature,Quelles sont les quatre bases azotées de l'ADN ?,"Adénine, thymine, guanine, cytosine",2,Génétique
470,Sports & Loisirs,"Quel coureur français à lunettes, surnommé « le Professeur », a remporté le Tour en 1983 et 1984 ?",Laurent Fignon,2,Cyclisme – champions
471,Géographie,"Quelle île française a vu ses « pitons, cirques et remparts » inscrits à l'UNESCO en 2010 ?",La Réunion,2,Patrimoine UNESCO
471,Divertissement,Quel concepteur japonais de Nintendo a créé Mario et la saga Zelda ?,Shigeru Miyamoto,2,Jeux vidéo
471,Histoire,"Quel explorateur d'origine italienne, naturalisé français, a donné son nom à la capitale de la république du Congo ?",Pierre Savorgnan de Brazza,1,Colonisation
471,Arts & Littérature,"Quel air de « Turandot » de Puccini, chanté par le prince Calaf, est devenu un tube grâce à Pavarotti ?",Nessun dorma,2,Opéra
471,Sciences & Nature,Comment appelle-t-on le passage de l'eau à travers une membrane semi-perméable ?,L'osmose,2,Cellule
471,Sports & Loisirs,"Selon la tradition, quelle reine d'Italie a donné son nom à la pizza tomate-mozzarella-basilic en 1889 ?",Marguerite de Savoie,2,Cuisine du monde
472,Géographie,Quelle est la deuxième ville du Luxembourg ?,Esch-sur-Alzette,3,Luxembourg
472,Divertissement,Comment s'appelle le vaisseau spatial piloté par Han Solo dans « Star Wars » ?,Le Faucon Millenium,1,Sagas
472,Histoire,Dans quelle petite ville de la Meuse la famille royale est-elle arrêtée lors de sa fuite en juin 1791 ?,Varennes,1,Révolution française
472,Arts & Littérature,Quel écrivain algérien a publié en 1956 le roman « Nedjma » ?,Kateb Yacine,3,Francophonie
472,Sciences & Nature,Quelle cellule humaine se déplace grâce à un flagelle ?,Le spermatozoïde,1,Cellule
472,Sports & Loisirs,"Quel coureur tchécoslovaque a remporté le 5 000 m, le 10 000 m et le marathon aux Jeux d'Helsinki en 1952 ?",Emil Zátopek,2,Champions olympiques
473,Géographie,"Quelle mer peu profonde, reliée à la mer Noire par le détroit de Kertch, borde l'Ukraine et la Russie ?",La mer d'Azov,3,Mers et détroits
473,Divertissement,"Dans « Les 101 Dalmatiens », quelle méchante veut se faire un manteau avec la fourrure des chiots ?",Cruella d'Enfer,1,Animation
473,Histoire,Comment appelle-t-on le réseau de routes commerciales qui reliait la Chine au monde méditerranéen ?,La route de la soie,1,Chine et Asie antiques
473,Arts & Littérature,Quel écrivain a publié en 1878 le roman « Sans famille » ?,Hector Malot,2,Littérature jeunesse
473,Sciences & Nature,Des feuilles de quel arbre se nourrit principalement le ver à soie ?,Le mûrier (blanc),2,Insectes
473,Sports & Loisirs,"Quelle nage, dont le nom évoque un insecte, se pratique avec les deux bras projetés simultanément et une ondulation du corps ?",Le papillon,1,Natation
474,Géographie,Sur quelle péninsule de la mer Noire se trouvent Sébastopol et Yalta ?,La Crimée,1,Pays
474,Divertissement,"Dans « Le Magicien d'Oz » (1939), quelles chaussures magiques Dorothy porte-t-elle ?",Des souliers de rubis,2,Classiques hollywoodiens
474,Histoire,Quelle guerre de 1740 à 1748 oppose notamment la Prusse et la France à l'Autriche de Marie-Thérèse ?,La guerre de Succession d'Autriche,3,Europe au XVIIIe siècle
474,Arts & Littérature,Quel jardinier de Louis XIV a dessiné les jardins à la française de Versailles ?,André Le Nôtre,1,Architectes
474,Sciences & Nature,"Quelle plante aux fleurs violettes colore en été le plateau de Valensole, en Provence ?",La lavande,1,Plantes
474,Sports & Loisirs,Quelle spécialité lyonnaise de gras-double pané porte le nom d'une pièce d'équipement militaire en cuir ?,Le tablier de sapeur,3,Cuisine régionale
475,Géographie,Quel cirque de La Réunion n'est accessible qu'à pied ou en hélicoptère ?,Mafate,2,Outre-mer
475,Divertissement,Quel DJ français a produit « Titanium » avec la chanteuse Sia en 2011 ?,David Guetta,1,Électro
475,Histoire,Quels trois hommes formèrent le premier triumvirat en 60 av. J.-C. ?,"César, Pompée et Crassus",2,Rome antique
475,Arts & Littérature,"Quel dramaturge espagnol du Siècle d'or, auteur de centaines de pièces, fut surnommé « le Phénix des esprits » ?",Lope de Vega,3,Littérature espagnole
475,Sciences & Nature,Quel arbre méditerranéen fournit l'écorce utilisée pour fabriquer les bouchons ?,Le chêne-liège,1,Arbres
475,Sports & Loisirs,Quelles sont les deux couleurs du balisage des sentiers de grande randonnée (GR) en France ?,Blanc et rouge,2,Voyages
476,Géographie,"Quelle rivière alpine, qui a donné son nom à un département, traverse Grenoble ?",L'Isère,1,Fleuves et rivières
476,Divertissement,Quel robot cynique et amateur de bière est le colocataire de Fry dans « Futurama » ?,Bender,2,Dessins animés
476,Histoire,Qui ramène en Espagne en 1522 le seul navire rescapé de l'expédition de Magellan ?,Juan Sebastián Elcano,3,Grandes découvertes
476,Arts & Littérature,Quel peintre a consacré la fin de sa vie à peindre les « Nymphéas » de son jardin de Giverny ?,Claude Monet,1,Impressionnisme
476,Sciences & Nature,"Quelle infection sexuellement transmissible, due au tréponème pâle, était appelée « mal français » par les Italiens ?",La syphilis,2,Maladies
476,Sports & Loisirs,Quelle équipe a infligé un humiliant 7-1 au Brésil en demi-finale de la Coupe du monde 2014 ?,L'Allemagne,1,Football – Coupe du monde
477,Géographie,"Quel petit État de la côte ouest de l'Inde, réputé pour ses plages, fut une colonie portugaise jusqu'en 1961 ?",Goa,2,Asie
477,Divertissement,Quelle série de jeux d'infiltration de Konami a pour héros Solid Snake ?,Metal Gear,2,Jeux vidéo
477,Histoire,Quelle ville australienne est fondée en 1788 comme colonie pénitentiaire britannique ?,Sydney,2,Océanie
477,Arts & Littérature,"Quel compositeur viennois, surnommé « le roi de la valse », a écrit « Le Beau Danube bleu » ?",Johann Strauss fils,1,Compositeurs
477,Sciences & Nature,"Quelle fleur a été nommée en hommage à Michel Bégon, intendant de la marine sous Louis XIV ?",Le bégonia,3,Plantes
477,Sports & Loisirs,"Quel pays a organisé la Coupe du monde de rugby 2019, une première en Asie ?",Le Japon,1,Rugby – Coupe du monde
478,Géographie,Quelle ville de la Drôme est considérée comme la capitale du nougat ?,Montélimar,1,Villes
478,Divertissement,Quel dessinateur polonais a illustré la saga viking « Thorgal » sur des scénarios de Jean Van Hamme ?,Grzegorz Rosinski,3,BD franco-belge
478,Histoire,"Quel dieu égyptien, tué par son frère Seth, devint le souverain du royaume des morts ?",Osiris,1,Égypte ancienne
478,Arts & Littérature,"Quel groupe de peintres, dont Bonnard, Vuillard et Sérusier, tirait son nom d'un mot hébreu signifiant « prophètes » ?",Les nabis,3,Mouvements artistiques
478,Sciences & Nature,Quelle entreprise fondée par Elon Musk a mis au point la fusée réutilisable Falcon 9 ?,SpaceX,1,Espace : missions
478,Sports & Loisirs,"Quel Anglais a organisé en 1841 un voyage collectif en train, point de départ d'une célèbre agence de voyages ?",Thomas Cook,2,Voyages
479,Géographie,"Quel grand lac est partagé entre la Suisse et la France, avec Genève à son extrémité ?",Le lac Léman,1,Suisse
479,Divertissement,Quelle série de France 2 suit les agents de stars de l'agence ASK ?,Dix pour cent,2,Séries françaises
479,Histoire,Dans quelle ville d'Allemagne le général de Gaulle s'est-il rendu secrètement le 29 mai 1968 ?,Baden-Baden,2,Mai 68
479,Arts & Littérature,Quel philosophe allemand pessimiste a écrit « Le Monde comme volonté et comme représentation » ?,Arthur Schopenhauer,2,Philosophie moderne
479,Sciences & Nature,Quelle vitamine du groupe B est prescrite aux femmes enceintes pour prévenir les malformations du tube neural ?,La vitamine B9 (acide folique),3,Nutrition
479,Sports & Loisirs,"Quel film de Clint Eastwood, sorti en 2009, raconte la Coupe du monde de rugby 1995 ?",Invictus,1,Rugby – Coupe du monde
480,Géographie,Quelle est la capitale de la Tunisie ?,Tunis,1,Capitales
480,Divertissement,Quel acteur nord-irlandais incarne Oskar Schindler dans « La Liste de Schindler » ?,Liam Neeson,3,Acteurs
480,Histoire,Quelle salle du château de Versailles est ornée de 357 miroirs ?,La galerie des Glaces,1,Versailles
480,Arts & Littérature,Quel écrivain a raconté l'enfance malheureuse d'un garçon roux surnommé « Poil de carotte » ?,Jules Renard,2,Littérature jeunesse
480,Sciences & Nature,À quelle famille de plantes appartient le vanillier ?,Les orchidées,2,Plantes
480,Sports & Loisirs,"Quel club varois a remporté trois Coupes d'Europe consécutives, de 2013 à 2015 ?",Le RC Toulon,2,Rugby – compétitions
481,Géographie,Quel est le point culminant du Massif central ?,Le puy de Sancy,2,Montagnes
481,Divertissement,Sous quel nom de scène la chanteuse Héloïse Letissier s'est-elle fait connaître avec « Tilted » ?,Christine and the Queens,2,Pop française
481,Histoire,Quel chef de la résistance écossaise contre l'Angleterre fut exécuté à Londres en 1305 ?,William Wallace,2,Angleterre médiévale
481,Arts & Littérature,"Quel style architectural, antérieur au gothique, privilégie l'arc en plein cintre et les murs épais ?",Le roman,1,Styles architecturaux
481,Sciences & Nature,Quelle plante carnivore referme brusquement ses feuilles en forme de mâchoire sur les insectes ?,La dionée (attrape-mouche),2,Plantes
481,Sports & Loisirs,"Quel pays la France a-t-elle battu en finale du championnat du monde masculin de handball 2017, disputé à domicile ?",La Norvège,2,Handball – compétitions
482,Géographie,Quel pont bordé de boutiques d'orfèvres enjambe l'Arno à Florence ?,Le Ponte Vecchio,2,Monuments
482,Divertissement,"Quelle est l'apparence extérieure du TARDIS, la machine à voyager dans le temps de « Doctor Who » ?",Une cabine de police bleue,2,Séries britanniques
482,Histoire,Quelle reine a été couronnée à l'abbaye de Westminster en juin 1953 ?,Élisabeth II,1,Personnalités
482,Arts & Littérature,Quel écrivain d'origine polonaise a écrit en anglais « Au cœur des ténèbres » ?,Joseph Conrad,2,Littérature anglaise
482,Sciences & Nature,Quels deux chercheurs ont décrit en 1953 la structure en double hélice de l'ADN ?,Watson et Crick,2,Grands scientifiques
482,Sports & Loisirs,Quel gardien de but alsacien a été le dernier rempart des Experts lors des titres olympiques de 2008 et 2012 ?,Thierry Omeyer,2,Handball – champions
483,Géographie,Quel arrondissement de New York occupe une île entre l'Hudson et l'East River ?,Manhattan,1,Grandes villes
483,Divertissement,Quel était le nom du moteur de recherche de Larry Page et Sergey Brin avant qu'il ne devienne Google ?,BackRub,3,Internet
483,Histoire,Dans quelle salle de Versailles les députés du tiers état prêtent-ils serment le 20 juin 1789 ?,La salle du Jeu de paume,1,Révolution française
483,Arts & Littérature,"Quel poème de Verlaine, dont les premiers vers furent diffusés par Radio Londres en juin 1944, commence par « Les sanglots longs des violons » ?",Chanson d'automne,2,Poésie
483,Sciences & Nature,À bord de quel navire Charles Darwin a-t-il fait le tour du monde entre 1831 et 1836 ?,Le Beagle,2,Évolution
483,Sports & Loisirs,"Comment appelle-t-on la boxe thaïlandaise, où l'on frappe aussi avec les coudes et les genoux ?",Le muay-thaï,2,Arts martiaux
484,Géographie,"Quelle ville portuaire polonaise, berceau du syndicat Solidarność, s'appelait Dantzig en allemand ?",Gdańsk,2,Villes
484,Divertissement,Dans quel port Jacques Brel chante-t-il des marins « qui chantent les rêves qui les hantent » ?,Amsterdam,1,Paroles célèbres
484,Histoire,"Quel aviateur de l'Aéropostale, surnommé « l'Archange », a disparu au-dessus de l'Atlantique Sud en 1936 ?",Jean Mermoz,2,Aviation
484,Arts & Littérature,"Quelle artiste a créé « Maman », une araignée géante en bronze de près de dix mètres de haut ?",Louise Bourgeois,3,Sculpture
484,Sciences & Nature,Quel est le seul mammifère capable de voler activement ?,La chauve-souris,1,Mammifères
484,Sports & Loisirs,"Quel pilote allemand a remporté quatre titres consécutifs de Formule 1 avec Red Bull, de 2010 à 2013 ?",Sebastian Vettel,1,Sports mécaniques
485,Géographie,Comment appelle-t-on la zone où une plaque tectonique plonge sous une autre ?,Une zone de subduction,2,Plaques et séismes
485,Divertissement,Quel groupe de rock irlandais est mené par le chanteur Bono ?,U2,1,Rock
485,Histoire,"Sous quel empereur l'Empire romain atteignit-il sa plus grande extension, vers 117 ?",Trajan,2,Rome antique
485,Arts & Littérature,"Quelle couleur domine les toiles peintes par Picasso de 1901 à 1904, après le suicide de son ami Casagemas ?",Le bleu,2,Peintres
485,Sciences & Nature,"Quelle est la plus grosse artère du corps humain, qui part du ventricule gauche ?",L'aorte,1,Cœur et circulation
485,Sports & Loisirs,Quel mélange d'épices de la cuisine indienne a un nom signifiant « mélange chaud » ?,Le garam masala,3,Cuisine du monde
486,Géographie,"Quel architecte a conçu la chapelle Notre-Dame-du-Haut à Ronchamp, en Haute-Saône ?",Le Corbusier,2,Monuments
486,Divertissement,"Dans « Le Roi Lion », quelle espèce d'animal est Pumbaa, l'inséparable ami de Timon ?",Un phacochère,2,Animation
486,Histoire,Quelle bataille navale de 1805 voit la mort de Nelson et la défaite de la flotte franco-espagnole ?,Trafalgar,1,Napoléon
486,Arts & Littérature,"Quel philosophe français, auteur de « L'Évolution créatrice », reçut le prix Nobel de littérature en 1927 ?",Henri Bergson,3,Prix Nobel de littérature
486,Sciences & Nature,Quels frères papetiers d'Annonay ont inventé le ballon à air chaud en 1783 ?,Les frères Montgolfier,1,Transports
486,Sports & Loisirs,"Quelle salade libanaise est composée surtout de persil haché, de boulgour, de tomate et de menthe ?",Le taboulé,1,Cuisine du monde
487,Géographie,Quelle chute d'eau vénézuélienne est la plus haute du monde ?,Le Salto Ángel,2,Amériques
487,Divertissement,"Que signifie l'abréviation anglaise « LOL », très utilisée sur Internet ?",Laughing out loud,1,Internet
487,Histoire,Quelle série de six tapisseries du musée de Cluny illustre notamment les cinq sens ?,La Dame à la licorne,2,Culture médiévale
487,Arts & Littérature,Quel moraliste a brossé des portraits de ses contemporains dans « Les Caractères » (1688) ?,Jean de La Bruyère,2,Auteurs
487,Sciences & Nature,"Quelle théorie, défendue par Lynn Margulis, explique que mitochondries et chloroplastes sont d'anciennes bactéries ?",L'endosymbiose,3,Évolution
487,Sports & Loisirs,Quel perchiste français est devenu champion olympique aux Jeux de Londres en 2012 ?,Renaud Lavillenie,1,Athlétisme
488,Géographie,Quel village des Alpes-de-Haute-Provence est célèbre pour son étoile suspendue par une chaîne entre deux falaises ?,Moustiers-Sainte-Marie,3,Monuments
488,Divertissement,Quel duo d'auteurs a créé Astérix en 1959 ?,Goscinny et Uderzo,1,BD franco-belge
488,Histoire,Sur quel pont d'Italie Bonaparte se serait-il élancé drapeau à la main en 1796 ?,Le pont d'Arcole,2,Napoléon
488,Arts & Littérature,Quelle romancière anglaise a créé Hercule Poirot et Miss Marple ?,Agatha Christie,1,Littérature anglaise
488,Sciences & Nature,Quel minéralogiste allemand a créé en 1812 l'échelle de dureté des minéraux graduée de 1 à 10 ?,Friedrich Mohs,3,Géologie
488,Sports & Loisirs,"Quelle est la longueur d'un tour de piste d'athlétisme standard en plein air, à la corde ?",400 m,1,Athlétisme
489,Géographie,Quel courant marin chaud adoucit le climat de l'Europe de l'Ouest ?,Le Gulf Stream,1,Océans et mers
489,Divertissement,Quel chanteur irlandais a remporté l'Eurovision comme interprète en 1980 puis en 1987 ?,Johnny Logan,3,Eurovision
489,Histoire,Quel écrivain publie « J'accuse… ! » dans le journal L'Aurore en 1898 ?,Émile Zola,1,Affaire Dreyfus
489,Arts & Littérature,"Quel écrivain grec a écrit « Alexis Zorba », adapté au cinéma avec Anthony Quinn ?",Níkos Kazantzákis,3,Littérature grecque moderne
489,Sciences & Nature,"Quel processus, réalisé par les levures sans oxygène, transforme le sucre en alcool ?",La fermentation alcoolique,1,Microbiologie
489,Sports & Loisirs,"Quel coureur breton, surnommé « le Blaireau », a remporté cinq Tours de France ?",Bernard Hinault,1,Cyclisme – champions
490,Géographie,Quelle ville sud-africaine est la capitale administrative et le siège du gouvernement ?,Pretoria,2,Capitales
490,Divertissement,Quel chasseur de monstres aux cheveux blancs est le héros de la série de jeux « The Witcher » ?,Geralt de Riv,2,Jeux vidéo
490,Histoire,"Quel homme d'État a donné son nom au « siècle » d'apogée d'Athènes, au Ve siècle av. J.-C. ?",Périclès,1,Grèce antique
490,Arts & Littérature,En quelle année le cardinal de Richelieu a-t-il fondé l'Académie française ?,1635,2,Académie française
490,Sciences & Nature,"Quel naturaliste français, surnommé « l'Homère des insectes », a écrit les « Souvenirs entomologiques » ?",Jean-Henri Fabre,3,Insectes
490,Sports & Loisirs,Quelle Américaine a remporté 23 titres du Grand Chelem en simple avant de mettre fin à sa carrière en 2022 ?,Serena Williams,1,Tennis – champions
491,Géographie,Quel volcan emblématique de la chaîne des Puys domine Clermont-Ferrand ?,Le puy de Dôme,1,Montagnes
491,Divertissement,Pour quelle maison de disques de Memphis Elvis Presley a-t-il enregistré ses premiers titres ?,Sun Records,3,Rock'n'roll
491,Histoire,Quel roi de France invite Léonard de Vinci à s'installer près d'Amboise ?,François Ier,1,Renaissance
491,Arts & Littérature,"Quel romancier français, auteur de « Dora Bruder », a reçu le prix Nobel de littérature en 2014 ?",Patrick Modiano,2,Prix Nobel
491,Sciences & Nature,"Avec Paul Allen, qui a fondé Microsoft en 1975 ?",Bill Gates,1,Informatique
491,Sports & Loisirs,"Au cricket, combien de lancers réguliers composent une série appelée « over » ?",Six,3,Vocabulaire et règles
492,Géographie,Comment appelle-t-on les habitants d'Angers ?,Les Angevins,2,Gentilés
492,Divertissement,"Quel album-concept de Serge Gainsbourg, sorti en 1971, raconte sa rencontre avec une adolescente anglaise ?",Histoire de Melody Nelson,2,Albums
492,Histoire,Quel township de Johannesburg a été le théâtre d'un soulèvement de lycéens noirs en juin 1976 ?,Soweto,2,Afrique du Sud
492,Arts & Littérature,Quel peintre romantique a peint « La Liberté guidant le peuple » en hommage aux Trois Glorieuses de 1830 ?,Eugène Delacroix,1,Tableaux célèbres
492,Sciences & Nature,Comment appelle-t-on l'indicateur qui mesure la surface de terre et de mer nécessaire pour subvenir aux besoins d'une population ?,L'empreinte écologique,2,Écologie
492,Sports & Loisirs,Quelle discipline consiste à descendre le plus profondément possible sous l'eau en retenant sa respiration ?,L'apnée,1,Sports insolites
493,Géographie,Quelle station de Haute-Savoie a accueilli les premiers Jeux olympiques d'hiver en 1924 ?,Chamonix,1,Montagnes
493,Divertissement,"Quel jeu testait la complicité de couples, présenté par Tex puis par Bruno Guillon ?",Les Z'amours,2,Jeux télé
493,Histoire,Quelle branche de la dynastie capétienne accéda au trône de France en 1328 avec Philippe VI ?,Les Valois,2,Capétiens
493,Arts & Littérature,Quelle déesse égyptienne coiffée d'une plume d'autruche incarne la vérité et l'ordre du monde ?,Maât,2,Mythologie égyptienne
493,Sciences & Nature,"Quel naturaliste français a proposé dès 1809 une théorie de l'évolution, avant Darwin ?",Jean-Baptiste de Lamarck,2,Grands scientifiques
493,Sports & Loisirs,Quelle est la discipline la plus rapide du ski alpin ?,La descente,1,Sports d'hiver
494,Géographie,Quel petit pays francophone de la Corne de l'Afrique porte le même nom que sa capitale ?,Djibouti,1,Pays
494,Divertissement,Lors de quel concert caritatif géant de juillet 1985 Queen a-t-il livré une prestation mythique à Wembley ?,Live Aid,2,Concerts
494,Histoire,À partir de quel âge la loi française de 1841 autorise-t-elle le travail des enfants dans les manufactures ?,8 ans,3,Révolution industrielle
494,Arts & Littérature,Quel poète a écrit « Sous le pont Mirabeau coule la Seine » ?,Guillaume Apollinaire,1,Poésie
494,Sciences & Nature,Comment appelle-t-on l'énergie tirée de la chaleur interne de la Terre ?,La géothermie,1,Écologie
494,Sports & Loisirs,"Comment appelle-t-on au handball l'action où un joueur saute dans la zone, capte une passe en l'air et tire avant de retomber ?",Un kung-fu,3,Handball – vocabulaire
495,Géographie,"Quelle rivière a creusé de célèbres gorges en Lozère, entre Ispagnac et Le Rozier ?",Le Tarn,2,Fleuves et rivières
495,Divertissement,"Dans quelle ville de Charente se tient chaque année, en janvier, le grand festival international de la bande dessinée ?",Angoulême,1,BD franco-belge
495,Histoire,Comment appelle-t-on le complot mené en 1796 par Gracchus Babeuf pour instaurer l'égalité réelle ?,La conjuration des Égaux,3,Révolution française
495,Arts & Littérature,Quel écrivain a connu le succès en 1991 avec « Les Fourmis » ?,Bernard Werber,1,Romans contemporains
495,Sciences & Nature,"Comment appelle-t-on la phase du sommeil, riche en rêves, marquée par des mouvements oculaires rapides ?",Le sommeil paradoxal,1,Psychologie
495,Sports & Loisirs,"Quelle équipe a battu la Hongrie en finale de la Coupe du monde 1954, un exploit surnommé « le miracle de Berne » ?",La RFA (Allemagne de l'Ouest),3,Football – Coupe du monde
496,Géographie,Quel pays d'Amérique du Sud doit son nom au libérateur Simón Bolívar ?,La Bolivie,1,Amériques
496,Divertissement,Quel film de 1927 est considéré comme le premier long métrage parlant de l'histoire ?,Le Chanteur de jazz,2,Origines du cinéma
496,Histoire,"Qui fut le premier chef du gouvernement de l'Inde indépendante, de 1947 à 1964 ?",Jawaharlal Nehru,2,Décolonisation
496,Arts & Littérature,"Quel architecte belge a signé l'hôtel Tassel à Bruxelles, manifeste de l'Art nouveau ?",Victor Horta,3,Architectes
496,Sciences & Nature,Combien de cavités compte le cœur humain ?,Quatre,1,Cœur et circulation
496,Sports & Loisirs,Quelle soupe d'Europe de l'Est doit sa couleur rouge vif à la betterave ?,Le bortsch,1,Cuisine du monde
497,Géographie,Dans quelle ville allemande une immense cathédrale gothique à deux flèches domine-t-elle les rives du Rhin ?,Cologne,1,Monuments
497,Divertissement,Quel réalisateur américain a signé le remake de « Scarface » en 1983 ?,Brian De Palma,3,Réalisateurs
497,Histoire,"Quel roi de France, canonisé en 1297, mourut devant Tunis en 1270 ?",Louis IX (Saint Louis),1,Capétiens
497,Arts & Littérature,Quelle paysanne Don Quichotte transforme-t-il en dame de ses pensées ?,Dulcinée du Toboso,2,Littérature espagnole
497,Sciences & Nature,Quelle affection douloureuse de la peau et des nerfs est due au réveil du virus de la varicelle ?,Le zona,2,Maladies
497,Sports & Loisirs,"Au hockey sur glace, combien de joueurs de chaque équipe sont sur la glace en même temps, gardien compris ?",Six,2,Sports d'hiver
498,Géographie,"Comment appelle-t-on le relief calcaire creusé par l'eau, riche en grottes et en gouffres ?",Le karst,2,Géographie physique
498,Divertissement,"Quelle série de Nintendo, dont l'épisode « New Horizons » est sorti en 2020, installe le joueur sur une île peuplée d'animaux ?",Animal Crossing,2,Jeux vidéo
498,Histoire,"Quelles lois de 1935, du nom d'une ville bavaroise, ont privé les Juifs allemands de leur citoyenneté ?",Les lois de Nuremberg,2,Allemagne nazie
498,Arts & Littérature,Dans quel musée parisien est exposée la « Vénus de Milo » ?,Le Louvre,1,Musées
498,Sciences & Nature,Quel généticien britannique a mis au point en 1984 la technique des empreintes génétiques ?,Alec Jeffreys,3,Génétique
498,Sports & Loisirs,"Quel navigateur breton a remporté en 1964 la Transat anglaise en solitaire, devenant un héros national ?",Éric Tabarly,1,Voile
499,Géographie,Quelle est la plus vaste région de France métropolitaine ?,La Nouvelle-Aquitaine,2,Régions
499,Divertissement,Quel manga de Masami Kurumada met en scène de jeunes guerriers en armure chargés de protéger la déesse Athéna ?,Saint Seiya,2,Mangas
499,Histoire,Quel penseur florentin rédige Le Prince en 1513 ?,Nicolas Machiavel,1,Renaissance
499,Arts & Littérature,Quel dramaturge nigérian fut en 1986 le premier écrivain d'Afrique noire lauréat du prix Nobel de littérature ?,Wole Soyinka,3,Prix Nobel de littérature
499,Sciences & Nature,"Quelle forêt tropicale, la plus vaste du monde, est souvent surnommée « le poumon de la planète » ?",L'Amazonie,1,Écologie
499,Sports & Loisirs,"Quelle Polonaise a remporté Roland-Garros en 2020, 2022 et 2023 ?",Iga Świątek,2,Tennis – champions
500,Géographie,Sur quelle île au large du Cap Nelson Mandela fut-il emprisonné pendant dix-huit ans ?,Robben Island,2,Îles
500,Divertissement,"Quelle chanson caritative de 1985, écrite par Michael Jackson et Lionel Richie, réunissait les stars de USA for Africa ?",We Are the World,2,Pop américaine
500,Histoire,Quel acteur de cinéma a été élu président des États-Unis en 1980 ?,Ronald Reagan,1,Personnalités
500,Arts & Littérature,"Quel écrivain écossais a créé Peter Pan, le garçon qui ne voulait pas grandir ?",J. M. Barrie,2,Littérature anglaise
500,Sciences & Nature,Quel est le sigle du grand accélérateur de particules de 27 km de circonférence installé sous la frontière franco-suisse ?,Le LHC,2,Physique
500,Sports & Loisirs,"Dans l'épreuve individuelle du 4 nages, quelle nage ouvre la course ?",Le papillon,2,Natation
501,Géographie,"Quelles deux rivières, qui se rejoignent à Rennes, ont donné leur nom à un département breton ?",L'Ille et la Vilaine,1,Fleuves et rivières
501,Divertissement,Quel compositeur américain a signé la musique de « Titanic » (1997) ?,James Horner,3,Musiques de films
501,Histoire,"Quel archipel de l'océan Indien s'est déclaré indépendant de la France en 1975, à l'exception de Mayotte ?",Les Comores,2,Décolonisation
501,Arts & Littérature,Quel philosophe des Lumières a dirigé l'« Encyclopédie » avec d'Alembert ?,Denis Diderot,1,Philosophie moderne
501,Sciences & Nature,Quel élément chimique de numéro atomique 99 porte le nom de l'auteur de la théorie de la relativité ?,L'einsteinium,2,Chimie : éléments
501,Sports & Loisirs,Sur quel site grec la flamme olympique est-elle allumée à l'aide d'un miroir parabolique avant chaque édition ?,Olympie,2,Jeux olympiques
502,Géographie,"Quel volcanologue français, né à Varsovie, fut secrétaire d'État chargé des risques majeurs de 1984 à 1986 ?",Haroun Tazieff,3,Volcans
502,Divertissement,"Quels quatre frères bandits, rangés par ordre de taille, sont les ennemis de Lucky Luke ?",Les Dalton,1,BD franco-belge
502,Histoire,"Quelle Première ministre britannique, en poste de 1979 à 1990, était surnommée la « Dame de fer » ?",Margaret Thatcher,1,Personnalités
502,Arts & Littérature,Dans quel ouvrage de Platon trouve-t-on l'allégorie de la caverne ?,La République,2,Philosophie antique
502,Sciences & Nature,Quelle plante grimpante apporte à la bière son amertume et ses arômes ?,Le houblon,1,Plantes
502,Sports & Loisirs,Dans quel pays se trouvent en réalité les courts du Masters de Monte-Carlo ?,La France (Roquebrune-Cap-Martin),3,Tennis – stades
503,Géographie,Belgrade est située au confluent du Danube et de quelle rivière ?,La Save,3,Fleuves
503,Divertissement,Quel acteur a débuté à la télévision dans « Le Prince de Bel-Air » en jouant un personnage portant son propre prénom ?,Will Smith,1,Sitcoms
503,Histoire,Quel traité de 1494 partage les terres à découvrir entre l'Espagne et le Portugal ?,Le traité de Tordesillas,2,Grandes découvertes
503,Arts & Littérature,Quelle statue grecque ailée domine l'escalier Daru au Louvre ?,La Victoire de Samothrace,1,Sculpture
503,Sciences & Nature,"Quel psychanalyste français, connu pour son « retour à Freud », a théorisé le « stade du miroir » ?",Jacques Lacan,2,Psychologie
503,Sports & Loisirs,"Quel dessert composé d'une poire pochée, de glace vanille et de sauce chocolat porte le nom d'une opérette d'Offenbach ?",La poire Belle-Hélène,2,Pâtisserie
504,Géographie,Quel peuple autochtone du nord de la Scandinavie élève traditionnellement des rennes ?,Les Samis (Lapons),2,Peuples et langues
504,Divertissement,Quel petit maître Jedi à la peau verte forme Luke Skywalker dans « L'Empire contre-attaque » ?,Yoda,1,Sagas
504,Histoire,Quel seigneur de guerre japonais fonde en 1603 le shogunat qui gouverne le Japon pendant plus de deux siècles et demi ?,Tokugawa Ieyasu,3,Asie
504,Arts & Littérature,"Quelle épopée mésopotamienne, gravée sur des tablettes d'argile, est considérée comme l'une des plus anciennes œuvres littéraires connues ?",L'Épopée de Gilgamesh,2,Épopées antiques
504,Sciences & Nature,Combien de faces possède un cube ?,Six,1,Mathématiques
504,Sports & Loisirs,"Au blackjack, quel total de points ne faut-il surtout pas dépasser ?",21,1,Jeux de cartes
505,Géographie,"Quelle ville anglaise, célèbre pour ses thermes romains, porte un nom qui signifie « bain » ?",Bath,2,Villes
505,Divertissement,Quel comique britannique formait avec Oliver Hardy un célèbre duo du cinéma burlesque ?,Stan Laurel,1,Cinéma muet
505,Histoire,Dans quelle prison parisienne Voltaire est-il enfermé à deux reprises dans sa jeunesse ?,La Bastille,2,Lumières
505,Arts & Littérature,Quel compositeur baroque français a écrit l'opéra-ballet « Les Indes galantes » ?,Jean-Philippe Rameau,3,Musique baroque
505,Sciences & Nature,Quel est le nom chimique du sel de cuisine ?,Le chlorure de sodium,1,Chimie : molécules
505,Sports & Loisirs,Quel plat du Nord et de la Belgique fait mijoter du bœuf dans de la bière avec du pain d'épices ?,La carbonade flamande,2,Cuisine régionale
506,Géographie,"Quelle ville perchée sur une butte, célèbre pour sa cathédrale, est la préfecture de l'Aisne ?",Laon,3,Préfectures
506,Divertissement,Dans quel manga un carnet permet-il de tuer toute personne dont on y écrit le nom ?,Death Note,1,Mangas
506,Histoire,"Quelle forteresse, bâtie par Richard Cœur de Lion, domine la Seine aux Andelys ?",Château-Gaillard,2,Capétiens
506,Arts & Littérature,"Quel peintre viennois a peint « Le Baiser », couvert de feuilles d'or ?",Gustav Klimt,1,Tableaux célèbres
506,Sciences & Nature,À quel type de galaxie appartient la Voie lactée ?,Spirale barrée,3,Astronomie : galaxies
506,Sports & Loisirs,"Combien de joueurs chaque équipe de handball aligne-t-elle sur le terrain, gardien compris ?",7,1,Handball – règles
507,Géographie,Quelle est la capitale de l'Angola ?,Luanda,2,Capitales
507,Divertissement,Quel écolier en parka orange de « South Park » meurt dans de nombreux épisodes ?,Kenny,2,Dessins animés
507,Histoire,"Que signifie le sigle STO, dispositif qui envoya des centaines de milliers de Français travailler en Allemagne ?",Service du travail obligatoire,2,Occupation
507,Arts & Littérature,"Quel écrivain brésilien a écrit « L'Alchimiste », l'histoire du berger Santiago ?",Paulo Coelho,1,Littérature latino-américaine
507,Sciences & Nature,Quelle couleur obtient-on en superposant une lumière rouge et une lumière verte ?,Le jaune,3,Physique
507,Sports & Loisirs,"Quel négociant américain a fait breveter en 1873, avec le tailleur Jacob Davis, le pantalon de toile renforcé de rivets ?",Levi Strauss,1,Mode
508,Géographie,Quelle ville nouvelle a remplacé Rangoun comme capitale de la Birmanie au milieu des années 2000 ?,Naypyidaw,3,Asie
508,Divertissement,"Quel employé paresseux et gaffeur, créé par Franquin, travaille à la rédaction du journal Spirou ?",Gaston Lagaffe,1,BD franco-belge
508,Histoire,"Quel savant anglais publie en 1687 les Principia, qui énoncent la loi de la gravitation universelle ?",Isaac Newton,1,Sciences
508,Arts & Littérature,"Quel compositeur russe, ancien officier de marine, a écrit la suite symphonique « Shéhérazade » ?",Nikolaï Rimski-Korsakov,3,Œuvres
508,Sciences & Nature,"Comment appelle-t-on l'état de conscience modifié obtenu par suggestion, dont le nom vient du dieu grec du sommeil ?",L'hypnose,1,Psychologie
508,Sports & Loisirs,Quel fromage anglais à pâte pressée porte le nom d'un village du Somerset ?,Le cheddar,2,Fromages
509,Géographie,Quel animal figure sur le drapeau du pays de Galles ?,Un dragon rouge,1,Drapeaux
509,Divertissement,Quel film de Jean-Pierre Jeunet et Marc Caro (1991) a pour cadre la boucherie d'un immeuble où l'on mange ses locataires ?,Delicatessen,3,Cinéma français
509,Histoire,Quel jeune pharaon est célèbre pour son tombeau découvert presque intact en 1922 ?,Toutânkhamon,1,Égypte ancienne
509,Arts & Littérature,"Quel sculpteur a réalisé « Le Départ des volontaires de 1792 », dit « La Marseillaise », sur l'Arc de triomphe ?",François Rude,3,Sculpture
509,Sciences & Nature,Combien de litres contient un mètre cube ?,1 000 litres,1,Unités et mesures
509,Sports & Loisirs,"Depuis 2010, quelle sanction entraîne un seul faux départ dans une course de sprint ?",La disqualification,2,Athlétisme
510,Géographie,"Quelle gare de l'Oberland bernois, à 3 454 m, est la plus haute d'Europe ?",Le Jungfraujoch,3,Suisse
510,Divertissement,Dans quel type d'établissement Homer Simpson travaille-t-il ?,Une centrale nucléaire,1,Dessins animés
510,Histoire,Quel ministre de la Culture a lancé la première Fête de la musique en 1982 ?,Jack Lang,1,Culture et politique
510,Arts & Littérature,"Quel roman classique chinois raconte le pèlerinage d'un moine vers l'Inde, escorté par le Roi des singes ?",Le Voyage vers l'Ouest,3,Littérature chinoise
510,Sciences & Nature,"Quel procédé de chauffage modéré, destiné à détruire les microbes du lait, porte le nom d'un savant français ?",La pasteurisation,1,Nutrition
510,Sports & Loisirs,"Quel jeu allemand de 1995 invite à coloniser une île en échangeant bois, argile, laine, blé et minerai ?",Les Colons de Catane (Catan),2,Jeux de société
511,Géographie,Quel cirque de La Réunion a donné son nom à une eau minérale et à des lentilles réputées ?,Cilaos,3,Outre-mer
511,Divertissement,"Quelle artiste japonaise, plasticienne et musicienne, était l'épouse de John Lennon ?",Yoko Ono,1,Célébrités de la musique
511,Histoire,"Quel télégramme, habilement modifié par Bismarck, provoque la déclaration de guerre de la France en 1870 ?",La dépêche d'Ems,2,Unité allemande
511,Arts & Littérature,Quel jeune Gascon rejoint les mousquetaires du roi dans le roman d'Alexandre Dumas ?,D'Artagnan,1,Personnages
511,Sciences & Nature,Environ combien de secondes le son du tonnerre met-il pour parcourir un kilomètre ?,Environ 3 secondes,2,Météorologie
511,Sports & Loisirs,En quelle année s'est disputé le premier Tour de France ?,1903,2,Cyclisme – Tour de France
512,Géographie,Quel scientifique allemand a proposé la théorie de la dérive des continents en 1912 ?,Alfred Wegener,2,Plaques et séismes
512,Divertissement,"Quel chanteur chante « On va s'aimer, sur une étoile ou sur un oreiller » ?",Gilbert Montagné,2,Paroles célèbres
512,Histoire,Quelle adolescente juive a tenu un journal durant les deux ans où elle vécut cachée à Amsterdam ?,Anne Frank,1,Shoah
512,Arts & Littérature,"Quel mot, tiré du nom d'un dramaturge du XVIIIe siècle, désigne un badinage amoureux raffiné ?",Le marivaudage,2,Théâtre
512,Sciences & Nature,Comment appelle-t-on le petit du dindon ?,Le dindonneau,2,Noms des petits
512,Sports & Loisirs,Quel créateur français a habillé Madonna d'un corset à bonnets coniques pour sa tournée de 1990 ?,Jean Paul Gaultier,2,Mode
513,Géographie,Quelle est la capitale de l'Iran ?,Téhéran,1,Capitales
513,Divertissement,"Dans quel pays a été diffusée en 1997 « Expedition Robinson », l'émission dont dérive « Koh-Lanta » ?",Suède,3,Téléréalité
513,Histoire,Quel peuple de navigateurs établi sur la côte de l'actuel Liban a diffusé l'alphabet en Méditerranée ?,Les Phéniciens,1,Mésopotamie et Proche-Orient
513,Arts & Littérature,Quel auteur comique grec a écrit « Les Grenouilles » et « Lysistrata » ?,Aristophane,2,Grands textes antiques
513,Sciences & Nature,Quel inventeur lyonnais a mis au point au début du XIXe siècle un métier à tisser programmé par cartes perforées ?,Joseph-Marie Jacquard,3,Inventeurs
513,Sports & Loisirs,Quel meneur français a été élu meilleur joueur des finales NBA en 2007 ?,Tony Parker,1,Basket – champions
514,Géographie,"Quel est le deuxième plus haut sommet du monde, situé dans le massif du Karakoram ?",Le K2,2,Asie
514,Divertissement,"Dans Minecraft, quelle créature verte s'approche silencieusement du joueur avant d'exploser ?",Le Creeper,1,Jeux vidéo
514,Histoire,Quel couple américain fut exécuté en 1953 pour espionnage atomique au profit de l'URSS ?,Les Rosenberg,2,États-Unis
514,Arts & Littérature,Quel peintre cubiste français a célébré les ouvriers dans « Les Constructeurs » en 1950 ?,Fernand Léger,3,Cubisme
514,Sciences & Nature,Dans quelle ville chinoise les premiers cas de Covid-19 ont-ils été identifiés fin 2019 ?,Wuhan,1,Maladies
514,Sports & Loisirs,"Quel Suisse a mis au point le chocolat au lait en 1875, avec le lait concentré d'Henri Nestlé ?",Daniel Peter,3,Chocolat
515,Géographie,Comment appelle-t-on les habitants de Brive-la-Gaillarde ?,Les Brivistes,3,Gentilés
515,Divertissement,"Quelle chanteuse américaine, venue de la country, a sorti l'album pop « 1989 » en 2014 ?",Taylor Swift,1,Pop américaine
515,Histoire,Quel surnom populaire a-t-on donné à Jeanne d'Arc après la levée du siège de 1429 ?,La Pucelle d'Orléans,1,Guerre de Cent Ans
515,Arts & Littérature,Quelle pierre précieuse paie-t-on « sur l'ongle » quand on règle intégralement et sur-le-champ ?,Le rubis,2,Expressions
515,Sciences & Nature,Dans quelle mer de l'Atlantique Nord l'anguille européenne va-t-elle se reproduire ?,La mer des Sargasses,2,Poissons et animaux marins
515,Sports & Loisirs,"Quel navigateur français a remporté le Vendée Globe à deux reprises, en 2000-2001 et en 2008-2009 ?",Michel Desjoyeaux,3,Voile
516,Géographie,"Quelle capitale cérémonielle de l'Empire perse, fondée par Darius Ier, fut incendiée par Alexandre le Grand ?",Persépolis,2,Monuments
516,Divertissement,Quel groupe de rap marseillais a sorti l'album « L'École du micro d'argent » en 1997 ?,IAM,2,Rap français
516,Histoire,Quelle aviatrice américaine a disparu dans le Pacifique en 1937 lors d'une tentative de tour du monde ?,Amelia Earhart,2,Aviation
516,Arts & Littérature,Quel architecte a donné son nom à l'opéra parisien inauguré en 1875 ?,Charles Garnier,1,Architectes
516,Sciences & Nature,"Quel mammifère marin herbivore des eaux chaudes, cousin du dugong, aurait inspiré la légende des sirènes ?",Le lamantin,2,Mammifères
516,Sports & Loisirs,Quel plat alsacien fait cuire au four trois viandes marinées au vin blanc et des pommes de terre dans une terrine scellée ?,Le baeckeoffe,2,Cuisine régionale
517,Géographie,Quelle est la capitale de l'Ouganda ?,Kampala,2,Capitales
517,Divertissement,Quel chanteur a créé « Les Lacs du Connemara » en 1981 ?,Michel Sardou,1,Variété française
517,Histoire,Quel ministre de l'Intérieur fait légaliser les syndicats en France en 1884 ?,Pierre Waldeck-Rousseau,3,IIIe République
517,Arts & Littérature,Quel roman de Michel Tournier (1967) revisite l'histoire de Robinson Crusoé du point de vue de son compagnon ?,Vendredi ou les Limbes du Pacifique,2,Romans contemporains
517,Sciences & Nature,Quel arbre des régions froides se reconnaît à son écorce blanche qui se détache en fines bandes ?,Le bouleau,1,Arbres
517,Sports & Loisirs,"Quel trophée, nommé d'après un écrivain français, récompense le tour du monde à la voile le plus rapide en équipage ?",Le trophée Jules-Verne,2,Voile
518,Géographie,Quel est le plus vaste département français ?,La Guyane,1,Outre-mer
518,Divertissement,Quel jeu de rôle en ligne massivement multijoueur a été lancé par Blizzard en 2004 ?,World of Warcraft,2,Jeux vidéo
518,Histoire,"Quelle forteresse de Judée fut, vers 73-74, le théâtre du dernier siège de la révolte juive contre Rome ?",Massada,2,Mésopotamie et Proche-Orient
518,Arts & Littérature,Comment appelle-t-on la partie semi-circulaire qui termine le chœur d'une église ?,L'abside,3,Architecture
518,Sciences & Nature,"Quelle unité de puissance, abrégée « ch », sert encore à exprimer la puissance des moteurs de voitures ?",Le cheval-vapeur,1,Unités et mesures
518,Sports & Loisirs,Quelle patineuse française a exécuté un salto arrière atterri sur une seule lame aux Jeux de Nagano en 1998 ?,Surya Bonaly,2,Sports d'hiver
519,Géographie,"Quelle ville du Nord est célèbre pour ses « bêtises », des bonbons à la menthe ?",Cambrai,2,Villes
519,Divertissement,Quel rappeur de Detroit a pour alter ego Slim Shady ?,Eminem,1,Rap américain
519,Histoire,Quel roi de France fut fait prisonnier par les Anglais à la bataille de Poitiers en 1356 ?,Jean II le Bon,2,Guerre de Cent Ans
519,Arts & Littérature,"Quel roman de Victor Hugo, écrit à Guernesey, décrit le combat du pêcheur Gilliatt contre une pieuvre ?",Les Travailleurs de la mer,3,Romans
519,Sciences & Nature,Quelle maladie héréditaire empêchant la bonne coagulation du sang a touché plusieurs familles royales européennes ?,L'hémophilie,1,Maladies
519,Sports & Loisirs,Quel sport d'hiver consiste à faire glisser des pierres de granit vers une cible en balayant la glace devant elles ?,Le curling,1,Sports d'hiver
520,Géographie,Quelle ville de Bourgogne a donné son nom à une célèbre moutarde ?,Dijon,1,Villes
520,Divertissement,Quel guitariste des Rolling Stones signe la plupart des chansons du groupe avec Mick Jagger ?,Keith Richards,2,Pop-rock britannique
520,Histoire,"Quel roi de France, surnommé « le Sage », constitua une célèbre librairie au Louvre ?",Charles V,2,Guerre de Cent Ans
520,Arts & Littérature,"Chez Perrault, contrairement à la version des frères Grimm, comment se termine « Le Petit Chaperon rouge » ?",Le loup la mange,2,Contes
520,Sciences & Nature,"Quel médecin alsacien, prix Nobel de la paix 1952, fonda un hôpital à Lambaréné, au Gabon ?",Albert Schweitzer,2,Grands médecins
520,Sports & Loisirs,Comment appelle-t-on au Japon la tradition de pique-niquer sous les cerisiers en fleurs ?,Hanami,2,Fêtes et traditions
521,Géographie,Quel sommet d'origine volcanique est le point culminant du Caucase ?,L'Elbrouz,2,Montagnes
521,Divertissement,Quelle comédie musicale de Broadway de 1957 transpose l'histoire de Roméo et Juliette chez les gangs de New York ?,West Side Story,1,Comédies musicales
521,Histoire,Quel missionnaire écossais le journaliste Stanley retrouve-t-il en Afrique en 1871 ?,David Livingstone,2,Explorations
521,Arts & Littérature,"Quel philosophe stoïcien, précepteur de Néron, a écrit les « Lettres à Lucilius » ?",Sénèque,2,Philosophie antique
521,Sciences & Nature,Quel philosophe britannique a forgé l'expression « survie du plus apte » pour résumer la sélection naturelle ?,Herbert Spencer,3,Évolution
521,Sports & Loisirs,Quel joueur suisse a remporté le tournoi de Wimbledon à huit reprises ?,Roger Federer,1,Tennis – champions
522,Géographie,Quelle commune du Nord est la plus septentrionale de France ?,Bray-Dunes,3,Villes
522,Divertissement,"Dans « Matrix », de quelle couleur est la pilule que Neo avale pour découvrir la vérité ?",Rouge,1,Science-fiction
522,Histoire,Quel roi d'Angleterre est décapité à Londres en 1649 ?,Charles Ier,1,Angleterre
522,Arts & Littérature,Quel géographe a inventé le mot « francophonie » vers 1880 ?,Onésime Reclus,3,Francophonie
522,Sciences & Nature,Quel savant et homme politique américain a inventé le paratonnerre au XVIIIe siècle ?,Benjamin Franklin,1,Grands scientifiques
522,Sports & Loisirs,Quel Espagnol a remporté l'US Open 2022 à seulement 19 ans ?,Carlos Alcaraz,2,Tennis – champions
523,Géographie,Sur quel plateau de la ville de Québec les troupes de Montcalm et de Wolfe s'affrontèrent-elles en 1759 ?,Les plaines d'Abraham,2,Québec
523,Divertissement,Quel acteur incarne l'agent Ethan Hunt dans la saga « Mission impossible » ?,Tom Cruise,1,Sagas
523,Histoire,"Quel général républicain pacifie la Vendée et la chouannerie en 1796, avant de mourir l'année suivante ?",Lazare Hoche,3,Révolution française
523,Arts & Littérature,"Quel philosophe cynique grec vivait, dit-on, dans une jarre et cherchait « un homme » avec une lanterne en plein jour ?",Diogène,1,Philosophie antique
523,Sciences & Nature,Quel chirurgien britannique a introduit l'antisepsie au phénol dans les années 1860 ?,Joseph Lister,3,Grands médecins
523,Sports & Loisirs,"En aviron, comment appelle-t-on le membre de l'équipage qui dirige le bateau sans ramer ?",Le barreur,1,Vocabulaire et règles
524,Géographie,Comment appelle-t-on une dune en forme de croissant ?,Une barkhane,3,Climats et milieux
524,Divertissement,"Quel film de 2007 retrace la vie d'Édith Piaf, avec Marion Cotillard dans le rôle-titre ?",La Môme,1,Biopics musicaux
524,Histoire,Quel palais-forteresse des émirs nasrides domine la ville de Grenade ?,L'Alhambra,1,Monde musulman médiéval
524,Arts & Littérature,Quelle romancière américaine a écrit « La Case de l'oncle Tom » ?,Harriet Beecher Stowe,2,Littérature américaine
524,Sciences & Nature,Quel chercheur japonais a reçu le prix Nobel 2012 pour avoir reprogrammé des cellules adultes en cellules souches ?,Shinya Yamanaka,3,Cellule
524,Sports & Loisirs,"Quel joueur espagnol a remporté quatorze fois Roland-Garros, entre 2005 et 2022 ?",Rafael Nadal,1,Tennis – champions
525,Géographie,Quel ensemble volcanique d'Auvergne a été inscrit au patrimoine mondial de l'UNESCO en 2018 avec la faille de Limagne ?,La chaîne des Puys,2,Montagnes
525,Divertissement,Quel film Pixar de 2009 montre un vieil homme dont la maison s'envole grâce à des milliers de ballons ?,Là-haut,1,Animation
525,Histoire,"Dans quelle ville massacrée en 1209 aurait été prononcée la phrase « Tuez-les tous, Dieu reconnaîtra les siens » ?",Béziers,2,Croisade des Albigeois
525,Arts & Littérature,Quel peintre a glissé un crâne en anamorphose au premier plan des « Ambassadeurs » en 1533 ?,Hans Holbein le Jeune,3,Renaissance
525,Sciences & Nature,Quel savant italien a été condamné par l'Inquisition en 1633 pour avoir défendu l'héliocentrisme ?,Galilée,1,Astronomie : histoire
525,Sports & Loisirs,Quel professeur d'éducation physique canadien a inventé le basket-ball en 1891 ?,James Naismith,2,Basket – histoire
526,Géographie,Quelle cathédrale aux bulbes multicolores se dresse sur la place Rouge à Moscou ?,Saint-Basile-le-Bienheureux,1,Monuments
526,Divertissement,Dans quel groupe vocal féminin Beyoncé a-t-elle débuté ?,Destiny's Child,2,Pop américaine
526,Histoire,"Quel chef du parti catholique, surnommé « le Balafré », est assassiné à Blois en 1588 ?",Henri de Guise,2,Guerres de religion
526,Arts & Littérature,Quel écrivain anglais du XIVe siècle a écrit « Les Contes de Canterbury » ?,Geoffrey Chaucer,3,Littérature anglaise
526,Sciences & Nature,Comment appelle-t-on le médecin spécialiste des maladies de la peau ?,Le dermatologue,1,Spécialités médicales
526,Sports & Loisirs,Quel Argentin a marqué un but de la main contre l'Angleterre en quart de finale de la Coupe du monde 1986 ?,Diego Maradona,1,Football – Coupe du monde
527,Géographie,Quel pays du Caucase arbore un drapeau blanc portant une grande croix rouge et quatre petites croix ?,La Géorgie,3,Drapeaux
527,Divertissement,"Quelle série de jeux de simulation de vie, créée par Will Wright, permet de contrôler des personnages virtuels dans leur maison ?",Les Sims,1,Jeux vidéo
527,Histoire,Dans quel pays Léon Trotski a-t-il été assassiné en 1940 ?,Le Mexique,2,URSS
527,Arts & Littérature,Quel dieu grec du vin et de l'ivresse est le fils de Zeus et de la mortelle Sémélé ?,Dionysos,1,Mythologie grecque
527,Sciences & Nature,"Quel terme désigne la variété des espèces vivantes, de leurs gènes et des écosystèmes ?",La biodiversité,1,Écologie
527,Sports & Loisirs,"Dans quelle ville se sont déroulées les épreuves équestres des Jeux de 1956, en raison de la quarantaine animale imposée par l'Australie ?",Stockholm,3,Histoire des JO
528,Géographie,Quel mont du Dakota du Sud porte les visages sculptés de quatre présidents américains ?,Le mont Rushmore,1,Monuments et sites
528,Divertissement,"Quel réalisateur américain a signé « 2001, l'Odyssée de l'espace » (1968) ?",Stanley Kubrick,2,Réalisateurs
528,Histoire,Quel empereur fit du christianisme la religion officielle de l'Empire romain en 380 ?,Théodose Ier,3,Rome antique
528,Arts & Littérature,Quel héros mena les Argonautes à la conquête de la Toison d'or ?,Jason,1,Mythologie grecque
528,Sciences & Nature,"Quelle unité correspond à la distance moyenne entre la Terre et le Soleil, soit environ 150 millions de kilomètres ?",L'unité astronomique,2,Unités et mesures
528,Sports & Loisirs,Quelle discipline d'équilibre consiste à marcher sur une sangle plate tendue entre deux points d'ancrage ?,La slackline,1,Sports insolites
529,Géographie,Quel phénomène de réchauffement anormal du Pacifique Est porte un nom espagnol évoquant l'Enfant Jésus ?,El Niño,1,Climats et milieux
529,Divertissement,Pour quel film l'humoriste Coluche a-t-il reçu le César du meilleur acteur en 1984 ?,Tchao Pantin,2,Récompenses
529,Histoire,Quel surnom donne-t-on à la bombe qui vise Bonaparte rue Saint-Nicaise le 24 décembre 1800 ?,La machine infernale,3,Consulat
529,Arts & Littérature,Comment s'appelle le vieux cheval efflanqué de Don Quichotte ?,Rossinante,1,Littérature espagnole
529,Sciences & Nature,"Quel est le plus petit os du corps humain, logé dans l'oreille moyenne ?",L'étrier,2,Os et squelette
529,Sports & Loisirs,Sur quel type de surface se dispute l'US Open depuis 1978 ?,Surface dure (ciment),2,Tennis – compétitions
530,Géographie,"Quelle région regroupe notamment les départements du Var, du Vaucluse et des Alpes-Maritimes ?",Provence-Alpes-Côte d'Azur,1,Régions
530,Divertissement,Quel dessinateur américain a créé « Les Simpson » ?,Matt Groening,2,Dessins animés
530,Histoire,Sous quel nom Louis XVI est-il jugé par la Convention ?,Louis Capet,2,Révolution française
530,Arts & Littérature,Quel humaniste anglais a publié en 1516 un livre dont le titre a donné naissance au mot « utopie » ?,Thomas More,2,Littérature anglaise
530,Sciences & Nature,À combien de degrés Fahrenheit l'eau gèle-t-elle ?,32 °F,2,Unités et mesures
530,Sports & Loisirs,Comment appelle-t-on les petits restaurants traditionnels typiques de Lyon ?,Les bouchons,2,Cuisine régionale
531,Géographie,Quelle ville des Alpes-Maritimes est considérée comme la capitale mondiale du parfum ?,Grasse,2,Villes
531,Divertissement,"Dans « Le Livre de la jungle » de Disney (1967), comment s'appelle l'ours insouciant ami de Mowgli ?",Baloo,1,Animation
531,Histoire,"Quelle culture celte du second âge du fer doit son nom à un site du lac de Neuchâtel, en Suisse ?",La Tène,3,Gaule
531,Arts & Littérature,Quel mot les Belges et les Suisses romands emploient-ils pour dire « soixante-dix » ?,Septante,1,Francophonie
531,Sciences & Nature,"Quelles sont les trois couleurs primaires de la synthèse additive de la lumière, utilisées par les écrans ?","Rouge, vert, bleu",2,Physique
531,Sports & Loisirs,Combien de pièces compte un jeu de dominos classique allant jusqu'au double-six ?,28,2,Jeux de société
532,Géographie,Quel fleuve côtier traverse Amiens avant de former une baie célèbre pour ses phoques ?,La Somme,1,Fleuves et rivières
532,Divertissement,Quel pays a remporté l'Eurovision 2006 grâce au groupe de hard rock masqué Lordi ?,La Finlande,2,Eurovision
532,Histoire,Quelle bataille navale de 31 av. J.-C. vit Octave vaincre Marc Antoine et Cléopâtre ?,Actium,2,Rome antique
532,Arts & Littérature,"Quel poète latin, exilé par Auguste sur les bords de la mer Noire, a écrit « Les Métamorphoses » ?",Ovide,2,Épopées antiques
532,Sciences & Nature,Quelle planète a une densité moyenne inférieure à celle de l'eau ?,Saturne,3,Astronomie : planètes
532,Sports & Loisirs,Comment appelle-t-on la première place sur la grille de départ d'un Grand Prix ?,La pole position,1,Sports mécaniques
533,Géographie,"Dans quelle ville malienne se dresse la Grande Mosquée, plus grand édifice en terre crue du monde ?",Djenné,2,Monuments
533,Divertissement,Quelle super-héroïne amazone est incarnée au cinéma par Gal Gadot à partir de 2016 ?,Wonder Woman,1,Super-héros
533,Histoire,Quelle femme de lettres a écrit « La Cité des dames » en 1405 ?,Christine de Pizan,2,Culture médiévale
533,Arts & Littérature,Quelle romancière suédoise a créé Fifi Brindacier ?,Astrid Lindgren,2,Littérature nordique
533,Sciences & Nature,Quel prêtre et astronome belge a proposé dès 1927 l'idée d'un Univers en expansion ?,Georges Lemaître,3,Astronomie : cosmologie
533,Sports & Loisirs,"Quelle ville de Géorgie, aux États-Unis, a accueilli les Jeux olympiques du centenaire, en 1996 ?",Atlanta,1,Villes olympiques
534,Géographie,"Quelle ville, deux fois hôte des Jeux olympiques d'hiver, est la capitale du Tyrol autrichien ?",Innsbruck,2,Villes
534,Divertissement,Quel groupe disco du guitariste Nile Rodgers a chanté « Le Freak » en 1978 ?,Chic,2,Disco
534,Histoire,"Quelle croisade fut détournée vers Constantinople, que les croisés pillèrent en 1204 ?",La quatrième croisade,2,Byzance
534,Arts & Littérature,Quel instrument à clavier baroque produit le son en pinçant les cordes ?,Le clavecin,2,Instruments
534,Sciences & Nature,Quel est le terme médical désignant la crise cardiaque ?,L'infarctus (du myocarde),1,Maladies
534,Sports & Loisirs,"Quelle unité, égale à un mille marin par heure, mesure la vitesse d'un bateau ?",Le nœud,1,Voile
535,Géographie,Quelle cathédrale a été ravagée par un incendie le 15 avril 2019 ?,Notre-Dame de Paris,1,Monuments
535,Divertissement,Quel héros amnésique de Jean Van Hamme et William Vance porte un chiffre romain tatoué sur la clavicule ?,XIII,2,BD franco-belge
535,Histoire,En quelle année la rupture entre l'Église d'Orient et l'Église d'Occident fut-elle consommée ?,1054,2,Église médiévale
535,Arts & Littérature,"Quel écrivain français, auteur de « Désert », a reçu le prix Nobel de littérature en 2008 ?",J. M. G. Le Clézio,2,Prix Nobel
535,Sciences & Nature,Quel savant français a réfuté la génération spontanée dans les années 1860 grâce à des flacons à col de cygne ?,Louis Pasteur,1,Microbiologie
535,Sports & Loisirs,Comment appelle-t-on la collection des capsules qui coiffent les bouchons de champagne ?,La placomusophilie,3,Collections
536,Géographie,"Quelle grande île russe, au nord d'Hokkaido, est séparée du continent par le détroit de Tatarie ?",Sakhaline,3,Asie
536,Divertissement,Quel acteur australien incarne Wolverine dans la saga « X-Men » ?,Hugh Jackman,1,Super-héros
536,Histoire,Dans quelle place forte assiégée Vercingétorix se rendit-il à César en 52 av. J.-C. ?,Alésia,1,Gaule
536,Arts & Littérature,"En quelle année paraît « Les Fleurs du mal », aussitôt condamné pour outrage à la morale publique ?",1857,2,Poésie
536,Sciences & Nature,"Quel est le nom du premier astronaute chinois, envoyé en orbite en 2003 ?",Yang Liwei,3,Espace : astronautes
536,Sports & Loisirs,Quelles sont les trois allures naturelles du cheval ?,"Le pas, le trot, le galop",1,Équitation
537,Géographie,Quels symboles blancs figurent sur le drapeau rouge de la Turquie ?,Un croissant et une étoile,1,Drapeaux
537,Divertissement,Quel guitariste manouche a fondé le Quintette du Hot Club de France avec le violoniste Stéphane Grappelli ?,Django Reinhardt,2,Jazz
537,Histoire,"Quel nom, signifiant « la terre noire », les anciens Égyptiens donnaient-ils à leur pays ?",Kemet,3,Égypte ancienne
537,Arts & Littérature,Sous quel pseudonyme Henri Beyle a-t-il publié « Le Rouge et le Noir » ?,Stendhal,2,Auteurs
537,Sciences & Nature,"Quel muscle en forme de dôme, situé sous les poumons, assure l'essentiel de l'inspiration ?",Le diaphragme,1,Respiration
537,Sports & Loisirs,Combien de cartes compte un jeu de tarot ?,78,2,Jeux de cartes
538,Géographie,Dans quelle ville du Hainaut les Gilles défilent-ils lors d'un carnaval inscrit au patrimoine immatériel de l'UNESCO ?,Binche,2,Belgique
538,Divertissement,Quel groupe norvégien a chanté « Take On Me » ?,A-ha,2,Pop européenne
538,Histoire,"Quelle institutrice, figure de la Commune, est déportée en Nouvelle-Calédonie ?",Louise Michel,1,IIIe République
538,Arts & Littérature,Quelle tragédie de Racine porte le nom d'une reine de Palestine aimée de l'empereur Titus ?,Bérénice,3,Théâtre
538,Sciences & Nature,De quelle île les lémuriens sont-ils originaires ?,Madagascar,1,Mammifères
538,Sports & Loisirs,Comment appelle-t-on la victoire d'une équipe qui remporte tous ses matchs du Tournoi des Six Nations ?,Le Grand Chelem,1,Rugby – vocabulaire
539,Géographie,"Quel archipel normand, rattaché à la commune de Granville, connaît des marées parmi les plus fortes d'Europe ?",Les îles Chausey,3,Îles
539,Divertissement,Quelle actrice française devient une star internationale grâce à « Et Dieu… créa la femme » (1956) ?,Brigitte Bardot,1,Acteurs
539,Histoire,"Quel moine allemand publie ses 95 thèses en 1517, déclenchant la Réforme ?",Martin Luther,1,Réforme
539,Arts & Littérature,"Quelle déesse de la Discorde lança la pomme d'or « à la plus belle », à l'origine de la guerre de Troie ?",Éris,3,Épopées antiques
539,Sciences & Nature,Quel arbre africain au tronc énorme est surnommé « l'arbre à l'envers » ?,Le baobab,1,Arbres
539,Sports & Loisirs,Quel pilote argentin a remporté cinq titres de champion du monde de Formule 1 dans les années 1950 ?,Juan Manuel Fangio,2,Sports mécaniques
540,Géographie,Quel désert du nord du Chili est l'un des plus arides du monde ?,Le désert d'Atacama,1,Amériques
540,Divertissement,Que fabriquait l'entreprise Nintendo lors de sa fondation à Kyoto en 1889 ?,Des cartes à jouer,3,Jeux vidéo
540,Histoire,Quelle couturière afro-américaine a refusé de céder sa place à un Blanc dans un bus de Montgomery en 1955 ?,Rosa Parks,1,Droits civiques
540,Arts & Littérature,Quel architecte a été en 1994 le premier Français lauréat du prix Pritzker ?,Christian de Portzamparc,3,Architectes
540,Sciences & Nature,Quelle est l'étoile la plus proche de la Terre ?,Le Soleil,1,Astronomie : Soleil et étoiles
540,Sports & Loisirs,"D'après son origine provençale, avec quelle position des pieds joue-t-on à la pétanque ?",Pieds joints (« pieds tanqués »),2,Loisirs
541,Géographie,Quelles chutes spectaculaires se trouvent à la frontière entre l'Argentine et le Brésil ?,Les chutes d'Iguaçu,1,Amériques
541,Divertissement,Quel journaliste animait l'émission littéraire « Apostrophes » ?,Bernard Pivot,2,Animateurs
541,Histoire,Quel dieu égyptien à tête d'ibis était le patron des scribes et de l'écriture ?,Thot,2,Égypte ancienne
541,Arts & Littérature,Quel artiste baroque a sculpté « L'Extase de sainte Thérèse » et dessiné la colonnade de la place Saint-Pierre ?,Le Bernin,2,Sculpture
541,Sciences & Nature,"Quelle hormone, produite par le tissu adipeux, signale au cerveau la satiété ?",La leptine,3,Nutrition
541,Sports & Loisirs,Quel pays a remporté la Coupe du monde 2010 en Afrique du Sud ?,L'Espagne,1,Football – Coupe du monde
542,Géographie,Quelle ville éthiopienne est célèbre pour ses églises monolithes taillées dans la roche au Moyen Âge ?,Lalibela,3,Monuments
542,Divertissement,Quelle souveraine est au centre de la série de Netflix « The Crown » ?,Élisabeth II,1,Séries britanniques
542,Histoire,"Quel abbé de Saint-Denis, conseiller de Louis VI et Louis VII, est considéré comme l'initiateur de l'art gothique ?",Suger,2,Église médiévale
542,Arts & Littérature,Comment s'appelle le château du capitaine Haddock ?,Moulinsart,1,Bande dessinée
542,Sciences & Nature,"Quelle pierre précieuse rouge est une variété de corindon, comme le saphir ?",Le rubis,2,Géologie
542,Sports & Loisirs,Comment appelle-t-on la faute d'un joueur qui se déplace en tenant le ballon sans dribbler ?,Le marcher,1,Basket – règles
543,Géographie,Quelle est la capitale de la Mauritanie ?,Nouakchott,3,Capitales
543,Divertissement,Quelle chanson d'Aretha Franklin de 1967 épelle son titre lettre par lettre ?,Respect,1,Soul
543,Histoire,Quel nom de code désignait l'offensive de la coalition internationale contre l'Irak au début de 1991 ?,Tempête du désert,2,Moyen-Orient
543,Arts & Littérature,Quel roman de Balzac a pour héroïne la fille d'un tonnelier avare de Saumur ?,Eugénie Grandet,2,Romans
543,Sciences & Nature,Quelle mission a permis à l'homme de marcher sur la Lune pour la première fois en 1969 ?,Apollo 11,1,Espace : missions
543,Sports & Loisirs,Quel nageur quintuple champion olympique dans les années 1920 est devenu célèbre en incarnant Tarzan au cinéma ?,Johnny Weissmuller,2,Natation
544,Géographie,Quel col alpin entre le Valais et l'Italie est célèbre pour son hospice et ses chiens sauveteurs ?,Le col du Grand-Saint-Bernard,1,Suisse
544,Divertissement,Quel guitariste et chanteur de Dire Straits a écrit « Sultans of Swing » ?,Mark Knopfler,3,Rock
544,Histoire,Comment appelle-t-on le soulèvement paysan de 1358 dans le nord de la France ?,La Grande Jacquerie,2,Fin du Moyen Âge en France
544,Arts & Littérature,"Selon l'expression française, de quelle nationalité est la façon de partir discrètement sans dire au revoir ?",Anglaise (filer à l'anglaise),1,Expressions
544,Sciences & Nature,Comment appelle-t-on un atome qui a gagné ou perdu un ou plusieurs électrons ?,Un ion,1,Chimie : réactions
544,Sports & Loisirs,En quelle année les femmes ont-elles participé pour la première fois aux Jeux olympiques modernes ?,1900,3,Histoire des JO
545,Géographie,Quelle faille californienne marque la limite entre la plaque pacifique et la plaque nord-américaine ?,La faille de San Andreas,1,Plaques et séismes
545,Divertissement,Quel écrivain et trompettiste a écrit la chanson antimilitariste « Le Déserteur » en 1954 ?,Boris Vian,2,Chanson française
545,Histoire,"Quelle politique commune, lancée en 1962, soutient les revenus des agriculteurs européens ?",La PAC,2,Construction européenne
545,Arts & Littérature,"Dans quelle forteresse, au large de Marseille, Edmond Dantès est-il emprisonné ?",Le château d'If,2,Romans
545,Sciences & Nature,Quel pigment donne leur couleur à la peau et aux cheveux ?,La mélanine,1,Peau et phanères
545,Sports & Loisirs,Quel pilote belge a remporté six fois les 24 Heures du Mans entre 1969 et 1982 ?,Jacky Ickx,3,Sports mécaniques
546,Géographie,Quelle ville italienne est parcourue par le Grand Canal ?,Venise,1,Villes
546,Divertissement,Sous quel nom Mario apparaissait-il dans le jeu d'arcade « Donkey Kong » de 1981 ?,Jumpman,3,Jeux vidéo
546,Histoire,Dans quelle ville allemande les principaux dignitaires nazis ont-ils été jugés en 1945-1946 ?,Nuremberg,1,Fin de la guerre
546,Arts & Littérature,"Comment appelle-t-on des mots qui se prononcent de la même façon mais s'écrivent différemment, comme « vert » et « verre » ?",Des homophones,2,Langue française
546,Sciences & Nature,Quelle molécule sert de « monnaie énergétique » universelle de la cellule ?,L'ATP,2,Cellule
546,Sports & Loisirs,Combien de cases compte le parcours en spirale du jeu de l'oie traditionnel ?,63,2,Jeux de société
547,Géographie,Dans quelle ville a été signée la déclaration d'indépendance américaine en 1776 ?,Philadelphie,2,Grandes villes
547,Divertissement,"Quel film de sabre d'Ang Lee, sorti en 2000, met en scène des combats aériens dans les bambous ?",Tigre et Dragon,2,Cinéma asiatique
547,Histoire,Quels traités mettent fin à la guerre de Trente Ans en 1648 ?,Les traités de Westphalie,2,Guerre de Trente Ans
547,Arts & Littérature,"Quel est le nom de famille des sœurs Charlotte, Emily et Anne, romancières anglaises du XIXe siècle ?",Brontë,1,Littérature anglaise
547,Sciences & Nature,Quelle maladie de l'enfance entraîne un défaut de minéralisation et des déformations des os ?,Le rachitisme,2,Maladies
547,Sports & Loisirs,Comment appelle-t-on l'estrade carrée entourée de cordes où se disputent les combats de boxe ?,Le ring,1,Boxe
548,Géographie,Quelles galeries souterraines creusées dans le rocher font partie des fortifications de Luxembourg inscrites à l'UNESCO ?,Les casemates du Bock,3,Luxembourg
548,Divertissement,Quel Pokémon de départ de type Feu ressemble à un petit lézard orange à la queue enflammée ?,Salamèche,1,Jeux vidéo
548,Histoire,Quel roi perse envoya l'armée vaincue par les Athéniens à Marathon ?,Darius Ier,2,Mésopotamie et Proche-Orient
548,Arts & Littérature,Quel écrivain a signé « Les Lettres de mon moulin » ?,Alphonse Daudet,1,Auteurs
548,Sciences & Nature,Quel élément chimique a pour symbole Pb ?,Le plomb,2,Chimie : éléments
548,Sports & Loisirs,Quel coureur normand a été le premier à remporter cinq fois le Tour de France ?,Jacques Anquetil,2,Cyclisme – champions
549,Géographie,Comment s'appelle le point le plus profond de la fosse des Mariannes ?,Le Challenger Deep,3,Océans et mers
549,Divertissement,"Quel acteur incarne Tony Stark, alias Iron Man, dans les films Marvel à partir de 2008 ?",Robert Downey Jr.,1,Super-héros
549,Histoire,Quel président de la République est tombé d'un train de nuit en pyjama en mai 1920 ?,Paul Deschanel,2,France de l'entre-deux-guerres
549,Arts & Littérature,Comment appelle-t-on une œuvre peinte composée de trois panneaux ?,Un triptyque,1,Techniques
549,Sciences & Nature,Quel verbe désigne le cri du canard ?,Cancaner (ou nasiller),2,Cris des animaux
549,Sports & Loisirs,Quel fromage suisse à gros trous est souvent appelé simplement « fromage suisse » à l'étranger ?,L'emmental,1,Fromages
550,Géographie,Quelle ville Jeanne d'Arc a-t-elle délivrée des Anglais en 1429 ?,Orléans,1,Villes
550,Divertissement,Quelle marque américaine fabrique la guitare électrique Stratocaster ?,Fender,2,Instruments
550,Histoire,Quel consul et orateur dénonça la conjuration de Catilina en 63 av. J.-C. ?,Cicéron,2,Rome antique
550,Arts & Littérature,"Quel sculpteur américain a inventé les mobiles, sculptures suspendues animées par l'air ?",Alexander Calder,2,Sculpture
550,Sciences & Nature,Quel astronaute d'Apollo 11 est resté en orbite lunaire dans le module de commande ?,Michael Collins,2,Espace : astronautes
550,Sports & Loisirs,Quel sprinteur américain chaussé de pointes dorées a réalisé le doublé 200 m – 400 m aux Jeux d'Atlanta en 1996 ?,Michael Johnson,2,Athlétisme
551,Géographie,Quelle est la plus grande île des Caraïbes ?,Cuba,1,Amériques
551,Divertissement,Dans quel film de 1972 un personnage promet-il de faire « une offre qu'il ne pourra pas refuser » ?,Le Parrain,2,Répliques cultes
551,Histoire,Quel sénateur romain concluait ses discours en réclamant la destruction de Carthage ?,Caton l'Ancien,2,Rome antique
551,Arts & Littérature,"Quelle figure de style associe deux termes contradictoires, comme l'« obscure clarté » de Corneille ?",L'oxymore,2,Langue française
551,Sciences & Nature,Comment appelle-t-on un polyèdre à quatre faces triangulaires ?,Un tétraèdre,2,Mathématiques
551,Sports & Loisirs,Comment appelle-t-on l'opération qui consiste à chauffer puis refroidir le chocolat à des températures précises pour le rendre brillant ?,Le tempérage,3,Pâtisserie
552,Géographie,Quelle est la capitale du Burkina Faso ?,Ouagadougou,1,Capitales
552,Divertissement,Avec quelle chanson Amir a-t-il représenté la France à l'Eurovision 2016 ?,J'ai cherché,3,Eurovision
552,Histoire,Quelle alliance maritime dirigée par Athènes fut fondée en 478 av. J.-C. contre la menace perse ?,La ligue de Délos,2,Grèce antique
552,Arts & Littérature,Quel dramaturge a écrit « Le Mariage de Figaro » ?,Beaumarchais,1,Théâtre
552,Sciences & Nature,Quel sigle désigne un organisme dont le génome a été modifié par génie génétique ?,OGM,1,Génétique
552,Sports & Loisirs,Quel disque volant en plastique tire son nom d'une pâtisserie du Connecticut dont les étudiants se lançaient les moules à tarte ?,Le Frisbee,3,Jouets
553,Géographie,Quelle était la monnaie de l'Allemagne avant l'euro ?,Le Deutsche Mark,1,Monnaies
553,Divertissement,"Sur quelle île de l'océan Indien, aujourd'hui tanzanienne, est né Freddie Mercury ?",Zanzibar,2,Célébrités de la musique
553,Histoire,"Quel instrument, inventé au Paléolithique supérieur, permettait de lancer une sagaie plus loin et plus fort ?",Le propulseur,3,Préhistoire
553,Arts & Littérature,Qui a écrit « Voyage au bout de la nuit » (1932) ?,Louis-Ferdinand Céline,1,Romans
553,Sciences & Nature,Comment s'appelle l'orifice musculaire qui contrôle le passage des aliments de l'estomac vers l'intestin ?,Le pylore,3,Digestion
553,Sports & Loisirs,"Quelle compétition de voile, créée en 1851, est considérée comme le plus ancien trophée sportif international ?",La Coupe de l'America,1,Voile
554,Géographie,Comment appelle-t-on les vents réguliers qui soufflent d'est en ouest dans la zone intertropicale ?,Les alizés,1,Climats et milieux
554,Divertissement,"Quels frères mancuniens, chanteur et guitariste-compositeur, sont les figures du groupe Oasis ?",Liam et Noel Gallagher,2,Britpop
554,Histoire,Quelle bataille de 331 av. J.-C. vit Alexandre vaincre définitivement le roi perse Darius III ?,Gaugamèles,3,Grèce antique
554,Arts & Littérature,Quel écrivain a réuni la plupart de ses romans sous le titre « La Comédie humaine » ?,Honoré de Balzac,1,Auteurs
554,Sciences & Nature,"Quelle récompense, souvent comparée à un « Nobel des mathématiques », est décernée tous les quatre ans à des moins de 40 ans ?",La médaille Fields,2,Mathématiques
554,Sports & Loisirs,Quels sprinteurs américains ont levé un poing ganté de noir sur le podium du 200 m aux Jeux de Mexico en 1968 ?,Tommie Smith et John Carlos,2,Histoire des JO
555,Géographie,Quelle île grecque de la mer Ionienne était le royaume d'Ulysse dans l'Odyssée ?,Ithaque,2,Îles
555,Divertissement,Comment s'appelle la nièce de l'inspecteur Gadget dans la version française ?,Sophie,2,Dessins animés
555,Histoire,"Quelle épidémie ravagea l'Europe à partir de 1347, tuant peut-être un tiers de sa population ?",La peste noire,1,Fin du Moyen Âge en France
555,Arts & Littérature,"Quel philosophe grec a fondé à Athènes l'école du Jardin, qui voyait dans l'absence de trouble le vrai bonheur ?",Épicure,2,Philosophie antique
555,Sciences & Nature,Quel élément chimique a pour symbole Sb ?,L'antimoine,3,Chimie : éléments
555,Sports & Loisirs,Qui a marqué deux buts de la tête en finale de la Coupe du monde 1998 face au Brésil ?,Zinédine Zidane,1,Football – Coupe du monde
556,Géographie,Quel volcan hawaïen est resté en éruption quasi continue de 1983 à 2018 ?,Le Kīlauea,3,Volcans
556,Divertissement,Quelle animatrice a donné son nom au programme jeunesse de TF1 diffusé de 1987 à 1997 ?,Dorothée,1,Émissions jeunesse
556,Histoire,Quel astronome polonais défend l'héliocentrisme dans un ouvrage publié en 1543 ?,Nicolas Copernic,1,Sciences
556,Arts & Littérature,"Quelle journaliste biélorusse, autrice de « La Supplication » sur Tchernobyl, reçut le prix Nobel de littérature en 2015 ?",Svetlana Alexievitch,3,Prix Nobel de littérature
556,Sciences & Nature,"Quelle voiture populaire Citroën, surnommée « deudeuche », a été présentée au Salon de Paris en 1948 ?",La 2 CV,1,Transports
556,Sports & Loisirs,"Quelle championne américaine a donné son nom en 2020 à la compétition féminine par nations, l'ex-Fed Cup ?",Billie Jean King,2,Tennis – compétitions
557,Géographie,Quelle ville du Texas abrite le centre de contrôle des vols habités de la NASA ?,Houston,1,Grandes villes
557,Divertissement,Quel cinéaste américain a réalisé « L'Exorciste » (1973) ?,William Friedkin,3,Horreur
557,Histoire,Quel ancien esclave prend la tête de la révolution de Saint-Domingue dans les années 1790 ?,Toussaint Louverture,1,Haïti
557,Arts & Littérature,Quel dialogue de Platon réunit Socrate et ses amis autour d'un repas pour faire l'éloge d'Éros ?,Le Banquet,2,Philosophie antique
557,Sciences & Nature,"Quel aéronaute français a réalisé en 1797 le premier saut en parachute depuis un ballon, au-dessus de Paris ?",André-Jacques Garnerin,3,Transports
557,Sports & Loisirs,Quel thé vert japonais en poudre est utilisé lors de la cérémonie du thé ?,Le matcha,1,Boissons
558,Géographie,"Quel explorateur norvégien a atteint le premier le pôle Sud, en décembre 1911 ?",Roald Amundsen,1,Pôles
558,Divertissement,Quel personnage de Walt Disney est la vedette du court métrage sonore « Steamboat Willie » (1928) ?,Mickey Mouse,2,Animation
558,Histoire,Sur quelle péninsule turque les Alliés ont-ils tenté un débarquement désastreux en 1915 ?,Gallipoli,2,Première Guerre mondiale
558,Arts & Littérature,Quelle fille d'Agamemnon devait être sacrifiée pour que les vents permettent à la flotte grecque de partir pour Troie ?,Iphigénie,2,Épopées antiques
558,Sciences & Nature,Quel inventeur d'origine écossaise a déposé en 1876 le brevet du téléphone ?,Alexander Graham Bell,1,Télécommunications
558,Sports & Loisirs,Quel château des Graves est le seul vin rouge hors Médoc classé premier grand cru en 1855 ?,Château Haut-Brion,3,Vins
559,Géographie,Quel grand hôtel aux allures de château domine le Vieux-Québec ?,Le Château Frontenac,1,Québec
559,Divertissement,Quelle chanteuse a prêté sa voix chantée à Catherine Deneuve dans « Les Parapluies de Cherbourg » ?,Danielle Licari,3,Films musicaux
559,Histoire,Quel titre portaient les chefs militaires qui gouvernèrent le Japon au nom de l'empereur à partir de la fin du XIIe siècle ?,Shogun,1,Asie médiévale
559,Arts & Littérature,"Quel poète, premier président du Sénégal, fut le premier Africain élu à l'Académie française ?",Léopold Sédar Senghor,2,Poésie
559,Sciences & Nature,À quelle catégorie d'étoiles appartient le Soleil ?,Les naines jaunes,2,Astronomie : Soleil et étoiles
559,Sports & Loisirs,Comment appelle-t-on le virage en crawl où le nageur effectue une roulade sous l'eau avant de repousser le mur ?,Le virage culbute,2,Natation
560,Géographie,Quelle ville est la préfecture du département de l'Hérault ?,Montpellier,1,Préfectures
560,Divertissement,Comment s'appelle le vieux sage à barbe blanche de la série « Il était une fois… » ?,Maestro,2,Dessins animés
560,Histoire,Quel sultan ottoman assiège Vienne en 1529 ?,Soliman le Magnifique,2,Empire ottoman
560,Arts & Littérature,"Quel groupe antique, découvert à Rome en 1506, montre un prêtre troyen et ses fils attaqués par des serpents ?",Le Laocoon,3,Sculpture
560,Sciences & Nature,Quelle planète est surnommée la « planète rouge » ?,Mars,1,Astronomie : planètes
560,Sports & Loisirs,Comment s'appelle le grade suprême qu'un lutteur de sumo peut atteindre ?,Yokozuna,3,Arts martiaux
561,Géographie,De quelle langue vient le mot « geyser » ?,L'islandais,2,Volcans
561,Divertissement,"Sur quelle planète est né M. Spock, l'officier aux oreilles pointues de « Star Trek » ?",Vulcain,2,Séries américaines
561,Histoire,Quel garde des Sceaux a défendu l'abolition de la peine de mort devant l'Assemblée nationale en 1981 ?,Robert Badinter,1,Ve République
561,Arts & Littérature,Quel roman de Marcel Proust a obtenu le prix Goncourt en 1919 ?,À l'ombre des jeunes filles en fleurs,2,Prix Goncourt
561,Sciences & Nature,Quel verbe désigne le cri du hibou ?,Hululer (ou huer),2,Cris des animaux
561,Sports & Loisirs,"Dans quel café parisien, cadre du « Neveu de Rameau » de Diderot, se retrouvaient les meilleurs joueurs d'échecs du XVIIIe siècle ?",Le café de la Régence,3,Échecs
562,Géographie,Quelle est la capitale de la Somalie ?,Mogadiscio,2,Capitales
562,Divertissement,"Quel groupe comique de Canal+ réunissait Alain Chabat, Chantal Lauby, Dominique Farrugia et Bruno Carette ?",Les Nuls,2,Émissions
562,Histoire,Comment appelle-t-on les tours à étages qui dominaient les temples mésopotamiens ?,Les ziggourats,2,Mésopotamie et Proche-Orient
562,Arts & Littérature,Sur quelle île de Polynésie Paul Gauguin s'est-il installé à partir de 1891 ?,Tahiti,1,Peintres
562,Sciences & Nature,Quelle est la formule chimique de l'eau ?,H₂O,1,Chimie : molécules
562,Sports & Loisirs,Pour quel président de la République Paul Bocuse a-t-il créé en 1975 une soupe aux truffes noires en croûte ?,Valéry Giscard d'Estaing,3,Histoire de la cuisine
563,Géographie,Avec quel pays l'Indonésie partage-t-elle l'île de Timor ?,Le Timor oriental,2,Asie
563,Divertissement,Au sein de quel groupe familial Michael Jackson a-t-il débuté enfant ?,The Jackson Five,1,Pop américaine
563,Histoire,"Pour quel pharaon fut édifiée à Saqqarah la première pyramide, dite à degrés ?",Djéser,2,Égypte ancienne
563,Arts & Littérature,"Quel est le véritable nom de Vercors, auteur du « Silence de la mer » publié clandestinement en 1942 ?",Jean Bruller,3,Auteurs
563,Sciences & Nature,Quelle fine membrane sépare le conduit auditif externe de l'oreille moyenne ?,Le tympan,1,Sens : l'ouïe
563,Sports & Loisirs,"Au tarot, comment appelle-t-on les trois cartes maîtresses que sont le 1 d'atout, le 21 et l'Excuse ?",Les bouts (oudlers),2,Jeux de cartes
564,Géographie,"Quelle ville normande, reconstruite par Auguste Perret après la Seconde Guerre mondiale, est inscrite à l'UNESCO depuis 2005 ?",Le Havre,2,Patrimoine UNESCO
564,Divertissement,Quel était le véritable prénom de Serge Gainsbourg ?,Lucien,2,Célébrités de la chanson
564,Histoire,"Quel pays l'Allemagne envahit-elle le 1er septembre 1939, déclenchant la Seconde Guerre mondiale ?",La Pologne,1,Seconde Guerre mondiale
564,Arts & Littérature,Quel poète latin guide Dante à travers l'Enfer et le Purgatoire dans « La Divine Comédie » ?,Virgile,2,Littérature italienne
564,Sciences & Nature,"Comment appelle-t-on les êtres vivants dont les cellules n'ont pas de noyau, comme les bactéries ?",Les procaryotes,2,Cellule
564,Sports & Loisirs,"Quelle petite tartelette portugaise, emblème du quartier lisboète de Belém, contient un flan à la crème ?",Le pastel de nata,2,Pâtisserie
565,Géographie,"Quel musée de Monaco, bâti à flanc de falaise, fut dirigé par le commandant Cousteau ?",Le Musée océanographique,2,Monaco
565,Divertissement,Quelle actrice est la vedette de « Pretty Woman » (1990) aux côtés de Richard Gere ?,Julia Roberts,1,Acteurs
565,Histoire,Quel prince de la maison de Condé est exécuté dans les fossés du château de Vincennes en 1804 ?,Le duc d'Enghien,3,Consulat
565,Arts & Littérature,Quel auteur britannique a écrit « Le Seigneur des anneaux » ?,J. R. R. Tolkien,1,Littérature anglaise
565,Sciences & Nature,"Quelle unité de masse des pierres précieuses vaut 0,2 gramme ?",Le carat,2,Unités et mesures
565,Sports & Loisirs,Quel fromage de chèvre de Touraine est traversé en son centre par une paille de seigle ?,Le sainte-maure-de-touraine,2,Fromages
566,Géographie,"Quel est le plus grand massif forestier de France métropolitaine, planté de pins maritimes ?",La forêt des Landes,2,Sites naturels
566,Divertissement,Dans quelle émission de vulgarisation scientifique Fred et Jamy sillonnaient-ils la France en camion ?,C'est pas sorcier,1,Émissions
566,Histoire,Quel stathouder hollandais devient roi d'Angleterre en 1689 aux côtés de son épouse Marie ?,Guillaume d'Orange,2,Angleterre
566,Arts & Littérature,"Quel écrivain chinois, père de la littérature chinoise moderne, a écrit « La Véridique Histoire d'A Q » ?",Lu Xun,3,Littérature chinoise
566,Sciences & Nature,"Quel sucre, surnommé « sucre des fruits », abonde dans les fruits et le miel ?",Le fructose,1,Nutrition
566,Sports & Loisirs,Quelle couleur était traditionnellement attribuée aux voitures de course françaises ?,Le bleu,2,Sports mécaniques
567,Géographie,Sur quelle île de Charente-Maritime Napoléon passa-t-il ses derniers jours en France en juillet 1815 ?,L'île d'Aix,3,Îles
567,Divertissement,Dans quel film de 1993 des dinosaures recréés à partir d'ADN s'échappent-ils d'un parc d'attractions ?,Jurassic Park,1,Science-fiction
567,Histoire,Quelle ville les Occidentaux ont-ils ravitaillée par un gigantesque pont aérien en 1948-1949 ?,Berlin-Ouest,1,Guerre froide
567,Arts & Littérature,"Qui a écrit « Paul et Virginie », idylle tragique sur l'île de France (Maurice) ?",Bernardin de Saint-Pierre,3,Auteurs
567,Sciences & Nature,"Quelle plante parasite à baies blanches, cueillie par les druides, pousse sur les branches des arbres ?",Le gui,1,Plantes
567,Sports & Loisirs,Avec quelle franchise l'Allemand Dirk Nowitzki a-t-il effectué toute sa carrière NBA ?,Les Dallas Mavericks,2,Basket – clubs
568,Géographie,À quel pays appartient l'archipel des Açores ?,Le Portugal,1,Îles
568,Divertissement,Quelle actrice joue le rôle-titre de « Manon des sources » (1986) de Claude Berri ?,Emmanuelle Béart,3,Acteurs
568,Histoire,Quel traité signé en 1992 dans une ville néerlandaise a créé l'Union européenne ?,Le traité de Maastricht,1,Construction européenne
568,Arts & Littérature,Quel supplicié des Enfers voit l'eau et les fruits se dérober chaque fois qu'il veut les saisir ?,Tantale,2,Mythologie grecque
568,Sciences & Nature,Quel médecin viennois est le fondateur de la psychanalyse ?,Sigmund Freud,1,Psychologie
568,Sports & Loisirs,"Comment appelle-t-on la tribune populaire des supporters les plus fervents, notamment celle d'Anfield à Liverpool ?",Le Kop,3,Football – vocabulaire
569,Géographie,Quelle est la plus grande ville et la capitale économique de la Côte d'Ivoire ?,Abidjan,1,Villes
569,Divertissement,"Quelles deux familles aux valeurs opposées sont les héroïnes de « Fais pas ci, fais pas ça » ?",Les Lepic et les Bouley,3,Séries françaises
569,Histoire,Quel dieu égyptien à tête de chacal présidait à l'embaumement des morts ?,Anubis,1,Égypte ancienne
569,Arts & Littérature,"Quelle écrivaine est devenue la première femme lauréate du prix Goncourt, au titre de l'année 1944 ?",Elsa Triolet,3,Prix Goncourt
569,Sciences & Nature,Quel sigle désigne le vaccin antituberculeux mis au point par deux chercheurs de l'Institut Pasteur ?,Le BCG,1,Vaccins
569,Sports & Loisirs,Quel club a remporté la Ligue des champions pour la première fois de son histoire en 2023 ?,Manchester City,2,Football – clubs
570,Géographie,Quel État du Pacifique est le seul pays du monde à s'étendre sur les quatre hémisphères ?,Kiribati,3,Océanie
570,Divertissement,Quel jeu mobile de King consiste à aligner des bonbons de même couleur ?,Candy Crush Saga,1,Jeux vidéo
570,Histoire,En quelle année les États-Unis entrent-ils en guerre contre l'Allemagne lors de la Première Guerre mondiale ?,1917,1,Première Guerre mondiale
570,Arts & Littérature,"Quel écrivain chinois, auteur du « Clan du sorgho », reçut le prix Nobel de littérature en 2012 ?",Mo Yan,3,Prix Nobel de littérature
570,Sciences & Nature,Comment appelle-t-on le stade intermédiaire entre la chenille et le papillon ?,La chrysalide,1,Insectes
570,Sports & Loisirs,Dans quel stade l'Olympique de Marseille dispute-t-il ses matchs à domicile ?,Le stade Vélodrome,1,Football – stades
571,Géographie,Sur quel plateau de Côte-d'Or la Seine prend-elle sa source ?,Le plateau de Langres,3,Fleuves et rivières
571,Divertissement,Dans quel jeu d'aventure de TF1 éteint-on la torche des candidats éliminés lors du conseil ?,Koh-Lanta,1,Téléréalité
571,Histoire,Quel nom de code désignait l'invasion de l'URSS par l'Allemagne en juin 1941 ?,Opération Barbarossa,1,Front de l'Est
571,Arts & Littérature,Quelle déesse romaine du foyer était servie par des prêtresses vierges chargées d'entretenir son feu sacré ?,Vesta,2,Mythologie romaine
571,Sciences & Nature,Quel médecin hongrois a imposé dès 1847 le lavage des mains à Vienne pour réduire la fièvre puerpérale ?,Ignace Semmelweis,3,Grands médecins
571,Sports & Loisirs,Quel titre permet à un coureur de porter le maillot arc-en-ciel pendant un an ?,Champion du monde,1,Cyclisme – compétitions
572,Géographie,Quelle ville est la préfecture de la Guadeloupe ?,Basse-Terre,2,Outre-mer
572,Divertissement,"Quelle émission musicale, présentée par Nagui, fait jouer les artistes en direct avec des musiciens ?",Taratata,2,Émissions
572,Histoire,Quel mouvement politique Benito Mussolini a-t-il fondé en Italie après la Première Guerre mondiale ?,Le fascisme,1,Régimes totalitaires
572,Arts & Littérature,"Comment appelle-t-on, dans un opéra, la partie déclamée sur un accompagnement léger entre deux airs ?",Le récitatif,2,Opéra
572,Sciences & Nature,"Les graines de quel arbre méditerranéen, jadis utilisées comme poids, ont donné leur nom au carat ?",Le caroubier,3,Arbres
572,Sports & Loisirs,Combien d'épreuves compte l'heptathlon féminin ?,Sept,1,Athlétisme
573,Géographie,Quelle ville est le chef-lieu de la province belge du Hainaut ?,Mons,3,Belgique
573,Divertissement,Quelle avenue de New York est synonyme de théâtres de comédies musicales ?,Broadway,1,Comédies musicales
573,Histoire,Sous quel surnom l'épouse du président argentin Juan Perón est-elle restée célèbre ?,Evita,1,Personnalités
573,Arts & Littérature,Quelle déesse égyptienne à tête de chatte était vénérée à Bubastis ?,Bastet,2,Mythologie égyptienne
573,Sciences & Nature,Quel cratère d'impact de la péninsule du Yucatán est associé à l'extinction des dinosaures ?,Chicxulub,3,Géologie
573,Sports & Loisirs,De quelle couleur est le maillot du leader du Tour d'Italie ?,Rose,1,Cyclisme – compétitions
574,Géographie,Dans quelle mer fermée la Volga se jette-t-elle ?,La mer Caspienne,2,Fleuves
574,Divertissement,"Quelle actrice, alors adolescente, joue Mathilda dans « Léon » de Luc Besson ?",Natalie Portman,2,Acteurs
574,Histoire,Dans quelle capitale une insurrection populaire contre le régime communiste fut-elle écrasée par les chars soviétiques en 1956 ?,Budapest,2,Guerre froide
574,Arts & Littérature,Quels animaux de Rabelais désignent des gens qui suivent aveuglément le groupe ?,Les moutons de Panurge,1,Expressions
574,Sciences & Nature,"Quel médecin militaire français a découvert en 1880, en Algérie, le parasite responsable du paludisme ?",Alphonse Laveran,3,Grands médecins
574,Sports & Loisirs,Quel pivot français a été choisi en premier lors de la draft NBA 2023 ?,Victor Wembanyama,1,Basket – champions
575,Géographie,Quelle rivière traverse Périgueux ?,L'Isle,3,Fleuves et rivières
575,Divertissement,Quel film de Steven Spielberg (1993) raconte comment un industriel allemand a sauvé plus d'un millier de Juifs ?,La Liste de Schindler,1,Films historiques
575,Histoire,Quel financier écossais crée en France un système de papier-monnaie qui s'effondre en 1720 ?,John Law,2,Louis XV
575,Arts & Littérature,Quelle fille d'Œdipe brave l'interdit du roi Créon pour donner une sépulture à son frère Polynice ?,Antigone,1,Grands textes antiques
575,Sciences & Nature,"Quel médecin anglais a démontré en 1854, grâce à une pompe de Broad Street à Londres, que le choléra se transmettait par l'eau ?",John Snow,3,Grands médecins
575,Sports & Loisirs,Quel spiritueux des Antilles françaises est distillé directement à partir du jus de canne à sucre ?,Le rhum agricole,1,Spiritueux
576,Géographie,Au pied de quel mont volcanique d'Ardèche la Loire prend-elle sa source ?,Le mont Gerbier-de-Jonc,2,Fleuves et rivières
576,Divertissement,Quel acteur et danseur américain chante et danse sous l'averse dans « Chantons sous la pluie » (1952) ?,Gene Kelly,2,Comédies musicales
576,Histoire,Quelle souveraine règne sur les possessions des Habsbourg d'Autriche de 1740 à 1780 ?,Marie-Thérèse,2,Europe au XVIIIe siècle
576,Arts & Littérature,"Quel poème de Rimbaud commence par « Je m'en allais, les poings dans mes poches crevées » ?",Ma Bohème,2,Poésie
576,Sciences & Nature,Combien de paires de côtes possède habituellement l'être humain ?,12 paires,1,Os et squelette
576,Sports & Loisirs,"Quel pays a remporté la première Coupe du monde de rugby, en 1987 ?",La Nouvelle-Zélande,2,Rugby – Coupe du monde
577,Géographie,Dans quelle petite ville luxembourgeoise dominée par un château Victor Hugo séjourna-t-il en 1871 ?,Vianden,3,Luxembourg
577,Divertissement,Quel réseau social Mark Zuckerberg a-t-il lancé en 2004 depuis l'université Harvard ?,Facebook,1,Internet
577,Histoire,Quel militaire devient en 1912 le premier résident général de France au Maroc ?,Hubert Lyautey,2,Colonisation
577,Arts & Littérature,Quelle écrivaine a écrit dans « Le Deuxième Sexe » : « On ne naît pas femme : on le devient » ?,Simone de Beauvoir,1,Auteurs
577,Sciences & Nature,Quels deux astronomes suisses ont découvert en 1995 la première exoplanète en orbite autour d'une étoile semblable au Soleil ?,Michel Mayor et Didier Queloz,3,Astronomie : exoplanètes
577,Sports & Loisirs,Quelle eau-de-vie de vin porte le nom d'une ville de Charente ?,Le cognac,1,Spiritueux
578,Géographie,"Quelle baie du Canada atlantique, entre le Nouveau-Brunswick et la Nouvelle-Écosse, connaît les plus fortes marées du monde ?",La baie de Fundy,3,Océans et mers
578,Divertissement,Quelle chanteuse née au Caire a chanté « Gigi l'amoroso » ?,Dalida,1,Variété française
578,Histoire,Quel empereur fit construire un mur fortifié à travers le nord de l'actuelle Angleterre ?,Hadrien,1,Rome antique
578,Arts & Littérature,Comment s'appelle la bataille de la fin du monde dans la mythologie nordique ?,Le Ragnarök,2,Mythologie nordique
578,Sciences & Nature,Combien de vertèbres cervicales compte la colonne vertébrale humaine ?,Sept,2,Os et squelette
578,Sports & Loisirs,"Quelle joueuse française, surnommée « la Divine », a dominé le tennis féminin dans les années 1920 ?",Suzanne Lenglen,2,Tennis – champions
579,Géographie,Quel sommet des Hautes-Pyrénées porte un célèbre observatoire astronomique ?,Le pic du Midi de Bigorre,2,Montagnes
579,Divertissement,Quelle actrice lance « Atmosphère ! Atmosphère ! Est-ce que j'ai une gueule d'atmosphère ? » dans « Hôtel du Nord » ?,Arletty,2,Répliques cultes
579,Histoire,Quel révolutionnaire surnommé « l'Incorruptible » est guillotiné le 28 juillet 1794 ?,Maximilien de Robespierre,1,Révolution française
579,Arts & Littérature,Quel artiste a présenté en 1917 un urinoir renversé intitulé « Fontaine » ?,Marcel Duchamp,2,Art moderne
579,Sciences & Nature,"Quelle technique de séparation, utilisée pour produire les eaux-de-vie, repose sur les différences de température d'ébullition ?",La distillation,1,Chimie : réactions
579,Sports & Loisirs,"Quel lanceur tchèque a été champion olympique du javelot en 1992, 1996 et 2000 ?",Jan Železný,3,Athlétisme
580,Géographie,"Quel canal chinois, le plus long canal artificiel du monde, relie Pékin à Hangzhou ?",Le Grand Canal,2,Détroits et canaux
580,Divertissement,"Quel chanteur jamaïcain a chanté « No Woman, No Cry » et « Redemption Song » ?",Bob Marley,1,Reggae
580,Histoire,Quelle favorite d'Henri II reçoit du roi le château de Chenonceau ?,Diane de Poitiers,2,Renaissance
580,Arts & Littérature,"Quel peintre italien, célèbre pour ses portraits aux cous allongés, est mort à Paris en 1920 ?",Amedeo Modigliani,2,École de Paris
580,Sciences & Nature,Quel appareil ménager a été inventé après qu'un ingénieur américain eut vu une barre chocolatée fondre près d'un magnétron ?,Le four à micro-ondes,2,Inventeurs
580,Sports & Loisirs,"Que signifie le sigle MMA, désignant un sport de combat légalisé en compétition en France en 2020 ?",Arts martiaux mixtes,2,Arts martiaux
581,Géographie,Dans quelle ville marocaine la mosquée Hassan-II est-elle construite en partie sur l'océan ?,Casablanca,1,Monuments
581,Divertissement,Comment appelle-t-on les androïdes traqués par Rick Deckard dans « Blade Runner » (1982) ?,Les réplicants,2,Science-fiction
581,Histoire,Quel astronaute est devenu en 1962 le premier Américain à effectuer un vol en orbite autour de la Terre ?,John Glenn,3,Conquête spatiale
581,Arts & Littérature,"Au théâtre, comment appelle-t-on la personne qui, cachée, rappelle leur texte aux comédiens ?",Le souffleur,1,Théâtre
581,Sciences & Nature,"Comment appelle-t-on la famille d'éléments comprenant le fluor, le chlore, le brome et l'iode ?",Les halogènes,2,Chimie : éléments
581,Sports & Loisirs,"Quel surnom collectif donnait-on à Lacoste, Borotra, Cochet et Brugnon, vainqueurs de la Coupe Davis de 1927 à 1932 ?",Les Mousquetaires,2,Tennis – champions
582,Géographie,Quelle ville a accueilli les Jeux olympiques d'été de 2008 ?,Pékin,1,Grandes villes
582,Divertissement,"Quel chanteur a interprété « Le Sud », où « c'est un endroit qui ressemble à la Louisiane » ?",Nino Ferrer,2,Paroles célèbres
582,Histoire,Quel nom les Taïnos donnaient-ils à l'île des Bahamas où Colomb débarqua le 12 octobre 1492 ?,Guanahani,3,Péninsule ibérique et découvertes
582,Arts & Littérature,Quel animal donne son nom à une mémoire exceptionnelle ?,L'éléphant,1,Expressions
582,Sciences & Nature,"À quelle grande famille de roches appartient le granite, formé par le refroidissement lent d'un magma en profondeur ?",Les roches magmatiques (plutoniques),2,Géologie
582,Sports & Loisirs,Quel militaire à la couleur jaune fait partie des suspects du Cluedo dans sa version française ?,Le colonel Moutarde,1,Jeux de société
583,Géographie,Quelle ville québécoise a été fondée en 1634 à l'embouchure de la rivière Saint-Maurice ?,Trois-Rivières,3,Québec
583,Divertissement,"Dans « Le Roi Lion » de Disney, comment s'appelle l'oncle traître de Simba ?",Scar,1,Animation
583,Histoire,Quel nom donne-t-on à la dynastie de Clovis ?,Les Mérovingiens,1,Mérovingiens et Carolingiens
583,Arts & Littérature,Quel peintre pointilliste a peint « Un dimanche après-midi à l'île de la Grande Jatte » ?,Georges Seurat,2,Post-impressionnisme
583,Sciences & Nature,À partir de quelle valeur de l'indice de masse corporelle l'OMS parle-t-elle d'obésité ?,30,2,Nutrition
583,Sports & Loisirs,Dans quelle ville l'équipe de France masculine de handball a-t-elle remporté son premier titre olympique ?,Pékin (Beijing),2,Handball – compétitions
584,Géographie,"Quel archipel de l'Atlantique Nord, rattaché au Danemark, a pour capitale Tórshavn ?",Les îles Féroé,3,Îles
584,Divertissement,Quel magicien à la longue barbe guide la Communauté de l'Anneau dans « Le Seigneur des anneaux » ?,Gandalf,1,Sagas
584,Histoire,Quel roi de Babylone fit graver sur une stèle l'un des plus anciens recueils de lois connus ?,Hammurabi,1,Mésopotamie et Proche-Orient
584,Arts & Littérature,"Quelle abbatiale au nord de Paris est considérée comme le berceau de l'art gothique, sous l'abbé Suger ?",La basilique de Saint-Denis,2,Styles architecturaux
584,Sciences & Nature,"Quel conduit, portant le nom d'un anatomiste italien, relie l'oreille moyenne à l'arrière-gorge ?",La trompe d'Eustache,3,Sens : l'ouïe
584,Sports & Loisirs,Quel pays a remporté la Coupe du monde de rugby 2003 en Australie ?,L'Angleterre,1,Rugby – Coupe du monde
585,Géographie,"Dans quelle ville ivoirienne se dresse la basilique Notre-Dame-de-la-Paix, inspirée de Saint-Pierre de Rome ?",Yamoussoukro,2,Monuments
585,Divertissement,Quelle artiste autrichienne barbue a remporté l'Eurovision 2014 avec « Rise Like a Phoenix » ?,Conchita Wurst,2,Eurovision
585,Histoire,"Quel révolutionnaire aurait lancé au bourreau : « Tu montreras ma tête au peuple, elle en vaut la peine » ?",Georges Danton,2,Révolution française
585,Arts & Littérature,Quel mausolée de marbre blanc l'empereur moghol Shah Jahan fit-il bâtir à Agra pour son épouse ?,Le Taj Mahal,1,Architecture
585,Sciences & Nature,Quels gaz utilisés dans les aérosols et les réfrigérateurs ont été bannis par le protocole de Montréal pour protéger l'ozone ?,Les CFC (chlorofluorocarbures),2,Écologie
585,Sports & Loisirs,"Quel fromage savoyard, surnommé « le prince des gruyères », se reconnaît à sa meule au talon concave ?",Le beaufort,3,Fromages
586,Géographie,Quelle est la capitale du Zimbabwe ?,Harare,2,Capitales
586,Divertissement,Quel tueur en série travaille comme expert en traces de sang pour la police de Miami ?,Dexter Morgan,2,Séries américaines
586,Histoire,Quel chef de la Gestapo de Lyon a été jugé et condamné en France en 1987 ?,Klaus Barbie,2,Résistance
586,Arts & Littérature,Quel cheval ailé est né du cou tranché de Méduse ?,Pégase,1,Mythologie grecque
586,Sciences & Nature,Dans quelle ville s'est tenu le Sommet de la Terre de 1992 ?,Rio de Janeiro,2,Écologie
586,Sports & Loisirs,"Au golf, comment appelle-t-on un trou réussi en deux coups de moins que le par ?",Un eagle,2,Golf
587,Géographie,"Quelle ville yéménite, perchée à plus de 2 000 mètres, est célèbre pour ses maisons-tours décorées de blanc ?",Sanaa,2,Villes
587,Divertissement,"Quelle radio française avait lancé la plateforme de blogs « Skyblog », très populaire chez les adolescents ?",Skyrock,2,Internet
587,Histoire,"Quel pays accède à l'indépendance le 15 août 1947, un jour après le Pakistan ?",L'Inde,1,Décolonisation
587,Arts & Littérature,"Chez Alphonse Daudet, comment s'appelle la chèvre de monsieur Seguin qui se bat toute la nuit contre le loup ?",Blanquette,2,Contes
587,Sciences & Nature,"Quel organite cellulaire, qui porte le nom d'un savant italien, modifie et emballe les protéines ?",L'appareil de Golgi,2,Cellule
587,Sports & Loisirs,Quelle règle sanctionne un attaquant placé plus près du but adverse que l'avant-dernier défenseur au moment de la passe ?,Le hors-jeu,1,Football – règles
588,Géographie,Quel pays est traversé du nord au sud par l'Indus sur l'essentiel de son cours ?,Le Pakistan,2,Asie
588,Divertissement,Quelle chanteuse américaine est surnommée la « Reine de la soul » ?,Aretha Franklin,1,Soul
588,Histoire,"Quel roi de France, surnommé « l'universelle aragne », régna de 1461 à 1483 ?",Louis XI,2,Fin du Moyen Âge en France
588,Arts & Littérature,"Quel écrivain toscan du XIVe siècle a écrit « Le Décaméron », cent nouvelles racontées pendant une épidémie de peste ?",Boccace,2,Littérature italienne
588,Sciences & Nature,Comment appelle-t-on le fruit du hêtre ?,La faine,2,Arbres
588,Sports & Loisirs,Sous quel nom le boxeur Cassius Clay est-il entré dans la légende après sa conversion à l'islam ?,Mohamed Ali,1,Boxe
589,Géographie,Quelle est la capitale de la Namibie ?,Windhoek,3,Capitales
589,Divertissement,De quel pays est originaire le groupe ABBA ?,La Suède,1,Pop européenne
589,Histoire,Quel « roi des Français » règne de 1830 à 1848 ?,Louis-Philippe Ier,1,Monarchie de Juillet
589,Arts & Littérature,Sur quelle ville « il pleuvait sans cesse » dans le poème « Barbara » de Prévert ?,Brest,2,Poésie
589,Sciences & Nature,"Quel mot, inventé par Richard Dawkins en 1976, désigne une unité d'information culturelle qui se propage par imitation ?",Le mème,2,Évolution
589,Sports & Loisirs,Comment appelle-t-on en français le mat en quatre coups qui attaque la case f7 avec la dame et le fou ?,Le coup du berger,2,Échecs
590,Géographie,Quelle ville est la préfecture du département du Bas-Rhin ?,Strasbourg,1,Préfectures
590,Divertissement,Quel auteur belge a créé la série « Blake et Mortimer » ?,Edgar P. Jacobs,2,BD franco-belge
590,Histoire,"Quel roi de France créa en 1445 les compagnies d'ordonnance, première armée permanente ?",Charles VII,3,Guerre de Cent Ans
590,Arts & Littérature,Quel luthier de Crémone a laissé son nom latinisé aux violons les plus prestigieux ?,Stradivarius (Antonio Stradivari),1,Instruments
590,Sciences & Nature,Quel robot de la NASA s'est posé sur Mars en 2021 avec le petit hélicoptère Ingenuity ?,Perseverance,2,Espace : missions
590,Sports & Loisirs,Quel Néerlandais a donné son nom à un célèbre crochet exécuté lors de la Coupe du monde 1974 ?,Johan Cruyff,2,Football – champions
591,Géographie,Quel massif préalpin entre Grenoble et Chambéry a donné son nom à une liqueur fabriquée par des moines ?,La Chartreuse,2,Montagnes
591,Divertissement,Quel réalisateur américain a signé « Beetlejuice » (1988) et « Edward aux mains d'argent » (1990) ?,Tim Burton,2,Réalisateurs
591,Histoire,Quelle navette spatiale américaine a explosé peu après son décollage en janvier 1986 ?,Challenger,2,Conquête spatiale
591,Arts & Littérature,Quel dramaturge a écrit « Le Bourgeois gentilhomme » ?,Molière,1,Théâtre
591,Sciences & Nature,Quelle théorie de Stephen Jay Gould et Niles Eldredge décrit une évolution faite de longues stabilités et de brusques changements ?,Les équilibres ponctués,3,Évolution
591,Sports & Loisirs,Quelle entreprise danoise a breveté en 1958 sa célèbre brique en plastique à tenons et tubes ?,Lego,1,Jouets
592,Géographie,Quelle pagode dorée de Rangoun est le lieu le plus sacré du bouddhisme birman ?,La pagode Shwedagon,3,Monuments et sites
592,Divertissement,Dans quel pays se déroule l'histoire des « Lacs du Connemara » de Michel Sardou ?,L'Irlande,1,Paroles célèbres
592,Histoire,Quel pape d'origine polonaise a été élu en 1978 ?,Jean-Paul II,1,Personnalités
592,Arts & Littérature,"Quel écrivain, tué au front en 1914, a écrit « Le Grand Meaulnes » ?",Alain-Fournier,2,Auteurs
592,Sciences & Nature,"Quelle substance, la plus dure du corps humain, recouvre la couronne des dents ?",L'émail,1,Dents
592,Sports & Loisirs,Quelle ville de l'Aude se proclame « capitale mondiale du cassoulet » ?,Castelnaudary,3,Cuisine régionale
593,Géographie,"Comment appelle-t-on les hauts plateaux calcaires du sud du Massif central, comme le Méjean ou le Larzac ?",Les Causses,2,Montagnes
593,Divertissement,Quel mangaka a créé « One Piece » ?,Eiichirō Oda,2,Mangas
593,Histoire,"Quel roi, élu en 987, a fondé la dynastie dont les descendants directs régnèrent sur la France jusqu'en 1328 ?",Hugues Capet,1,Capétiens
593,Arts & Littérature,Sous quel pseudonyme Gaspard-Félix Tournachon a-t-il photographié Baudelaire et Sarah Bernhardt ?,Nadar,2,Photographie
593,Sciences & Nature,"Quel élément, découvert par les Curie en 1898, doit son nom au mot latin signifiant « rayon » ?",Le radium,2,Chimie : éléments
593,Sports & Loisirs,"Quel jeu de cartes à collectionner, créé en 1993 par Richard Garfield, oppose des duels de magiciens ?",Magic : l'Assemblée,2,Jeux de cartes
594,Géographie,Quelle capitale scandinave est bâtie sur quatorze îles entre le lac Mälar et la Baltique ?,Stockholm,2,Capitales
594,Divertissement,Comment s'appelle la planète désertique où l'on récolte l'Épice dans « Dune » ?,Arrakis,2,Science-fiction
594,Histoire,Comment appelle-t-on la guerre qui ravage le Saint-Empire de 1618 à 1648 ?,La guerre de Trente Ans,1,Guerre de Trente Ans
594,Arts & Littérature,"Quel écrivain nigérian a publié en 1958 « Le monde s'effondre », classique de la littérature africaine ?",Chinua Achebe,3,Littérature africaine
594,Sciences & Nature,Quel mammifère d'Amérique du Sud vit suspendu la tête en bas dans les arbres et se déplace avec une extrême lenteur ?,Le paresseux,1,Mammifères
594,Sports & Loisirs,"Au football américain, combien de points rapporte un touchdown, avant la transformation ?",Six,2,Vocabulaire et règles
595,Géographie,Quelle est la capitale de la Guinée ?,Conakry,2,Capitales
595,Divertissement,Quelle chanson de Charles Aznavour évoque « un temps que les moins de vingt ans ne peuvent pas connaître » ?,La Bohème,1,Paroles célèbres
595,Histoire,Quel Français a présidé la Commission européenne de 1985 à 1995 ?,Jacques Delors,2,Construction européenne
595,Arts & Littérature,Quel artiste américain a photographié Kiki de Montparnasse en « Violon d'Ingres » en 1924 ?,Man Ray,2,Photographie
595,Sciences & Nature,Comment appelle-t-on le petit du chameau ?,Le chamelon,2,Noms des petits
595,Sports & Loisirs,"Que signifie l'expression danoise « leg godt », à l'origine du nom Lego ?",« Joue bien »,2,Jouets
596,Géographie,Quel pays a pour drapeau un fond rouge frappé d'une étoile verte à cinq branches ?,Le Maroc,2,Drapeaux
596,Divertissement,"Quel groupe des frères Gibb signe les tubes de « La Fièvre du samedi soir », dont « Stayin' Alive » ?",Les Bee Gees,2,Musiques de films
596,Histoire,"Quel homme d'État britannique a dénoncé en 1946, à Fulton, un « rideau de fer » tombé sur l'Europe ?",Winston Churchill,1,Guerre froide
596,Arts & Littérature,Quel compositeur baroque a écrit le « Te Deum » dont le prélude sert d'indicatif à l'Eurovision ?,Marc-Antoine Charpentier,2,Musique baroque
596,Sciences & Nature,Quel animal a été réintroduit dans les Pyrénées à partir de 1996 avec des individus venus de Slovénie ?,L'ours brun,2,Écologie
596,Sports & Loisirs,Quel sport de glisse se pratique debout sur une planche munie d'une voile que l'on tient par un wishbone ?,La planche à voile,1,Voile
597,Géographie,"Quelle ville belge, sur l'Escaut, abrite l'un des plus grands ports d'Europe et un célèbre quartier diamantaire ?",Anvers,1,Belgique
597,Divertissement,"Quel génie du crime, surnommé « le Napoléon du crime », est l'ennemi juré de Sherlock Holmes ?",Le professeur Moriarty,2,Personnages de fiction
597,Histoire,Quel empereur accorda en 212 la citoyenneté romaine à tous les hommes libres de l'Empire ?,Caracalla,3,Rome antique
597,Arts & Littérature,Quelles créatures de la mythologie grecque attiraient les marins vers les récifs par leur chant ?,Les Sirènes,1,Mythologie grecque
597,Sciences & Nature,Quelle enzyme de l'estomac commence la digestion des protéines ?,La pepsine,3,Nutrition
597,Sports & Loisirs,Comment nomme-t-on l'action d'arroser un plat d'alcool chaud puis de l'enflammer ?,Flamber,1,Vocabulaire culinaire
598,Géographie,"Quel site d'Irlande du Nord, formé de milliers de colonnes de basalte, serait l'œuvre du géant Finn McCool selon la légende ?",La Chaussée des Géants,2,Sites célèbres
598,Divertissement,Quels deux rappeurs américains rivaux ont été assassinés en 1996 et en 1997 ?,Tupac et The Notorious B.I.G.,2,Rap américain
598,Histoire,"Quel maréchal de Napoléon, surnommé « le Brave des braves », est fusillé en décembre 1815 ?",Michel Ney,2,Napoléon
598,Arts & Littérature,Quelle autrice britannique a créé le jeune sorcier Harry Potter ?,J. K. Rowling,1,Littérature anglaise
598,Sciences & Nature,Quel gaz a pour formule O₃ ?,L'ozone,2,Chimie : molécules
598,Sports & Loisirs,"Comment appelait-on les ouvriers tisserands de la soie lyonnaise, célèbres pour leur révolte de 1831 ?",Les canuts,2,Mode
599,Géographie,Quelle est la capitale de la Slovaquie ?,Bratislava,1,Capitales
599,Divertissement,Dans quelle ville fictive se déroule le feuilleton « Les Feux de l'amour » ?,Genoa City,3,Séries américaines
599,Histoire,Quel peuple anatolien de l'âge du bronze avait pour capitale Hattusa ?,Les Hittites,2,Mésopotamie et Proche-Orient
599,Arts & Littérature,Quelle romancière anglaise a écrit « Orgueil et Préjugés » ?,Jane Austen,1,Littérature anglaise
599,Sciences & Nature,Comment appelle-t-on les micro-organismes vivants consommés pour leurs bienfaits sur la flore intestinale ?,Les probiotiques,2,Nutrition
599,Sports & Loisirs,Quelle boisson le vainqueur des 500 miles d'Indianapolis boit-il traditionnellement sur le podium ?,Du lait,2,Sports mécaniques
600,Géographie,Quel temple de Pékin accueillait l'empereur venu prier pour de bonnes récoltes ?,Le Temple du Ciel,2,Monuments et sites
600,Divertissement,"Quel film Disney de 1940 marie animation et musique classique, avec Mickey en apprenti sorcier ?",Fantasia,2,Animation
600,Histoire,Quel leader étudiant de Mai 68 était surnommé « Dany le Rouge » ?,Daniel Cohn-Bendit,1,Mai 68
600,Arts & Littérature,Quel texte sacré inclus dans le Mahabharata rapporte le dialogue entre Krishna et le guerrier Arjuna ?,La Bhagavad-Gita,3,Épopées d'Asie
600,Sciences & Nature,Quel est le plus grand animal connu ayant jamais vécu sur Terre ?,La baleine bleue,1,Mammifères
600,Sports & Loisirs,Quel vin primeur est traditionnellement mis en vente le troisième jeudi de novembre ?,Le beaujolais nouveau,1,Vins
601,Géographie,Dans quelle ville néerlandaise siège la Cour internationale de justice ?,La Haye,2,Villes
601,Divertissement,"Quel chanteur, ancien membre de la Sexion d'Assaut, a connu le succès avec « Bella » en 2013 ?",Maître Gims (Gims),2,Rap français
601,Histoire,Quelle ville romaine de Campanie fut ensevelie avec Herculanum par l'éruption du Vésuve en 79 ?,Pompéi,1,Rome antique
601,Arts & Littérature,Quel roman de Thomas Mann se déroule dans un sanatorium de Davos ?,La Montagne magique,2,Littérature allemande
601,Sciences & Nature,"Quel organe a été le premier greffé avec succès, en 1954 à Boston, entre deux jumeaux ?",Le rein,2,Chirurgie
601,Sports & Loisirs,"Sous quel autre nom connaît-on la boxe française, qui autorise les coups de pied ?",La savate,2,Arts martiaux
602,Géographie,Quelle ville du Vaucluse est surnommée « la Cité des Papes » ?,Avignon,1,Villes
602,Divertissement,Quelle comédie de Claude Zidi (1984) met en scène Philippe Noiret et Thierry Lhermitte en policiers corrompus ?,Les Ripoux,2,Comédies françaises
602,Histoire,Quelle bataille de 507 vit Clovis vaincre les Wisigoths d'Alaric II ?,Vouillé,3,Mérovingiens et Carolingiens
602,Arts & Littérature,Quel passage de la Neuvième symphonie de Beethoven a été adopté comme hymne européen ?,L'Ode à la joie,1,Œuvres
602,Sciences & Nature,Quelle unité de charge électrique porte le nom d'un physicien français qui a étudié les forces électrostatiques ?,Le coulomb,2,Unités et mesures
602,Sports & Loisirs,Comment appelle-t-on le professionnel chargé de conseiller et de servir les vins dans un restaurant ?,Le sommelier,1,Vins
603,Géographie,Quel est le point culminant de la Suisse ?,La pointe Dufour,3,Suisse
603,Divertissement,"Quel réalisateur américain a signé « Pulp Fiction », Palme d'or en 1994 ?",Quentin Tarantino,1,Réalisateurs
603,Histoire,Quel marquis français devient major général de l'armée de Washington à seulement 19 ans ?,La Fayette,1,Indépendance américaine
603,Arts & Littérature,Quel est le véritable nom de famille de Louis-Ferdinand Céline ?,Destouches,3,Auteurs
603,Sciences & Nature,Quel rayonnement invisible émis par le Soleil est responsable des coups de soleil ?,Les ultraviolets (UV),1,Physique
603,Sports & Loisirs,Comment appelle-t-on la récupération du ballon après un tir manqué ?,Un rebond,1,Basket – vocabulaire
604,Géographie,Quelle chute d'eau proche de Québec est plus haute que les chutes du Niagara ?,La chute Montmorency,2,Québec
604,Divertissement,"Quel chanteur, complice d'Alain Souchon, a chanté « Rockollection » en 1977 ?",Laurent Voulzy,1,Variété française
604,Histoire,Quelle spationaute est devenue en 1996 la première Française à aller dans l'espace ?,Claudie André-Deshays (Haigneré),3,Conquête spatiale
604,Arts & Littérature,Quel musicien descendit aux Enfers pour ramener son épouse Eurydice ?,Orphée,1,Mythologie grecque
604,Sciences & Nature,"Quel pays a réussi en août 2023 le premier alunissage près du pôle Sud lunaire, avec la mission Chandrayaan-3 ?",L'Inde,2,Espace : missions
604,Sports & Loisirs,"Quelle célèbre course d'ultra-trail, dont le départ et l'arrivée ont lieu à Chamonix, fait le tour d'un massif alpin ?",L'UTMB (Ultra-Trail du Mont-Blanc),2,Athlétisme
605,Géographie,"Quel sommet, point culminant de la Grèce, était la demeure des dieux dans la mythologie ?",Le mont Olympe,1,Montagnes
605,Divertissement,Quel agent britannique au chapeau melon et au parapluie faisait équipe avec Emma Peel ?,John Steed,3,Séries britanniques
605,Histoire,Quelle bataille de 1866 voit la victoire décisive de la Prusse sur l'Autriche ?,Sadowa,2,Unité allemande
605,Arts & Littérature,Quel romancier anglais a créé les personnages d'Oliver Twist et de David Copperfield ?,Charles Dickens,1,Littérature anglaise
605,Sciences & Nature,Quel chimiste russe a publié en 1869 le tableau périodique des éléments qui l'a rendu célèbre ?,Dmitri Mendeleïev,1,Chimie : éléments
605,Sports & Loisirs,Quel Argentin a remporté Roland-Garros en 2004 face à son compatriote Guillermo Coria ?,Gastón Gaudio,3,Tennis – champions
606,Géographie,"Quel territoire britannique, célèbre pour son rocher peuplé de singes magots, se trouve à la pointe sud de l'Espagne ?",Gibraltar,1,Territoires
606,Divertissement,Quel studio d'animation japonais Hayao Miyazaki a-t-il cofondé en 1985 ?,Le studio Ghibli,2,Animation
606,Histoire,Quel petit-fils de Louis XIV monte sur le trône d'Espagne en 1700 ?,Philippe V (duc d'Anjou),2,Louis XIV
606,Arts & Littérature,"Quel roman d'Émile Ajar, narré par le petit Momo, a obtenu le prix Goncourt en 1975 ?",La Vie devant soi,2,Prix Goncourt
606,Sciences & Nature,Quelle théorie de Leon Festinger (1957) décrit le malaise ressenti face à des croyances ou actes contradictoires ?,La dissonance cognitive,2,Psychologie
606,Sports & Loisirs,Quelle ville américaine organise depuis 1897 le plus ancien marathon annuel du monde ?,Boston,2,Athlétisme
607,Géographie,Quel parallèle a servi de ligne de partage entre les deux Corées en 1945 ?,Le 38e parallèle,2,Asie
607,Divertissement,Quel geste fait Samantha pour lancer un sort dans « Ma sorcière bien-aimée » ?,Elle remue le nez,2,Sitcoms
607,Histoire,Quel roi des Francs fut baptisé à Reims par l'évêque Remi ?,Clovis,1,Mérovingiens et Carolingiens
607,Arts & Littérature,"Quel roman de Jonathan Littell, narré par un officier SS, a obtenu le prix Goncourt en 2006 ?",Les Bienveillantes,3,Prix Goncourt
607,Sciences & Nature,"Dans quel pays le système métrique a-t-il été créé, sous la Révolution ?",La France,1,Unités et mesures
607,Sports & Loisirs,"Quel pays africain a battu la France, tenante du titre, lors du match d'ouverture de la Coupe du monde 2002 ?",Le Sénégal,2,Football – Coupe du monde
608,Géographie,Quelle cité antique de Libye est la ville natale de l'empereur romain Septime Sévère ?,Leptis Magna,3,Monuments
608,Divertissement,Quel chat orange de bande dessinée adore les lasagnes et déteste les lundis ?,Garfield,1,Comics
608,Histoire,Quel monument égyptien se dresse place de la Concorde à Paris depuis 1836 ?,L'obélisque de Louxor,1,Égypte ancienne
608,Arts & Littérature,Quel architecte italien a conçu le Centre Pompidou avec Richard Rogers ?,Renzo Piano,2,Architectes
608,Sciences & Nature,Quelle organisation internationale publie la Liste rouge des espèces menacées ?,L'UICN,2,Écologie
608,Sports & Loisirs,"Quel fromage néerlandais en forme de boule, enrobé de cire rouge, porte le nom d'une ville au nord d'Amsterdam ?",L'édam,2,Fromages
609,Géographie,Quel massif montagneux du Sahara algérien a pour ville principale Tamanrasset ?,Le Hoggar,2,Montagnes
609,Divertissement,Quelle chanteuse a remporté l'Eurovision 1977 pour la France avec « L'Oiseau et l'Enfant » ?,Marie Myriam,2,Eurovision
609,Histoire,Quel recueil de lois publié en 1804 est aussi appelé Code Napoléon ?,Le Code civil,1,Consulat
609,Arts & Littérature,Quelle photographe américaine a pris en 1936 le cliché « Migrant Mother » pendant la Grande Dépression ?,Dorothea Lange,3,Photographie
609,Sciences & Nature,"Quel tendon, portant le nom d'un héros grec, relie le mollet au talon ?",Le tendon d'Achille,1,Muscles
609,Sports & Loisirs,"Selon la légende, dans quelle école anglaise le rugby serait-il né en 1823 ?",Rugby School,2,Rugby – histoire
610,Géographie,Quel détroit sépare l'Asie de l'Amérique ?,Le détroit de Béring,1,Détroits et canaux
610,Divertissement,Par quelle lettre est désigné l'inventeur des gadgets de James Bond ?,Q,2,James Bond
610,Histoire,"Quel royaume nubien avait pour capitale Méroé, célèbre pour ses nombreuses pyramides ?",Le royaume de Koush,3,Amériques et Afrique antiques
610,Arts & Littérature,"Quel poète a écrit « Le Dormeur du val », où un jeune soldat semble dormir dans l'herbe ?",Arthur Rimbaud,1,Poésie
610,Sciences & Nature,"Quel savant français a conçu à 19 ans une machine à calculer pour aider son père, collecteur d'impôts ?",Blaise Pascal,2,Informatique
610,Sports & Loisirs,"En Formule 1, que signale aux pilotes l'agitation d'un drapeau jaune ?",Un danger (dépassement interdit),2,Sports mécaniques
611,Géographie,"Quelle ville égyptienne, l'antique Thèbes, abrite le temple de Karnak ?",Louxor,2,Villes
611,Divertissement,Quel jeu pour smartphone a lancé en 2016 une chasse aux Pokémon en réalité augmentée dans les rues ?,Pokémon Go,1,Jeux vidéo
611,Histoire,Quelle bataille meurtrière de 1859 inspire à Henri Dunant la création de la Croix-Rouge ?,Solférino,2,Second Empire
611,Arts & Littérature,Quel philosophe allemand soutenait que nous vivons dans « le meilleur des mondes possibles » ?,Gottfried Wilhelm Leibniz,2,Philosophie moderne
611,Sciences & Nature,"Quel mathématicien français, mort en duel à 20 ans en 1832, est à l'origine de la théorie des groupes ?",Évariste Galois,2,Mathématiques
611,Sports & Loisirs,Quel surnom porte l'équipe d'Australie de rugby ?,Les Wallabies,1,Rugby – sélections
612,Géographie,Comment appelle-t-on le point de l'orbite terrestre le plus proche du Soleil ?,Le périhélie,3,Fuseaux et latitudes
612,Divertissement,"Quel pas de danse, popularisé par Michael Jackson en 1983, donne l'illusion de marcher vers l'avant tout en reculant ?",Le moonwalk,1,Pop américaine
612,Histoire,Au cours de quelle nuit de 1789 l'Assemblée abolit-elle les privilèges ?,La nuit du 4 août,1,Révolution française
612,Arts & Littérature,Quel romancier américain du Sud a écrit « Le Bruit et la Fureur » ?,William Faulkner,2,Littérature américaine
612,Sciences & Nature,"Comment appelle-t-on la zone de la rétine dépourvue de photorécepteurs, là où naît le nerf optique ?",La tache aveugle,2,Sens : la vue
612,Sports & Loisirs,Quelle sélection nationale joue en orange et est surnommée « Oranje » ?,Les Pays-Bas,1,Football – sélections
613,Géographie,Quel massif montagneux du sud-ouest de l'Allemagne a donné son nom à un célèbre gâteau au chocolat et aux cerises ?,La Forêt-Noire,1,Montagnes
613,Divertissement,Quel batteur a remplacé Pete Best au sein des Beatles en 1962 ?,Ringo Starr,2,Pop-rock britannique
613,Histoire,Quelle organisation armée clandestine luttait par la violence contre l'indépendance de l'Algérie à partir de 1961 ?,L'OAS,2,Guerre d'Algérie
613,Arts & Littérature,"Sur quel nombre est-on, selon l'expression, quand on s'est habillé de façon très élégante ?",Trente et un,2,Expressions
613,Sciences & Nature,Quels prénoms portaient les deux tempêtes qui ont dévasté la France fin décembre 1999 ?,Lothar et Martin,3,Météorologie
613,Sports & Loisirs,Combien de cases compte un échiquier ?,64,1,Échecs
614,Géographie,Quelle ville surnommée « le port de la Lune » est inscrite à l'UNESCO depuis 2007 ?,Bordeaux,2,Patrimoine UNESCO
614,Divertissement,Quel groupe punk britannique a provoqué un scandale avec « God Save the Queen » en 1977 ?,Sex Pistols,2,Punk
614,Histoire,"Comment appelle-t-on la longue retraite de l'armée communiste chinoise en 1934-1935, qui fit la légende de Mao ?",La Longue Marche,1,Chine
614,Arts & Littérature,"Quel écrivain allemand a publié en 1985 « Le Parfum », histoire d'un meurtrier doté d'un odorat exceptionnel ?",Patrick Süskind,2,Littérature allemande
614,Sciences & Nature,Quelle plante des Seychelles produit la plus grosse graine du monde végétal ?,Le coco de mer (coco fesse),3,Plantes
614,Sports & Loisirs,De quelle couleur est le maillot du leader du classement général du Tour de France ?,Jaune,1,Cyclisme – Tour de France
615,Géographie,Quelle forêt bretonne est associée aux légendes de Merlin et de la fée Viviane ?,La forêt de Brocéliande,1,Sites naturels
615,Divertissement,Quel acteur britannique tient le rôle-titre de « Lawrence d'Arabie » (1962) ?,Peter O'Toole,3,Acteurs
615,Histoire,"Quelle arme incendiaire, projetée sur les navires ennemis, était le secret des Byzantins ?",Le feu grégeois,2,Byzance
615,Arts & Littérature,"Quel peintre a réalisé « Guernica » en 1937, en réaction au bombardement d'une ville basque ?",Pablo Picasso,1,Tableaux célèbres
615,Sciences & Nature,"Quel est le nerf le plus long et le plus gros du corps humain, qui descend dans la jambe ?",Le nerf sciatique,2,Cerveau et nerfs
615,Sports & Loisirs,Quelle ville de l'Isère a accueilli les Jeux olympiques d'hiver de 1968 ?,Grenoble,1,Villes olympiques
616,Géographie,Quel monument offert par la France fut inauguré en 1886 à l'entrée du port de New York ?,La statue de la Liberté,1,Monuments et sites
616,Divertissement,Quelle accordéoniste aux cheveux flamboyants a suivi la caravane du Tour de France dans les années 1950 ?,Yvette Horner,2,Célébrités de la musique
616,Histoire,Quel dernier vice-roi des Indes a supervisé le partage de l'Inde britannique en 1947 ?,Lord Mountbatten,3,Décolonisation
616,Arts & Littérature,Quel roi de Corinthe est condamné aux Enfers à pousser éternellement un rocher qui retombe sans cesse ?,Sisyphe,1,Mythologie grecque
616,Sciences & Nature,Quel sucre entre dans la composition de l'ADN et lui donne une partie de son nom ?,Le désoxyribose,3,Génétique
616,Sports & Loisirs,Quel gardien de but était le capitaine de l'équipe de France championne du monde en 2018 ?,Hugo Lloris,1,Football – équipe de France
617,Géographie,Sur quelle île au large de Cannes l'homme au masque de fer fut-il emprisonné ?,L'île Sainte-Marguerite,3,Îles
617,Divertissement,"Quelle console portable de Nintendo, sortie en 1989, a rendu Tetris célèbre dans le monde entier ?",La Game Boy,1,Jeux vidéo
617,Histoire,Quelle bataille navale de 480 av. J.-C. vit la flotte grecque écraser celle des Perses près d'Athènes ?,Salamine,2,Grèce antique
617,Arts & Littérature,Quelle danse brésilienne à deux temps est reine du carnaval de Rio ?,La samba,1,Danse
617,Sciences & Nature,Quel crustacé protège son abdomen mou en s'installant dans une coquille vide ?,Le bernard-l'ermite,1,Poissons et animaux marins
617,Sports & Loisirs,Quelle tourte au poulpe épicée est la spécialité de la ville de Sète ?,La tielle,3,Cuisine régionale
618,Géographie,Dans quelle région grecque se trouvent les monastères perchés des Météores ?,La Thessalie,3,Sites célèbres
618,Divertissement,Quel acteur a incarné le commissaire Navarro dans la série de TF1 ?,Roger Hanin,1,Séries françaises
618,Histoire,Quelle fille de chef amérindien de Virginie épouse le colon anglais John Rolfe en 1614 ?,Pocahontas,1,Amérique du Nord
618,Arts & Littérature,Quel écrivain a refusé le prix Goncourt 1951 attribué au « Rivage des Syrtes » ?,Julien Gracq,3,Prix Goncourt
618,Sciences & Nature,Quel poisson orange et blanc vit en symbiose avec les anémones de mer ?,Le poisson-clown,1,Poissons et animaux marins
618,Sports & Loisirs,Quelle couturière française a lancé en 1926 la célèbre « petite robe noire » ?,Coco Chanel,1,Mode
619,Géographie,Comment s'appelle l'estuaire formé par la réunion de la Garonne et de la Dordogne ?,La Gironde,1,Fleuves et rivières
619,Divertissement,Quel chanteur de la Motown a sorti l'album « What's Going On » en 1971 ?,Marvin Gaye,2,Soul
619,Histoire,Quel prince de Novgorod vainquit les chevaliers Teutoniques sur le lac gelé Peïpous en 1242 ?,Alexandre Nevski,3,Saint-Empire et Europe centrale
619,Arts & Littérature,Comment s'appelle le fidèle valet de Phileas Fogg ?,Passepartout,1,Personnages
619,Sciences & Nature,"Quel astronome danois, qui portait un nez postiche en métal, a réalisé des observations très précises sans télescope ?",Tycho Brahe,3,Astronomie : histoire
619,Sports & Loisirs,Quelles sont les trois disciplines enchaînées lors d'un triathlon ?,"Natation, vélo, course à pied",1,Vocabulaire et règles
620,Géographie,Quelle ville tunisienne abrite un immense amphithéâtre romain parmi les mieux conservés au monde ?,El Jem,3,Monuments
620,Divertissement,Quelle actrice incarnait Rachel Green dans « Friends » ?,Jennifer Aniston,1,Sitcoms
620,Histoire,"Dans quel village de Haute-Marne se trouve La Boisserie, la demeure du général de Gaulle ?",Colombey-les-Deux-Églises,1,Ve République
620,Arts & Littérature,Quel sculpteur florentin a réalisé les « Portes du Paradis » du baptistère de Florence ?,Lorenzo Ghiberti,3,Sculpture
620,Sciences & Nature,Comment s'appelle l'alignement d'environ quatre-vingts volcans endormis qui domine Clermont-Ferrand ?,La chaîne des Puys,1,Géologie
620,Sports & Loisirs,Quelle station balnéaire russe des bords de la mer Noire a accueilli les Jeux olympiques d'hiver de 2014 ?,Sotchi,1,Villes olympiques
621,Géographie,"Quel détroit, dont le nom arabe signifie « porte des lamentations », relie la mer Rouge au golfe d'Aden ?",Le détroit de Bab-el-Mandeb,3,Détroits et canaux
621,Divertissement,"Quelle série courte de France 2 mettait en scène Chouchou et Loulou, joués par Jean Dujardin et Alexandra Lamy ?","Un gars, une fille",1,Séries françaises
621,Histoire,Quel traité européen a été rejeté par référendum par les Français et les Néerlandais en 2005 ?,Le traité constitutionnel européen,2,Construction européenne
621,Arts & Littérature,Quel est le véritable nom de Molière ?,Jean-Baptiste Poquelin,1,Théâtre
621,Sciences & Nature,"Quels deux préfixes, adoptés en 2022, désignent 10 puissance 27 et 10 puissance 30 ?",Ronna et quetta,3,Unités et mesures
621,Sports & Loisirs,"Quel plat du Sud-Ouest fait mijoter haricots blancs, confit de canard et saucisse dans une terrine en terre cuite ?",Le cassoulet,1,Cuisine régionale
622,Géographie,Quel fleuve traverse Bagdad ?,Le Tigre,2,Fleuves
622,Divertissement,Quel animateur a présenté « Le Juste Prix » sur TF1 de 1988 à 2001 ?,Philippe Risoli,2,Animateurs
622,Histoire,"Quel Premier ministre, nommé en 1988, a fait créer le revenu minimum d'insertion (RMI) ?",Michel Rocard,2,Ve République
622,Arts & Littérature,Quel pays peuplé d'habitants minuscules Gulliver découvre-t-il lors de son premier voyage ?,Lilliput,1,Littérature anglaise
622,Sciences & Nature,"Quel physicien italien a réalisé la première réaction nucléaire en chaîne contrôlée, à Chicago en 1942 ?",Enrico Fermi,3,Physique
622,Sports & Loisirs,"Au golf, comment appelle-t-on un trou réussi en un coup de moins que le par ?",Un birdie,1,Golf
623,Géographie,"Après le Vatican, quel est le plus petit État souverain du monde ?",Monaco,1,Monaco
623,Divertissement,Quel titre de Bruce Springsteen de 1984 est souvent pris à tort pour un chant patriotique ?,Born in the U.S.A.,2,Rock
623,Histoire,"Quelle ville, dernière grande place forte des croisés en Terre sainte, tomba en 1291 ?",Saint-Jean-d'Acre,3,Croisades
623,Arts & Littérature,Quel roi de Phrygie changeait en or tout ce qu'il touchait ?,Midas,1,Mythologie grecque
623,Sciences & Nature,Quelle division cellulaire donne deux cellules filles génétiquement identiques ?,La mitose,1,Cellule
623,Sports & Loisirs,Quelle boxeuse française a été sacrée championne olympique des poids légers aux Jeux de Rio en 2016 ?,Estelle Mossely,3,Boxe
624,Géographie,"Quelle île du Yémen, au large de la Corne de l'Afrique, est célèbre pour ses dragonniers en forme de parapluie ?",Socotra,3,Îles
624,Divertissement,Dans quel film musical de 1978 John Travolta et Olivia Newton-John chantent-ils « You're the One That I Want » ?,Grease,1,Films musicaux
624,Histoire,"Quel roi de France, dernier frère de Louis XVI, est renversé en 1830 ?",Charles X,1,Restauration
624,Arts & Littérature,Comment appelle-t-on la méthode de Socrate qui consiste à faire « accoucher » les esprits de la vérité ?,La maïeutique,2,Philosophie antique
624,Sciences & Nature,Comment appelle-t-on une source chaude qui projette par intermittence une colonne d'eau et de vapeur ?,Un geyser,1,Géologie
624,Sports & Loisirs,À quelle distance du panier se situe la ligne à trois points selon les règles FIBA ?,"6,75 m",3,Basket – règles
625,Géographie,"Quelle rivière, affluent de la Moselle, traverse Nancy ?",La Meurthe,3,Fleuves et rivières
625,Divertissement,Quelle chanteuse avait 14 ans lors du succès de « Joe le taxi » en 1987 ?,Vanessa Paradis,1,Variété française
625,Histoire,Quel président américain a lancé « Ich bin ein Berliner » lors d'un discours à Berlin-Ouest en 1963 ?,John F. Kennedy,1,Guerre froide
625,Arts & Littérature,Quel peintre de la Renaissance a représenté Platon et Aristote au centre de « L'École d'Athènes » ?,Raphaël,2,Renaissance
625,Sciences & Nature,"Quel surnom, signifiant « espoir de vie » en langue goran, a reçu le crâne d'hominidé de 7 millions d'années découvert au Tchad en 2001 ?",Toumaï,2,Évolution
625,Sports & Loisirs,Quel vêtement est remis au vainqueur du Masters d'Augusta ?,Une veste verte,2,Golf
626,Géographie,Dans quelle ville indienne se trouve le Taj Mahal ?,Agra,1,Grandes villes
626,Divertissement,Comment s'appelle le chien du « Manège enchanté » ?,Pollux,3,Émissions jeunesse
626,Histoire,"Quel ministre de la Police de Napoléon, ancien conventionnel régicide, est réputé pour son art de trahir ?",Joseph Fouché,2,Napoléon
626,Arts & Littérature,Comment s'appelle la plaque sur laquelle le peintre dispose et mélange ses couleurs ?,La palette,1,Techniques
626,Sciences & Nature,Quelles cellules immunitaires le VIH attaque-t-il en priorité ?,Les lymphocytes T CD4,3,Maladies
626,Sports & Loisirs,Comment appelle-t-on un voilier composé de deux coques reliées entre elles ?,Un catamaran,1,Voile
627,Géographie,Quelle est la capitale du Tchad ?,N'Djaména,2,Capitales
627,Divertissement,"Quel concours de chansons, organisé par l'Union européenne de radio-télévision, existe depuis 1956 ?",L'Eurovision,1,Eurovision
627,Histoire,Quel mode de scrutin est instauré en France en mars 1848 pour tous les hommes majeurs ?,Le suffrage universel masculin,2,IIe République
627,Arts & Littérature,Quel compositeur allemand a écrit les « Danses hongroises » et une célèbre « Berceuse » ?,Johannes Brahms,2,Compositeurs
627,Sciences & Nature,"Quel médecin français, prix Nobel 1928, a démontré à Tunis le rôle du pou dans la transmission du typhus ?",Charles Nicolle,3,Grands médecins
627,Sports & Loisirs,Sous quel nom espagnol désigne-t-on couramment le Tour d'Espagne ?,La Vuelta,1,Cyclisme – compétitions
628,Géographie,Dans quelle ville normande Jeanne d'Arc a-t-elle été brûlée en 1431 ?,Rouen,1,Villes
628,Divertissement,Quel cinéaste espagnol a réalisé le court métrage surréaliste « Un chien andalou » (1929) avec Salvador Dalí ?,Luis Buñuel,3,Cinéma européen
628,Histoire,Quel chef apache se rend définitivement à l'armée américaine en 1886 ?,Geronimo,1,États-Unis
628,Arts & Littérature,Quelle poétesse polonaise reçut le prix Nobel de littérature en 1996 ?,Wisława Szymborska,3,Prix Nobel de littérature
628,Sciences & Nature,"Quel gaz, qui fait lever la pâte à pain, est produit par la fermentation des levures ?",Le dioxyde de carbone,1,Microbiologie
628,Sports & Loisirs,Sur quelle surface se dispute le tournoi de Roland-Garros ?,La terre battue,1,Tennis – compétitions
629,Géographie,Quel rocher des bords du Rhin est associé à la légende d'une ondine qui faisait chavirer les bateliers ?,La Lorelei,2,Sites célèbres
629,Divertissement,"Quel chanteur italien, connu pour « L'Italiano », a remporté l'Eurovision en 1990 ?",Toto Cutugno,2,Eurovision
629,Histoire,Quel ministre du royaume de Piémont-Sardaigne est l'architecte diplomatique de l'unité italienne ?,Camillo Cavour,2,Unité italienne
629,Arts & Littérature,Quel artiste a sculpté entre 1501 et 1504 le « David » de marbre de Florence ?,Michel-Ange,1,Sculpture
629,Sciences & Nature,Quel chimiste britannique a isolé le sodium et le potassium par électrolyse en 1807 ?,Humphry Davy,3,Chimie : histoire
629,Sports & Loisirs,Quel plongeur en apnée français a inspiré à Luc Besson le film « Le Grand Bleu » ?,Jacques Mayol,1,Sports insolites
630,Géographie,Quel est le plus long fleuve d'Italie ?,Le Pô,1,Fleuves
630,Divertissement,Quel créateur de jeux vidéo français a imaginé le personnage de Rayman ?,Michel Ancel,3,Jeux vidéo
630,Histoire,"Quel était le nom latin de Lyon, capitale des Gaules ?",Lugdunum,1,Gaule
630,Arts & Littérature,Quel sculpteur néoclassique italien a réalisé « Psyché ranimée par le baiser de l'Amour » ?,Antonio Canova,3,Sculpture
630,Sciences & Nature,Quelle est la plus grande cellule du corps humain ?,L'ovule (ovocyte),1,Cellule
630,Sports & Loisirs,Quelle longue broderie du XIe siècle raconte la conquête de l'Angleterre par Guillaume le Conquérant ?,La tapisserie de Bayeux,1,Loisirs créatifs
631,Géographie,Quelle ville est la préfecture du Cantal ?,Aurillac,2,Préfectures
631,Divertissement,Dans quelle ville américaine la house music est-elle née dans les années 1980 ?,Chicago,2,Électro
631,Histoire,Quel roi de Grande-Bretagne règne lors de l'indépendance des États-Unis ?,George III,2,Indépendance américaine
631,Arts & Littérature,Quel roman de Boris Pasternak a pour héros un médecin poète pris dans la tourmente de la révolution russe ?,Le Docteur Jivago,1,Littérature russe
631,Sciences & Nature,Quel explosif liquide très instable Alfred Nobel a-t-il stabilisé pour inventer la dynamite ?,La nitroglycérine,2,Chimie : histoire
631,Sports & Loisirs,Quel drapeau agite-t-on pour signaler l'arrivée d'une course automobile ?,Le drapeau à damier,1,Sports mécaniques
632,Géographie,"Quelle ville égyptienne, fondée par un conquérant macédonien, possédait un phare parmi les Sept Merveilles du monde ?",Alexandrie,1,Villes
632,Divertissement,Quel chanteur canadien a écrit les paroles anglaises de « My Way » pour Frank Sinatra ?,Paul Anka,2,Variété française
632,Histoire,Quelle coalition de peuples envahisseurs Ramsès III dut-il repousser au XIIe siècle av. J.-C. ?,Les Peuples de la Mer,3,Égypte ancienne
632,Arts & Littérature,"Dans « Cendrillon », en quoi la fée marraine transforme-t-elle une citrouille ?",En carrosse,1,Contes
632,Sciences & Nature,Quel physiologiste français a reçu le prix Nobel de médecine 1913 pour la découverte de l'anaphylaxie ?,Charles Richet,3,Grands médecins
632,Sports & Loisirs,Quel couturier a fait entrer le smoking dans le vestiaire féminin en 1966 ?,Yves Saint Laurent,1,Mode
633,Géographie,Quelle ville est le chef-lieu de la Guyane ?,Cayenne,1,Outre-mer
633,Divertissement,Quelle chanteuse suédoise a remporté l'Eurovision en 2012 avec « Euphoria » puis en 2023 avec « Tattoo » ?,Loreen,3,Eurovision
633,Histoire,Quels souverains espagnols financent le premier voyage de Christophe Colomb ?,Isabelle et Ferdinand,1,Grandes découvertes
633,Arts & Littérature,Quel architecte a restauré Notre-Dame de Paris et la cité de Carcassonne au XIXe siècle ?,Eugène Viollet-le-Duc,2,Architectes
633,Sciences & Nature,"Quelle brebis, née en 1996 en Écosse, fut le premier mammifère cloné à partir d'une cellule adulte ?",Dolly,1,Génétique
633,Sports & Loisirs,Quel jeu de levées anglais du XVIIIe siècle est considéré comme l'ancêtre du bridge ?,Le whist,3,Jeux de cartes
634,Géographie,Quel fleuve se jette dans la Manche entre Le Havre et Honfleur ?,La Seine,1,Fleuves et rivières
634,Divertissement,Quel acteur britannique incarne Obi-Wan Kenobi dans le premier « Star Wars » sorti en 1977 ?,Alec Guinness,3,Sagas
634,Histoire,Quel prévôt des marchands de Paris mena une révolte contre le dauphin Charles en 1358 ?,Étienne Marcel,2,Fin du Moyen Âge en France
634,Arts & Littérature,Quel fils de Dédale périt en mer après s'être trop approché du soleil ?,Icare,1,Mythologie grecque
634,Sciences & Nature,"À quelle famille botanique appartiennent la tomate, l'aubergine et la pomme de terre ?",Les solanacées,3,Plantes
634,Sports & Loisirs,Quelle course transatlantique en solitaire relie Saint-Malo à Pointe-à-Pitre ?,La Route du Rhum,1,Voile
635,Géographie,Quel vent chaud et sec descend les pentes orientales des Rocheuses en hiver ?,Le chinook,3,Climats et milieux
635,Divertissement,Quel acteur joue le rôle de Driss dans « Intouchables » (2011) ?,Omar Sy,1,Cinéma français
635,Histoire,"Selon la tradition, en quelle année Rome a-t-elle été fondée ?",753 av. J.-C.,1,Rome antique
635,Arts & Littérature,"Dans « Barbe-Bleue », à qui l'épouse demande-t-elle : « … ne vois-tu rien venir ? » ?",Sa sœur Anne,3,Contes
635,Sciences & Nature,Quel métal alcalin équipe les batteries rechargeables des smartphones et des voitures électriques ?,Le lithium,1,Chimie : éléments
635,Sports & Loisirs,Quel sac Hermès est né en 1984 d'une rencontre en avion entre Jean-Louis Dumas et une chanteuse anglaise ?,Le Birkin,2,Mode
636,Géographie,Quel site antique du Liban abrite des temples romains monumentaux dédiés à Jupiter et à Bacchus ?,Baalbek,3,Monuments
636,Divertissement,Quelle danse d'origine brésilienne le groupe Kaoma a-t-il popularisée en 1989 ?,La lambada,1,Musiques du monde
636,Histoire,Quel général français est nommé commandant en chef des forces alliées sur le front occidental en 1918 ?,Ferdinand Foch,2,Première Guerre mondiale
636,Arts & Littérature,Sur quel fleuve Huckleberry Finn descend-il en radeau avec l'esclave en fuite Jim ?,Le Mississippi,1,Littérature américaine
636,Sciences & Nature,"Quel ingénieur breton est surnommé « le père du métro de Paris », inauguré en 1900 ?",Fulgence Bienvenüe,3,Transports
636,Sports & Loisirs,Comment appelle-t-on la collection et l'étude des timbres-poste ?,La philatélie,1,Collections
637,Géographie,Quelle vaste région steppique et venteuse s'étend au sud de l'Argentine et du Chili ?,La Patagonie,1,Amériques
637,Divertissement,"Quel acteur incarnait Louis, le brocanteur enquêteur de « Louis la Brocante » ?",Victor Lanoux,2,Séries françaises
637,Histoire,Quel traité de 1420 fit du roi d'Angleterre Henri V l'héritier du trône de France ?,Le traité de Troyes,2,Guerre de Cent Ans
637,Arts & Littérature,"Quel orientaliste français a le premier traduit « Les Mille et Une Nuits » en Europe, au début du XVIIIe siècle ?",Antoine Galland,3,Littérature arabe
637,Sciences & Nature,Quelle force s'oppose au glissement de deux surfaces l'une contre l'autre et fait chauffer les mains qu'on frotte ?,Le frottement,1,Physique
637,Sports & Loisirs,Quel nageur américain a remporté huit médailles d'or lors des seuls Jeux de Pékin en 2008 ?,Michael Phelps,1,Natation
638,Géographie,"Quelle est, à peu près, la circonférence de la Terre à l'équateur ?",Environ 40 000 km,2,Fuseaux et latitudes
638,Divertissement,Quel acteur joue l'architecte Numérobis dans « Astérix et Obélix : Mission Cléopâtre » (2002) ?,Jamel Debbouze,2,Cinéma français
638,Histoire,Dans quel département se trouve la grotte de Lascaux ?,La Dordogne,1,Préhistoire
638,Arts & Littérature,Quel dieu grec forgeron et boiteux est l'époux d'Aphrodite ?,Héphaïstos,2,Mythologie grecque
638,Sciences & Nature,Quel astronome français du XVIIIe siècle a dressé un catalogue d'objets nébuleux désignés par la lettre M ?,Charles Messier,3,Astronomie : histoire
638,Sports & Loisirs,"Au handball, combien de pas un joueur peut-il faire au maximum en tenant le ballon sans dribbler ?",3 pas,1,Handball – règles
639,Géographie,Comment s'appelle la monnaie du Maroc ?,Le dirham,2,Monnaies
639,Divertissement,Quel groupe funk américain a chanté « September » en 1978 ?,"Earth, Wind & Fire",2,Funk
639,Histoire,Dans quelle ville Alexandre le Grand mourut-il en 323 av. J.-C. ?,Babylone,2,Grèce antique
639,Arts & Littérature,Comment appelle-t-on les sculptures en saillie qui évacuent l'eau de pluie des toits des cathédrales ?,Les gargouilles,1,Architecture
639,Sciences & Nature,Comment appelle-t-on le passage direct d'un corps de l'état solide à l'état gazeux ?,La sublimation,2,Physique
639,Sports & Loisirs,"Au bridge, comment appelle-t-on le joueur dont les cartes sont étalées face visible sur la table ?",Le mort,2,Jeux de cartes
640,Géographie,Quelle ville canadienne est dominée par la tour CN ?,Toronto,1,Grandes villes
640,Divertissement,"Quel cinéaste a réalisé « Hiroshima mon amour » (1959), sur un scénario de Marguerite Duras ?",Alain Resnais,3,Réalisateurs
640,Histoire,Quel archiduc héritier d'Autriche-Hongrie est assassiné à Sarajevo le 28 juin 1914 ?,François-Ferdinand,1,Relations internationales
640,Arts & Littérature,Quel cycle de Zola porte le sous-titre « Histoire naturelle et sociale d'une famille sous le Second Empire » ?,Les Rougon-Macquart,2,Romans
640,Sciences & Nature,De quelle plante aux fruits crochus le Suisse Georges de Mestral s'est-il inspiré pour inventer le Velcro ?,La bardane,3,Inventeurs
640,Sports & Loisirs,Quel fromage persillé au lait de brebis est affiné dans des caves naturelles de l'Aveyron ?,Le roquefort,1,Fromages
641,Géographie,Quelle capitale africaine porte le nom d'un explorateur français d'origine italienne ?,Brazzaville,2,Capitales
641,Divertissement,Quel est le prénom du fils turbulent d'Homer et Marge Simpson ?,Bart,1,Dessins animés
641,Histoire,Quelle dernière reine de Madagascar est exilée par les Français en 1897 ?,Ranavalona III,3,Colonisation
641,Arts & Littérature,"Quel écrivain américain a publié en 1951 « L'Attrape-cœurs », dont le héros s'appelle Holden Caulfield ?",J. D. Salinger,2,Littérature américaine
641,Sciences & Nature,Quel physiologiste russe est célèbre pour ses expériences de réflexe conditionné sur des chiens ?,Ivan Pavlov,1,Grands scientifiques
641,Sports & Loisirs,Sur quelle avenue parisienne le Tour de France se termine-t-il traditionnellement depuis 1975 ?,Les Champs-Élysées,1,Cyclisme – Tour de France
642,Géographie,Quelle est la capitale du Gabon ?,Libreville,2,Capitales
642,Divertissement,"Quel chanteur, auteur de « Douce France », était surnommé « le Fou chantant » ?",Charles Trenet,1,Chanson française
642,Histoire,Quel empereur germanique se noya dans un fleuve d'Anatolie pendant la troisième croisade ?,Frédéric Barberousse,2,Croisades
642,Arts & Littérature,"Quel compositeur français a écrit l'opéra « Faust », créé au Théâtre-Lyrique en 1859 ?",Charles Gounod,3,Opéra
642,Sciences & Nature,"Quelle maladie virale de l'enfance fait gonfler les glandes parotides, sous les oreilles ?",Les oreillons,1,Maladies
642,Sports & Loisirs,Quelle activité consiste à descendre des rivières en eaux vives à bord d'un bateau pneumatique ?,Le rafting,1,Sports insolites
643,Géographie,Quelle est la capitale du Sénégal ?,Dakar,1,Capitales
643,Divertissement,Quel vieil avare visité par trois fantômes est le héros du « Conte de Noël » de Charles Dickens ?,Ebenezer Scrooge,2,Personnages de fiction
643,Histoire,Quelle cosmonaute soviétique est devenue en 1963 la première femme dans l'espace ?,Valentina Terechkova,2,Conquête spatiale
643,Arts & Littérature,Quel jour de la semaine en anglais doit son nom au dieu Thor ?,Thursday (jeudi),2,Mythologie nordique
643,Sciences & Nature,"Quelle fibre synthétique, mise au point par la firme DuPont dans les années 1930, a remplacé la soie dans les bas ?",Le nylon,2,Chimie : matériaux
643,Sports & Loisirs,Quelle ville du Gard est réputée pour sa brandade de morue ?,Nîmes,2,Cuisine régionale
644,Géographie,"Quelle vallée de Dordogne, riche en grottes ornées comme Lascaux, est inscrite à l'UNESCO depuis 1979 ?",La vallée de la Vézère,2,Patrimoine UNESCO
644,Divertissement,Quel acteur britannique incarne le maladroit Mr. Bean au cinéma ?,Rowan Atkinson,1,Acteurs
644,Histoire,"Quelle secte ismaélienne, dirigée par le « Vieux de la Montagne », était redoutée pour ses meurtres politiques ?",Les Assassins,3,Monde musulman médiéval
644,Arts & Littérature,"Que demande le Petit Prince au narrateur, en panne dans le désert, en lui disant « S'il vous plaît… dessine-moi… » ?",Un mouton,1,Littérature jeunesse
644,Sciences & Nature,"Quelle protéine du lait, qui coagule sous l'action de la présure, est à la base du fromage ?",La caséine,2,Nutrition
644,Sports & Loisirs,"Quel Italien, grand rival de Fausto Coppi, a remporté le Tour de France en 1938 et en 1948 ?",Gino Bartali,3,Cyclisme – champions
645,Géographie,Dans quel monument parisien se trouve le tombeau de Napoléon Ier ?,Les Invalides,1,Monuments
645,Divertissement,"Dans « Casablanca » (1942), quel établissement tient Rick Blaine, joué par Humphrey Bogart ?",Le Rick's Café Américain,3,Classiques hollywoodiens
645,Histoire,Quels étaient les noms des trois navires de Christophe Colomb en 1492 ?,"Santa María, Pinta et Niña",2,Péninsule ibérique et découvertes
645,Arts & Littérature,"Dans quelle ville se trouve la basilique Sainte-Sophie, construite sous Justinien ?",Istanbul,1,Architecture
645,Sciences & Nature,Quelle sonde de la NASA a survolé Pluton en juillet 2015 ?,New Horizons,3,Espace : missions
645,Sports & Loisirs,"Quelle spécialité alsacienne est une pâte à pain très fine garnie de crème, d'oignons et de lardons ?",La flammekueche (tarte flambée),1,Cuisine régionale
646,Géographie,Quelle est la capitale de l'Écosse ?,Édimbourg,1,Capitales
646,Divertissement,Dans quelle ville allemande Barbara a-t-elle situé en 1964 une chanson devenue symbole de la réconciliation franco-allemande ?,Göttingen,3,Chanson française
646,Histoire,"Quel conquérant mongol, proclamé khan suprême en 1206, fonda un immense empire ?",Gengis Khan,1,Asie médiévale
646,Arts & Littérature,"Quel est le surnom de Vautrin, le forçat évadé de « La Comédie humaine » ?",Trompe-la-Mort,3,Personnages
646,Sciences & Nature,Comment appelle-t-on le processus par lequel les plantes fabriquent de la matière organique grâce à la lumière ?,La photosynthèse,1,Plantes
646,Sports & Loisirs,"Quel joueur des Chicago Bulls, qui portait le numéro 23, a remporté six titres NBA ?",Michael Jordan,1,Basket – champions
647,Géographie,Sur les rives de quel fleuve se trouvait l'antique Babylone ?,L'Euphrate,2,Fleuves
647,Divertissement,Quel chanteur de Minneapolis a sorti le film et l'album « Purple Rain » en 1984 ?,Prince,1,Pop américaine
647,Histoire,Dans quelle commune des Yvelines l'ayatollah Khomeini a-t-il vécu en exil avant son retour en Iran en 1979 ?,Neauphle-le-Château,3,Moyen-Orient
647,Arts & Littérature,"Quel écrivain a signé « Et après… » en 2004, avant d'enchaîner les best-sellers ?",Guillaume Musso,1,Romans contemporains
647,Sciences & Nature,Quel gaz de formule N₂O est surnommé « gaz hilarant » ?,Le protoxyde d'azote,2,Chimie : molécules
647,Sports & Loisirs,"Quel jeu de cartes, créé aux États-Unis en 1971, oblige à annoncer son nom lorsqu'il ne reste qu'une carte en main ?",Le Uno,1,Jeux de cartes
648,Géographie,"Quel désert jordanien, surnommé la « vallée de la Lune », a servi de décor au film « Lawrence d'Arabie » ?",Le Wadi Rum,2,Déserts
648,Divertissement,Quel barde du village d'Astérix finit généralement ligoté à un arbre pendant le banquet ?,Assurancetourix,1,BD franco-belge
648,Histoire,"En quelle année Carthage fut-elle rasée par les Romains, à la fin de la troisième guerre punique ?",146 av. J.-C.,3,Rome antique
648,Arts & Littérature,Quel roman champêtre de George Sand porte le nom d'une étendue d'eau maléfique ?,La Mare au diable,2,Romans
648,Sciences & Nature,Quel organe produit l'insuline ?,Le pancréas,1,Hormones et glandes
648,Sports & Loisirs,Quelle nation a battu la France en finale du championnat du monde féminin de handball 2021 ?,La Norvège,3,Handball – compétitions
649,Géographie,Dans quelle ville flamande peut-on admirer le retable de l'Agneau mystique des frères Van Eyck ?,Gand,2,Belgique
649,Divertissement,"Quelle plateforme de diffusion en direct, rachetée par Amazon en 2014, est surtout consacrée aux jeux vidéo ?",Twitch,2,Internet
649,Histoire,"Quel grand-prince de Moscou est le premier à se faire couronner tsar, en 1547 ?",Ivan IV le Terrible,2,Russie
649,Arts & Littérature,"Quel écrivain a publié en 1697 les « Histoires ou contes du temps passé », avec « Cendrillon » et « Le Petit Poucet » ?",Charles Perrault,1,Contes
649,Sciences & Nature,"Selon Freud, quelles sont les trois instances de l'appareil psychique ?","Le ça, le moi et le surmoi",2,Psychologie
649,Sports & Loisirs,"En compétition internationale de judo, de quelle couleur est le judogi du second combattant appelé ?",Bleu,3,Vocabulaire et règles
650,Géographie,Dans quelle ville du Pays basque espagnol se trouve le musée Guggenheim recouvert de titane conçu par Frank Gehry ?,Bilbao,2,Monuments
650,Divertissement,Quel film d'animation de Sylvain Chomet (2003) suit une grand-mère à la recherche de son petit-fils cycliste enlevé ?,Les Triplettes de Belleville,2,Animation
650,Histoire,Quel ministre quitte Paris assiégé en ballon en octobre 1870 pour organiser la résistance ?,Léon Gambetta,1,Guerre de 1870
650,Arts & Littérature,Quel roman de Joseph Kessel se déroule en Afghanistan autour du bouzkachi ?,Les Cavaliers,3,Romans
650,Sciences & Nature,Quel est l'os le plus long du corps humain ?,Le fémur,1,Os et squelette
650,Sports & Loisirs,"Dans le jeu de cartes français traditionnel, quel général romain est représenté sur le roi de carreau ?",Jules César,2,Jeux de cartes
651,Géographie,Sous quel monument parisien repose depuis 1921 le Soldat inconnu ?,L'Arc de triomphe,1,Monuments
651,Divertissement,Quel bassiste des Sex Pistols est mort d'une overdose en 1979 ?,Sid Vicious,3,Punk
651,Histoire,Quel roi wisigoth mit Rome à sac en 410 ?,Alaric,2,Rome antique
651,Arts & Littérature,Quel fabuliste a écrit « La Cigale et la Fourmi » ?,Jean de La Fontaine,1,Fables
651,Sciences & Nature,Quels deux doctorants de l'université Stanford ont fondé Google en 1998 ?,Larry Page et Sergey Brin,2,Informatique
651,Sports & Loisirs,Quelle navigatrice britannique a terminé deuxième du Vendée Globe 2000-2001 à 24 ans ?,Ellen MacArthur,2,Voile
652,Géographie,Quelle île suédoise de la Baltique a pour ville principale la cité médiévale de Visby ?,Gotland,3,Îles
652,Divertissement,Quel super-héros venu de la planète Krypton se fait appeler Clark Kent sur Terre ?,Superman,1,Super-héros
652,Histoire,Quel jour de mars de l'an 44 av. J.-C. Jules César fut-il assassiné ?,Le 15 mars (les ides de mars),1,Rome antique
652,Arts & Littérature,Quel romancier bordelais a écrit « Thérèse Desqueyroux » ?,François Mauriac,2,Auteurs
652,Sciences & Nature,"Quel gaz radioactif naturel, issu du granite, peut s'accumuler dans les sous-sols en Bretagne ou dans le Limousin ?",Le radon,3,Chimie : éléments
652,Sports & Loisirs,Dans quel stade la France a-t-elle remporté la finale de la Coupe du monde 1998 ?,Stade de France,1,Football – stades
653,Géographie,Dans quelle commune du Doubs se trouve la saline royale conçue par Claude-Nicolas Ledoux ?,Arc-et-Senans,3,Patrimoine UNESCO
653,Divertissement,Quelle actrice française a reçu l'Oscar de la meilleure actrice pour son rôle d'Édith Piaf dans « La Môme » ?,Marion Cotillard,1,Oscars
653,Histoire,"Sous quel surnom est connu l'officier britannique Thomas Edward Lawrence, qui soutint la révolte arabe de 1916 ?",Lawrence d'Arabie,1,Première Guerre mondiale
653,Arts & Littérature,"Quel instrument inventé par Colin, dans « L'Écume des jours », prépare des cocktails selon la musique jouée ?",Le pianocktail,3,Romans
653,Sciences & Nature,Quel philosophe et mathématicien français a donné son nom au repère orthonormé dit « cartésien » ?,René Descartes,1,Mathématiques
653,Sports & Loisirs,Quel surnom porte l'équipe d'Afrique du Sud de rugby ?,Les Springboks,1,Rugby – sélections
654,Géographie,Quel site aux temples de Ramsès II fut démonté et déplacé dans les années 1960 pour échapper à la montée des eaux du Nil ?,Abou Simbel,2,Monuments
654,Divertissement,"Quel écolier à la mèche blonde, créé par Zep, répète « Tchô ! » ?",Titeuf,1,BD franco-belge
654,Histoire,"Quel navigateur français, auteur d'un Voyage autour du monde paru en 1771, a donné son nom à une plante grimpante ?",Louis-Antoine de Bougainville,2,Explorations
654,Arts & Littérature,Quel roman de Giuseppe Tomasi di Lampedusa raconte le déclin du prince de Salina dans la Sicile du Risorgimento ?,Le Guépard,2,Littérature italienne
654,Sciences & Nature,"Quel médecin grec, actif à Rome au IIe siècle, a dominé la pensée médicale pendant plus d'un millénaire ?",Galien,2,Grands médecins
654,Sports & Loisirs,Comment appelle-t-on l'assemblage de menuiserie en forme de trapèze évasé évoquant une queue d'oiseau ?,La queue d'aronde,2,Bricolage
655,Géographie,Quel sommet du massif du Rila est le point culminant de la Bulgarie et de la péninsule balkanique ?,Le Musala,3,Montagnes
655,Divertissement,Comment appelait-on les danseuses qui accompagnaient Claude François sur scène ?,Les Clodettes,1,Variété française
655,Histoire,Quel penseur chinois des VIe-Ve siècles av. J.-C. prônait le respect des rites et la piété filiale ?,Confucius,1,Chine et Asie antiques
655,Arts & Littérature,Quel peintre d'origine crétoise a peint « L'Enterrement du comte d'Orgaz » à Tolède ?,Le Greco,2,Peintres
655,Sciences & Nature,Quel est le symbole chimique du cuivre ?,Cu,2,Chimie : éléments
655,Sports & Loisirs,Quel club corse a disputé la finale de la Coupe UEFA en 1978 face au PSV Eindhoven ?,Le SC Bastia,3,Football – clubs
656,Géographie,Quel grand parc rectangulaire s'étend au cœur de Manhattan ?,Central Park,1,Monuments et sites
656,Divertissement,Quel écrivain britannique a créé Winnie l'ourson ?,A. A. Milne,3,Personnages de fiction
656,Histoire,Quel âge a Louis XIV lorsqu'il devient roi en 1643 ?,4 ans,2,Louis XIV
656,Arts & Littérature,Quel philosophe des Lumières a écrit le conte « Candide ou l'Optimisme » ?,Voltaire,1,Auteurs
656,Sciences & Nature,Quel coléoptère qui roule des boulettes d'excréments était vénéré dans l'Égypte antique ?,Le scarabée sacré (bousier),2,Insectes
656,Sports & Loisirs,Quel art japonais consiste à réparer les céramiques brisées en soulignant les fissures avec de la laque saupoudrée d'or ?,Le kintsugi,2,Loisirs créatifs
657,Géographie,Quel grand fleuve d'Asie du Sud-Est traverse le Laos et le Cambodge avant de former un vaste delta au Viêt Nam ?,Le Mékong,1,Asie
657,Divertissement,"Quel film sur le multivers, avec Michelle Yeoh, a reçu l'Oscar du meilleur film en 2023 ?",Everything Everywhere All at Once,2,Oscars
657,Histoire,"Quel roi de Germanie, couronné empereur en 962, est considéré comme le fondateur du Saint-Empire ?",Otton Ier,2,Saint-Empire et Europe centrale
657,Arts & Littérature,Sous quel pseudonyme le poète et diplomate Alexis Leger reçut-il le prix Nobel de littérature en 1960 ?,Saint-John Perse,3,Prix Nobel de littérature
657,Sciences & Nature,Quelle jeune Suédoise a lancé en août 2018 une grève de l'école pour le climat devant le Parlement de Stockholm ?,Greta Thunberg,1,Écologie
657,Sports & Loisirs,"En escrime, avec quelle arme le corps tout entier, de la tête aux pieds, constitue-t-il une surface valable ?",L'épée,2,Vocabulaire et règles
658,Géographie,Quel royaume himalayen a érigé le « bonheur national brut » en indicateur officiel ?,Le Bhoutan,2,Asie
658,Divertissement,Quel instrument est surnommé le « piano à bretelles » ?,L'accordéon,1,Instruments
658,Histoire,"Quel dirigeable allemand a pris feu à son arrivée à Lakehurst, aux États-Unis, en mai 1937 ?",Le Hindenburg,2,Aviation
658,Arts & Littérature,"Quel prix littéraire, créé en 1904, est décerné par un jury exclusivement féminin ?",Le prix Femina,2,Prix littéraires
658,Sciences & Nature,Chez quel petit poisson à tête de cheval est-ce le mâle qui porte les œufs jusqu'à l'éclosion ?,L'hippocampe,1,Poissons et animaux marins
658,Sports & Loisirs,"Quel graveur londonien est considéré comme l'inventeur du puzzle, qu'il réalisait dans les années 1760 en découpant des cartes géographiques ?",John Spilsbury,3,Loisirs créatifs
659,Géographie,Dans quelle ville a lieu chaque 8 décembre la Fête des Lumières ?,Lyon,1,Villes
659,Divertissement,"Quel groupe a enregistré « Rapper's Delight » en 1979, l'un des premiers tubes du rap ?",The Sugarhill Gang,3,Rap américain
659,Histoire,Quel conquistador fait tomber l'Empire aztèque en 1521 ?,Hernán Cortés,1,Conquête de l'Amérique
659,Arts & Littérature,Quel dessinateur belge a créé le cow-boy Lucky Luke en 1946 ?,Morris,2,Bande dessinée
659,Sciences & Nature,Quel crocodilien d'Amérique et de Chine se distingue par son museau large et arrondi en forme de U ?,L'alligator,2,Reptiles et amphibiens
659,Sports & Loisirs,"Quelle Française a remporté l'Open d'Australie et Wimbledon la même année, en 2006 ?",Amélie Mauresmo,2,Tennis – champions
660,Géographie,Quelle ville d'Amazonie brésilienne est célèbre pour son opéra construit pendant la fièvre du caoutchouc ?,Manaus,2,Grandes villes
660,Divertissement,Quel chanteur britannique roux a connu un succès planétaire avec « Shape of You » en 2017 ?,Ed Sheeran,1,Pop
660,Histoire,Quel général commandait en chef les armées françaises lors de la première bataille de la Marne en 1914 ?,Joseph Joffre,2,Première Guerre mondiale
660,Arts & Littérature,"De quelle nationalité était Adolphe Sax, inventeur du saxophone ?",Belge,2,Instruments
660,Sciences & Nature,"Comment appelle-t-on la couche la plus profonde de la peau, riche en graisse ?",L'hypoderme,3,Peau et phanères
660,Sports & Loisirs,Comment appelle-t-on la pause au milieu d'un long repas normand où l'on boit un petit verre de calvados ?,Le trou normand,1,Traditions culinaires
661,Géographie,Quel sommet écossais est le point culminant du Royaume-Uni ?,Le Ben Nevis,2,Montagnes
661,Divertissement,Quel groupe formé par trois frères Gibb a chanté « Stayin' Alive » ?,Bee Gees,1,Disco
661,Histoire,Quelle bataille de 338 av. J.-C. assura à Philippe II de Macédoine la domination de la Grèce ?,Chéronée,3,Grèce antique
661,Arts & Littérature,Quelle pièce de Shakespeare met en scène un général maure rendu fou de jalousie par Iago ?,Othello,1,Littérature anglaise
661,Sciences & Nature,Quel verbe désigne le cri de la chouette ?,Chuinter (ou hululer),3,Cris des animaux
661,Sports & Loisirs,"Quel art martial brésilien mêle combat, acrobaties et danse au son du berimbau ?",La capoeira,1,Arts martiaux
662,Géographie,Lequel des cinq Grands Lacs est entièrement situé aux États-Unis ?,Le lac Michigan,2,Amériques
662,Divertissement,"Quel pianiste de jazz français, atteint de la maladie des os de verre, a joué avec les plus grands jazzmen ?",Michel Petrucciani,2,Jazz
662,Histoire,Quel révolutionnaire a pris le pouvoir à Cuba en janvier 1959 en renversant Batista ?,Fidel Castro,1,Amérique latine
662,Arts & Littérature,"Quel écrivain russe a publié en 1862 « Pères et Fils », dont le héros Bazarov se dit nihiliste ?",Ivan Tourgueniev,3,Littérature russe
662,Sciences & Nature,"Quel organite, doté de son propre ADN, est surnommé la « centrale énergétique » de la cellule ?",La mitochondrie,1,Cellule
662,Sports & Loisirs,"Quelle ville finlandaise a accueilli les premiers championnats du monde d'athlétisme, en 1983 ?",Helsinki,3,Athlétisme
663,Géographie,Quelle est la capitale du Maroc ?,Rabat,1,Capitales
663,Divertissement,"Dans « Le Livre de la jungle » de Disney, comment s'appelle la panthère noire qui protège Mowgli ?",Bagheera,2,Animation
663,Histoire,"Quel escroc, mort mystérieusement en janvier 1934, a donné son nom à un scandale qui a précédé les émeutes du 6 février ?",Alexandre Stavisky,3,France de l'entre-deux-guerres
663,Arts & Littérature,"Quelle cousine Cyrano aime-t-il en secret, en écrivant pour elle les lettres de Christian ?",Roxane,1,Théâtre
663,Sciences & Nature,Quel verbe désigne le cri de l'éléphant ?,Barrir,2,Cris des animaux
663,Sports & Loisirs,Comment appelait-on le départ où les pilotes traversaient la piste en courant pour rejoindre leur voiture ?,Le départ type Le Mans,2,Sports mécaniques
664,Géographie,"Quel monolithe de grès rouge, sacré pour les Aborigènes, se dresse au centre de l'Australie ?",Uluru (Ayers Rock),1,Océanie
664,Divertissement,"Dans quel jeu de Valve incarne-t-on le physicien Gordon Freeman, armé d'un pied-de-biche ?",Half-Life,2,Jeux vidéo
664,Histoire,Dans quelle petite ville du Loir-et-Cher Pétain a-t-il rencontré Hitler en octobre 1940 ?,Montoire-sur-le-Loir,2,Occupation
664,Arts & Littérature,Comment s'appellent les deux corbeaux qui informent Odin de tout ce qui se passe dans le monde ?,Hugin et Munin,3,Mythologie nordique
664,Sciences & Nature,"La culture de quel arbre tropical, omniprésent dans les produits industriels, est accusée de déforester l'Indonésie ?",Le palmier à huile,1,Écologie
664,Sports & Loisirs,"Aux échecs, comment appelle-t-on la situation de partie nulle où un joueur ne peut plus jouer sans mettre son roi en échec ?",Le pat,2,Échecs
665,Géographie,Comment appelle-t-on le parallèle situé à environ 66°33' de latitude nord ?,Le cercle polaire arctique,1,Fuseaux et latitudes
665,Divertissement,Quel groupe Paul McCartney a-t-il fondé avec son épouse Linda après la séparation des Beatles ?,Wings,3,Pop-rock britannique
665,Histoire,Comment appelait-on la cérémonie par laquelle un vassal se déclarait l'homme de son seigneur ?,L'hommage,2,Féodalité et vie médiévale
665,Arts & Littérature,Quel écrivain américain a écrit le poème « Le Corbeau » et la nouvelle « Double assassinat dans la rue Morgue » ?,Edgar Allan Poe,1,Littérature américaine
665,Sciences & Nature,Contre quelle maladie paralysante Jonas Salk a-t-il mis au point un vaccin injectable dans les années 1950 ?,La poliomyélite,2,Vaccins
665,Sports & Loisirs,Quelle est la masse du poids lancé par les hommes en compétition d'athlétisme ?,"7,26 kg",3,Athlétisme
666,Géographie,Quelle ville du Gard est célèbre pour ses arènes romaines et sa Maison carrée ?,Nîmes,1,Villes
666,Divertissement,Sur quelle île des Antilles Johnny Hallyday a-t-il été inhumé en décembre 2017 ?,Saint-Barthélemy,2,Célébrités de la chanson
666,Histoire,Quelle impératrice douairière domine la cour de Chine de 1861 à sa mort en 1908 ?,Cixi,3,Chine
666,Arts & Littérature,"Que tient-on, selon l'expression, quand on est de trop auprès d'un couple d'amoureux ?",La chandelle,1,Expressions
666,Sciences & Nature,Comment appelle-t-on en psychanalyse le report sur l'analyste de sentiments éprouvés envers d'autres personnes ?,Le transfert,3,Psychologie
666,Sports & Loisirs,"Quelle sauce génoise est préparée en pilant basilic, pignons de pin, ail, parmesan et huile d'olive ?",Le pesto,1,Cuisine du monde
667,Géographie,De combien de degrés environ l'axe de rotation de la Terre est-il incliné ?,"Environ 23,4°",2,Fuseaux et latitudes
667,Divertissement,"Quelle chanson des Beatles commence par « When I find myself in times of trouble, Mother Mary comes to me » ?",Let It Be,2,Paroles célèbres
667,Histoire,Quelle petite rivière Jules César franchit-il en 49 av. J.-C. en déclarant « Alea jacta est » ?,Le Rubicon,1,Rome antique
667,Arts & Littérature,Quelle romancière anglaise a écrit « Mrs Dalloway » et « Une chambre à soi » ?,Virginia Woolf,2,Littérature anglaise
667,Sciences & Nature,"Quelle comète, qui revient tous les 76 ans environ, porte le nom d'un astronome anglais ?",La comète de Halley,1,Astronomie : petits corps
667,Sports & Loisirs,Quel athlète français a été sacré champion du monde du 400 m haies à Athènes en 1997 ?,Stéphane Diagana,3,Athlétisme
668,Géographie,"Quelle ville, capitale de la Galice, est le terme d'un célèbre pèlerinage chrétien ?",Saint-Jacques-de-Compostelle,2,Villes
668,Divertissement,Quel jeu de construction fait de blocs cubiques a été créé par le Suédois Markus Persson ?,Minecraft,1,Jeux vidéo
668,Histoire,À bord de quel navire britannique Napoléon se rend-il aux Anglais en juillet 1815 ?,Le Bellérophon,3,Napoléon
668,Arts & Littérature,Dans quelle ville se trouve l'opéra aux toits en forme de voiles blanches conçu par Jørn Utzon ?,Sydney,1,Architecture
668,Sciences & Nature,"Comment appelle-t-on la cellule issue de la fécondation, première cellule d'un nouvel individu ?",Le zygote (cellule-œuf),2,Cellule
668,Sports & Loisirs,Quelle épice précieuse donne sa couleur jaune au risotto à la milanaise ?,Le safran,2,Cuisine du monde
669,Géographie,Quelle actrice américaine est devenue princesse de Monaco en 1956 ?,Grace Kelly,1,Monaco
669,Divertissement,Quel guerrier spartiate affronte les dieux de l'Olympe dans la série « God of War » ?,Kratos,2,Jeux vidéo
669,Histoire,Sur quelle pointe normande des Rangers américains ont-ils escaladé les falaises au matin du 6 juin 1944 ?,La pointe du Hoc,2,Débarquement
669,Arts & Littérature,Quel poète italien du XIVe siècle a chanté dans son « Canzoniere » son amour pour Laure ?,Pétrarque,2,Littérature italienne
669,Sciences & Nature,Quel type de liaisons chimiques relie entre eux les deux brins de l'ADN ?,Des liaisons hydrogène,3,Génétique
669,Sports & Loisirs,"Quel art japonais consiste à plier une feuille de papier pour créer des formes, sans la couper ni la coller ?",L'origami,1,Loisirs créatifs
670,Géographie,Quelle immense baie du nord du Canada porte le nom d'un navigateur anglais du XVIIe siècle ?,La baie d'Hudson,1,Amériques
670,Divertissement,Quel clip du groupe The Buggles a été le premier diffusé sur MTV lors de son lancement ?,Video Killed the Radio Star,3,Télévision
670,Histoire,Quel humaniste de Rotterdam a écrit l'Éloge de la folie ?,Érasme,2,Renaissance
670,Arts & Littérature,Dans quel roman de George Orwell le pays est-il gouverné par un parti dont le chef s'appelle Big Brother ?,1984,1,Littérature anglaise
670,Sciences & Nature,Quelle proportion approximative du poids d'un adulte est constituée d'eau ?,Environ 60 %,2,Nutrition
670,Sports & Loisirs,Comment s'appelle la bouteille de 62 centilitres réservée au vin jaune du Jura ?,Le clavelin,3,Vins
671,Géographie,Quelle est la capitale de Madagascar ?,Antananarivo,2,Capitales
671,Divertissement,Quel film de 1939 raconte les amours de Scarlett O'Hara pendant la guerre de Sécession ?,Autant en emporte le vent,1,Classiques hollywoodiens
671,Histoire,Quel jésuite italien s'installe à la cour impériale de Pékin en 1601 ?,Matteo Ricci,3,Asie
671,Arts & Littérature,"Quel compositeur français a écrit l'opéra « Carmen », créé en 1875 ?",Georges Bizet,1,Opéra
671,Sciences & Nature,"Quel procédé industriel, mis au point par deux chimistes allemands au début du XXe siècle, synthétise l'ammoniac ?",Le procédé Haber-Bosch,3,Chimie : réactions
671,Sports & Loisirs,Quelle crème fouettée sucrée et vanillée porte le nom d'un château de l'Oise ?,La crème Chantilly,1,Pâtisserie
672,Géographie,Quel immense cratère volcanique de Tanzanie abrite une forte concentration d'animaux sauvages ?,Le Ngorongoro,2,Sites célèbres
672,Divertissement,Quel film de 2004 met en scène un surveillant qui forme une chorale dans un internat pour enfants difficiles ?,Les Choristes,1,Cinéma français
672,Histoire,En quelle année Haïti proclame-t-il son indépendance ?,1804,2,Haïti
672,Arts & Littérature,"Quel roman de Pierre Lemaitre, prix Goncourt 2013, suit deux rescapés des tranchées de la Grande Guerre ?",Au revoir là-haut,2,Prix Goncourt
672,Sciences & Nature,"Quel mathématicien allemand, surnommé le « prince des mathématiciens », aurait calculé enfant la somme des entiers de 1 à 100 ?",Carl Friedrich Gauss,2,Mathématiques
672,Sports & Loisirs,Dans quelle vallée portugaise sont cultivés les raisins du porto ?,La vallée du Douro,2,Vins
673,Géographie,Quelle langue est officielle à la fois en Angola et au Mozambique ?,Le portugais,1,Langues
673,Divertissement,Quel pionnier du rock'n'roll au piano a lancé en 1955 le cri « A-wop-bop-a-loo-bop » dans « Tutti Frutti » ?,Little Richard,3,Rock'n'roll
673,Histoire,Sous quel surnom est connu le mystérieux prisonnier mort à la Bastille en 1703 ?,L'Homme au masque de fer,1,Louis XIV
673,Arts & Littérature,Comment appelle-t-on une statue de femme servant de colonne pour soutenir un entablement ?,Une cariatide,2,Architecture
673,Sciences & Nature,Combien de jours environ séparent deux pleines lunes successives ?,"Environ 29,5 jours",2,Astronomie : Lune
673,Sports & Loisirs,Quel cuisinier et pâtissier du début du XIXe siècle fut surnommé « le roi des chefs et le chef des rois » ?,Antonin Carême,3,Pâtisserie
674,Géographie,Quel grand fleuve d'Afrique de l'Ouest arrose Bamako et Niamey ?,Le Niger,2,Fleuves
674,Divertissement,Quel film de Luc Besson (1988) a pour cadre le monde de la plongée en apnée ?,Le Grand Bleu,1,Cinéma français
674,Histoire,Quel évêque de Beauvais présida le procès de Jeanne d'Arc ?,Pierre Cauchon,2,Guerre de Cent Ans
674,Arts & Littérature,"Quel romancier égyptien, auteur de la « Trilogie du Caire », reçut le prix Nobel de littérature en 1988 ?",Naguib Mahfouz,2,Prix Nobel de littérature
674,Sciences & Nature,Quel élément chimique a pour symbole Na ?,Le sodium,1,Chimie : éléments
674,Sports & Loisirs,"Comment appelle-t-on une céramique cuite une première fois, avant la pose de l'émail ?",Le biscuit (dégourdi),3,Loisirs créatifs
675,Géographie,Quel palais de Lhassa fut la résidence d'hiver des dalaï-lamas ?,Le Potala,2,Monuments et sites
675,Divertissement,"Quelle chanson de Gloria Gaynor, sortie en 1978, est devenue un hymne à la résilience ?",I Will Survive,1,Disco
675,Histoire,Quelle escroquerie de 1785 autour d'un bijou ternit gravement l'image de Marie-Antoinette ?,L'affaire du collier,2,Louis XVI
675,Arts & Littérature,"Au théâtre, comment appelle-t-on une réplique dite pour le public, que les autres personnages sont censés ne pas entendre ?",Un aparté,2,Théâtre
675,Sciences & Nature,Quel sucre est naturellement présent dans le lait ?,Le lactose,1,Nutrition
675,Sports & Loisirs,Quelle skieuse française a remporté la descente olympique aux Jeux de Salt Lake City en 2002 ?,Carole Montillet,3,Sports d'hiver
676,Géographie,"Quel lac partagé par quatre pays, dont le Niger et le Cameroun, a vu sa surface fondre depuis les années 1960 ?",Le lac Tchad,2,Lacs
676,Divertissement,"Dans « Le Père Noël est une ordure », quelle permanence téléphonique tiennent Pierre et Thérèse ?",SOS Détresse Amitié,2,Comédies françaises
676,Histoire,Dans quelle salle du château de Versailles l'Empire allemand est-il proclamé le 18 janvier 1871 ?,La galerie des Glaces,2,Unité allemande
676,Arts & Littérature,"Quel mouvement littéraire du XIXe siècle, mené par Zola, veut décrire la réalité sociale avec une rigueur scientifique ?",Le naturalisme,1,Mouvements
676,Sciences & Nature,"Comment se nomme la deuxième vertèbre cervicale, autour de laquelle pivote la première ?",L'axis,3,Os et squelette
676,Sports & Loisirs,Quel Français a été sacré champion du monde de cyclisme sur route en 2020 et 2021 ?,Julian Alaphilippe,1,Cyclisme – champions
677,Géographie,"Quel pays d'Afrique de l'Ouest, fondé par d'anciens esclaves affranchis venus des États-Unis, a pour capitale Monrovia ?",Le Liberia,2,Pays
677,Divertissement,À combien de caractères un message sur Twitter était-il limité à l'origine ?,140,2,Internet
677,Histoire,"Quel riche marchand, argentier de Charles VII, fit bâtir un somptueux palais à Bourges ?",Jacques Cœur,2,Fin du Moyen Âge en France
677,Arts & Littérature,"Quel compositeur français a écrit en 1928 le « Boléro », bâti sur un rythme obstiné de caisse claire ?",Maurice Ravel,1,Compositeurs
677,Sciences & Nature,Quel acide fort est sécrété par l'estomac humain pour la digestion ?,L'acide chlorhydrique,2,Chimie : molécules
677,Sports & Loisirs,Quel club anglais est surnommé « les Red Devils » ?,Manchester United,1,Football – clubs
678,Géographie,Comment les Finlandais appellent-ils leur pays dans leur propre langue ?,Suomi,3,Langues
678,Divertissement,Quel chanteur belge a connu un succès mondial avec « Alors on danse » en 2010 ?,Stromae,1,Pop francophone
678,Histoire,Quel aviateur américain a réussi en 1927 la première traversée de l'Atlantique en solitaire et sans escale ?,Charles Lindbergh,1,Aviation
678,Arts & Littérature,Quel compositeur français a écrit l'opéra « Werther » d'après Goethe ?,Jules Massenet,3,Opéra
678,Sciences & Nature,Quelle expression française désigne l'impression troublante d'avoir déjà vécu une situation présente ?,Le déjà-vu,1,Psychologie
678,Sports & Loisirs,Quel sanctuaire de Kyoto est célèbre pour ses allées de milliers de portiques torii vermillon ?,Fushimi Inari-taisha,3,Tourisme
679,Géographie,Quelle ville fut la capitale de la République fédérale d'Allemagne de 1949 à 1990 ?,Bonn,2,Villes
679,Divertissement,Quel est le surnom de Bruce Springsteen ?,The Boss,1,Rock
679,Histoire,Quel peuple polynésien a érigé les grandes statues moaï de l'île de Pâques ?,Les Rapanui,3,Amériques précolombiennes
679,Arts & Littérature,Quel inventeur bourguignon a réalisé vers 1827 la plus ancienne photographie connue ?,Nicéphore Niépce,1,Photographie
679,Sciences & Nature,Dans quelle structure de la cellule eucaryote l'ADN est-il principalement enfermé ?,Le noyau,1,Cellule
679,Sports & Loisirs,Quel ingénieur du XVIIe siècle a conçu et fait creuser le canal du Midi ?,Pierre-Paul Riquet,3,Tourisme
680,Géographie,Quelle est la ville la plus peuplée de Suisse ?,Zurich,1,Suisse
680,Divertissement,Quel compositeur et réalisateur a créé la plupart des tubes de Mylène Farmer ?,Laurent Boutonnat,2,Pop française
680,Histoire,Quel astronaute d'Apollo 11 est resté en orbite lunaire pendant que ses deux coéquipiers marchaient sur la Lune ?,Michael Collins,2,Conquête spatiale
680,Arts & Littérature,De quelle couleur sont les broderies de l'habit des membres de l'Académie française ?,Vert,2,Académie française
680,Sciences & Nature,"Quel lobe du cerveau, situé à l'arrière du crâne, traite principalement la vision ?",Le lobe occipital,2,Cerveau et nerfs
680,Sports & Loisirs,"Quelle grande place de Marrakech est célèbre pour ses conteurs, ses charmeurs de serpents et ses stands de nourriture ?",Jemaa el-Fna,2,Tourisme
681,Géographie,De quelle ville de l'Indre les Castelroussins sont-ils les habitants ?,Châteauroux,3,Gentilés
681,Divertissement,Quelle chanteuse rousse a connu un immense succès avec « Désenchantée » en 1991 ?,Mylène Farmer,1,Pop française
681,Histoire,Quel jeune nationaliste serbe de Bosnie assassine l'archiduc à Sarajevo en 1914 ?,Gavrilo Princip,2,Relations internationales
681,Arts & Littérature,Quel texte fondateur du taoïsme est attribué au sage Lao-tseu ?,Le Tao-tö-king,2,Philosophie orientale
681,Sciences & Nature,"Quel sigle désigne le trouble psychique fait d'obsessions et de rituels répétitifs, comme se laver sans cesse les mains ?",Le TOC,1,Psychologie
681,Sports & Loisirs,Lors de quels Jeux olympiques d'été un commando palestinien a-t-il pris en otage des membres de la délégation israélienne ?,Munich 1972,2,Histoire des JO
682,Géographie,Quelle était la monnaie des Pays-Bas avant l'euro ?,Le florin,2,Monnaies
682,Divertissement,Combien d'essais le jeu en ligne Wordle accorde-t-il pour trouver le mot du jour ?,Six,2,Internet
682,Histoire,Quel corsaire anglais achève en 1580 le deuxième tour du monde de l'histoire ?,Francis Drake,2,Angleterre Tudor
682,Arts & Littérature,"Quel philosophe a formulé « Je pense, donc je suis » dans le « Discours de la méthode » ?",René Descartes,1,Citations
682,Sciences & Nature,"De quelle maladie bovine, utilisée par Jenner, vient le mot « vaccin » ?",La vaccine (variole de la vache),2,Vaccins
682,Sports & Loisirs,"Quel plat du Nord, servi froid en gelée, associe plusieurs viandes blanches comme le poulet, le lapin et le porc ?",Le potjevleesch,3,Cuisine régionale
683,Géographie,Quelle ville est la préfecture de la Haute-Marne ?,Chaumont,3,Préfectures
683,Divertissement,"Quelle chanteuse québécoise interprète « My Heart Will Go On », chanson du film « Titanic » ?",Céline Dion,1,Musiques de films
683,Histoire,Dans quel pays Ernesto « Che » Guevara a-t-il été capturé et exécuté en 1967 ?,La Bolivie,2,Amérique latine
683,Arts & Littérature,"Quelle salle d'opéra milanaise, inaugurée en 1778, est l'une des plus prestigieuses au monde ?",La Scala,1,Opéra
683,Sciences & Nature,Que signifie l'acronyme USB ?,Universal Serial Bus,3,Informatique
683,Sports & Loisirs,Quel sélectionneur a conduit l'équipe de France au titre mondial en 1998 ?,Aimé Jacquet,1,Football – équipe de France
684,Géographie,Quelle ville est l'unique port maritime de la Jordanie ?,Aqaba,3,Villes
684,Divertissement,Quel chanteur sud-coréen a déclenché un phénomène mondial en 2012 avec « Gangnam Style » ?,PSY,1,Internet
684,Histoire,Quelle drogue est au cœur des guerres qui opposent la Chine au Royaume-Uni à partir de 1839 ?,L'opium,1,Chine
684,Arts & Littérature,Dans quel musée new-yorkais est conservée « La Nuit étoilée » de Van Gogh ?,Le MoMA,2,Musées
684,Sciences & Nature,Combien de bits compte un octet ?,Huit,1,Informatique
684,Sports & Loisirs,"Sur quel parcours des Yvelines s'est disputée la Ryder Cup de 2018, la première organisée en France ?",Le Golf National,3,Golf
685,Géographie,Quelle région de Turquie centrale est célèbre pour ses cheminées de fée et ses vols en montgolfière ?,La Cappadoce,1,Sites célèbres
685,Divertissement,"Comment s'appelle le chat de Gargamel, le sorcier ennemi des Schtroumpfs ?",Azraël,2,BD franco-belge
685,Histoire,"Quel conquistador espagnol est le premier Européen à apercevoir l'océan Pacifique depuis l'Amérique, en 1513 ?",Vasco Núñez de Balboa,3,Conquête de l'Amérique
685,Arts & Littérature,Quel roman de Gaston Leroux met en scène un être mystérieux qui hante le palais Garnier ?,Le Fantôme de l'Opéra,1,Romans
685,Sciences & Nature,Quel mathématicien britannique a démontré le dernier théorème de Fermat en 1994 ?,Andrew Wiles,3,Mathématiques
685,Sports & Loisirs,"Quel aviateur, premier à traverser la Méditerranée en avion, a donné son nom au stade du tournoi parisien ?",Roland Garros,1,Tennis – stades
686,Géographie,Quel détroit du sud du Chili sépare le continent américain de la Terre de Feu ?,Le détroit de Magellan,2,Détroits et canaux
686,Divertissement,Dans quelle ville du Finistère se tient le festival des Vieilles Charrues ?,Carhaix,2,Salles et festivals
686,Histoire,Quel souverain unifia la Chine en 221 av. J.-C. et se proclama premier empereur ?,Qin Shi Huang,1,Chine et Asie antiques
686,Arts & Littérature,"Quelle œuvre de Montesquieu raconte, par lettres, le séjour en France de deux Persans, Usbek et Rica ?",Les Lettres persanes,2,Romans
686,Sciences & Nature,Comment appelle-t-on les amas de débris rocheux transportés puis déposés par un glacier ?,Les moraines,2,Géologie
686,Sports & Loisirs,Quel nageur français a été sacré champion olympique du 200 m nage libre à Londres en 2012 ?,Yannick Agnel,2,Natation
687,Géographie,"Quel État fédéral du golfe Persique regroupe sept émirats, dont Abou Dhabi et Dubaï ?",Les Émirats arabes unis,1,Pays
687,Divertissement,"Quel jeu de tir d'id Software, sorti en 1993, oppose un marine à des hordes de démons ?",Doom,2,Jeux vidéo
687,Histoire,"Quelle grotte ornée de l'Ardèche, découverte en 1994, porte le nom de l'un de ses découvreurs ?",La grotte Chauvet,2,Préhistoire
687,Arts & Littérature,Quel écrivain tchèque installé en France a écrit « L'Insoutenable Légèreté de l'être » ?,Milan Kundera,2,Littérature d'Europe centrale
687,Sciences & Nature,"Quel savant italien, disciple de Galilée, a inventé le baromètre à mercure en 1643 ?",Evangelista Torricelli,3,Physique
687,Sports & Loisirs,"Aux échecs, quelle pièce se déplace en formant un « L » ?",Le cavalier,1,Échecs
688,Géographie,Quel est le plus long fleuve d'Europe ?,La Volga,1,Fleuves
688,Divertissement,Quel romancier américain a créé Tarzan en 1912 ?,Edgar Rice Burroughs,3,Personnages de fiction
688,Histoire,"Quelle bataille de 1916, livrée dans la Meuse, est devenue le symbole du sacrifice des soldats français ?",Verdun,1,Première Guerre mondiale
688,Arts & Littérature,Quel architecte florentin a conçu la coupole de la cathédrale Santa Maria del Fiore ?,Filippo Brunelleschi,2,Architectes
688,Sciences & Nature,"Quel minéral, le plus tendre, occupe le rang 1 de l'échelle de dureté de Mohs ?",Le talc,3,Géologie
688,Sports & Loisirs,"Quelle classique cycliste printanière, célèbre pour ses secteurs pavés, est surnommée « l'Enfer du Nord » ?",Paris-Roubaix,1,Cyclisme – compétitions
689,Géographie,"Quelle ville suisse, où prêcha Jean Calvin, fut surnommée « la Rome protestante » ?",Genève,2,Suisse
689,Divertissement,Quel éléphanteau de Disney (1941) parvient à voler grâce à ses immenses oreilles ?,Dumbo,1,Animation
689,Histoire,Sous quel nom est connue la révolte xénophobe qui assiège les légations étrangères de Pékin en 1900 ?,La révolte des Boxers,2,Chine
689,Arts & Littérature,Quel philosophe et logicien britannique reçut le prix Nobel de littérature en 1950 ?,Bertrand Russell,2,Prix Nobel de littérature
689,Sciences & Nature,Quel phénomène optique fait paraître brisé un bâton plongé à moitié dans l'eau ?,La réfraction,2,Physique
689,Sports & Loisirs,"Au volley-ball, comment appelle-t-on le joueur spécialiste de la défense qui porte un maillot de couleur différente ?",Le libéro,1,Vocabulaire et règles
690,Géographie,Comment appelle-t-on les habitants de Pau ?,Les Palois,2,Gentilés
690,Divertissement,Quelle actrice a incarné la commissaire Julie Lescaut sur TF1 ?,Véronique Genest,1,Séries françaises
690,Histoire,Quel écrivain florentin a écrit « Le Décaméron » ?,Boccace,2,Culture médiévale
690,Arts & Littérature,"Quel poète allemand a immortalisé la légende de la Lorelei, sirène d'un rocher du Rhin ?",Heinrich Heine,3,Littérature allemande
690,Sciences & Nature,Quels frères ardéchois ont réalisé en 1783 le premier vol public d'un ballon à air chaud ?,Les frères Montgolfier,1,Grands scientifiques
690,Sports & Loisirs,Quelle créatrice japonaise a fondé la marque Comme des Garçons ?,Rei Kawakubo,3,Mode
691,Géographie,Comment appelle-t-on les vallées glaciaires envahies par la mer qui découpent la côte norvégienne ?,Les fjords,1,Paysages
691,Divertissement,Quel genre musical portugais mélancolique a été incarné par Amália Rodrigues ?,Le fado,2,Musiques du monde
691,Histoire,Quel ouvrage de Jules César raconte sa conquête de la Gaule ?,La Guerre des Gaules (Commentaires),2,Gaule
691,Arts & Littérature,Quel compositeur russe a écrit la suite pour piano « Tableaux d'une exposition » ?,Modeste Moussorgski,2,Œuvres
691,Sciences & Nature,Entre quelles deux planètes se situe la ceinture principale d'astéroïdes ?,Mars et Jupiter,2,Astronomie : petits corps
691,Sports & Loisirs,"Quelle nation complète la Nouvelle-Zélande, l'Australie et l'Afrique du Sud dans le Rugby Championship ?",L'Argentine,2,Rugby – compétitions
692,Géographie,Comment s'appelle la théorie d'Alfred Wegener selon laquelle les continents se déplacent ?,La dérive des continents,1,Plaques et séismes
692,Divertissement,"Quelle ville de Haute-Saône Jacques Brel a-t-il mise en chanson en 1968, avec l'accordéon de Marcel Azzola ?",Vesoul,2,Chanson française
692,Histoire,"Quelle petite tête en ivoire de mammouth, découverte dans les Landes, est l'une des plus anciennes représentations d'un visage humain ?",La Dame de Brassempouy,3,Préhistoire
692,Arts & Littérature,Comment appelle-t-on le récit qu'un auteur fait de sa propre vie ?,Une autobiographie,1,Vocabulaire littéraire
692,Sciences & Nature,Comment appelle-t-on le très jeune poisson qui vient d'éclore ?,L'alevin,2,Poissons et animaux marins
692,Sports & Loisirs,Quelle équipe cycliste a été exclue du Tour de France 1998 lors d'un retentissant scandale de dopage ?,Festina,1,Cyclisme – Tour de France
693,Géographie,"Quelle dynastie princière, qui s'empara du Rocher en 1297, règne sur Monaco ?",Les Grimaldi,1,Monaco
693,Divertissement,Quel guitariste de Queen est également docteur en astrophysique ?,Brian May,2,Pop-rock britannique
693,Histoire,"Quel as français de l'aviation, crédité de 53 victoires, a disparu en combat aérien en septembre 1917 ?",Georges Guynemer,3,Première Guerre mondiale
693,Arts & Littérature,"Quel écrivain a reçu deux fois le prix Goncourt, la seconde sous le pseudonyme d'Émile Ajar ?",Romain Gary,1,Prix Goncourt
693,Sciences & Nature,Sous la direction de quelle chercheuse britannique a été réalisé le cliché de diffraction de l'ADN appelé « photo 51 » ?,Rosalind Franklin,2,Génétique
693,Sports & Loisirs,Quel pivot géant de la NBA était surnommé « Shaq » ?,Shaquille O'Neal,1,Basket – champions
694,Géographie,"Quelle grotte ornée d'Ardèche, découverte en 1994, abrite certaines des plus anciennes peintures rupestres connues ?",La grotte Chauvet,2,Sites naturels
694,Divertissement,"Quel film de 2018, avec Lady Gaga et Bradley Cooper, raconte l'ascension d'une jeune chanteuse ?",A Star Is Born,1,Films musicaux
694,Histoire,Quel navire de Greenpeace a été coulé par les services secrets français dans le port d'Auckland en 1985 ?,Le Rainbow Warrior,2,Affaires
694,Arts & Littérature,"Quel poète et essayiste mexicain, auteur du « Labyrinthe de la solitude », reçut le prix Nobel de littérature en 1990 ?",Octavio Paz,3,Prix Nobel de littérature
694,Sciences & Nature,Quel complexe freudien tire son nom d'un roi de Thèbes qui tua son père et épousa sa mère ?,Le complexe d'Œdipe,1,Psychologie
694,Sports & Loisirs,Contre quelle équipe le XV de France a-t-il remporté la demi-finale de la Coupe du monde 1999 (43-31) ?,La Nouvelle-Zélande,2,Rugby – Coupe du monde
695,Géographie,Comment appelle-t-on le phénomène lumineux coloré observé dans le ciel des régions polaires ?,Une aurore polaire,1,Pôles
695,Divertissement,"Quel mangaka a créé « Akira », dont l'action se déroule à Néo-Tokyo ?",Katsuhiro Ōtomo,3,Mangas
695,Histoire,Quel philosophe athénien fut condamné à boire la ciguë en 399 av. J.-C. ?,Socrate,1,Grèce antique
695,Arts & Littérature,Quel poète russe exilé aux États-Unis reçut le prix Nobel de littérature en 1987 ?,Joseph Brodsky,3,Prix Nobel de littérature
695,Sciences & Nature,"Quelle technique d'imagerie médicale, sans rayons X, utilise un puissant champ magnétique ?",L'IRM,1,Imagerie médicale
695,Sports & Loisirs,Quelle nation a battu l'Afrique du Sud en 2015 lors du « miracle de Brighton » ?,Le Japon,3,Rugby – exploits
696,Géographie,Quelle ville est la préfecture de la Corrèze ?,Tulle,3,Préfectures
696,Divertissement,Dans quel dessin animé Disney de 1994 Timon et Pumbaa chantent-ils « Hakuna Matata » ?,Le Roi lion,1,Films musicaux
696,Histoire,Quelle offensive franco-britannique de 1916 a coûté près de 20 000 morts aux Britanniques dès son premier jour ?,La bataille de la Somme,2,Première Guerre mondiale
696,Arts & Littérature,Quel dieu nordique du tonnerre manie le marteau Mjöllnir ?,Thor,1,Mythologie nordique
696,Sciences & Nature,"Quel médecin néerlandais, prix Nobel 1924, a inventé l'électrocardiographe ?",Willem Einthoven,3,Grands médecins
696,Sports & Loisirs,"Quelle spécialité savoyarde associe pommes de terre, lardons, oignons et reblochon gratinés ?",La tartiflette,1,Cuisine régionale
697,Géographie,Quelle est la capitale du Mozambique ?,Maputo,2,Capitales
697,Divertissement,Comment s'appelait le groupe qui accompagnait Bob Marley ?,The Wailers,2,Reggae
697,Histoire,Quelle forteresse parisienne est prise par les insurgés le 14 juillet 1789 ?,La Bastille,1,Révolution française
697,Arts & Littérature,Quel roman de Flaubert suit la jeunesse de Frédéric Moreau et son amour pour Madame Arnoux ?,L'Éducation sentimentale,2,Romans
697,Sciences & Nature,Comment s'appelait le jeune Alsacien mordu par un chien enragé et vacciné par Pasteur en 1885 ?,Joseph Meister,2,Vaccins
697,Sports & Loisirs,Quel milieu croate du Real Madrid a remporté le Ballon d'or en 2018 ?,Luka Modrić,2,Football – champions
698,Géographie,"Quel mur défensif, construit sur ordre d'un empereur au IIe siècle, traversait le nord de l'Angleterre ?",Le mur d'Hadrien,2,Monuments
698,Divertissement,"Quel compositeur italien a écrit la musique du « Bon, la Brute et le Truand » (1966) ?",Ennio Morricone,2,Musiques de films
698,Histoire,"Quel homme politique, surnommé « le père de l'école laïque », fait voter les lois scolaires de 1881-1882 ?",Jules Ferry,1,IIIe République
698,Arts & Littérature,Quel peintre réaliste a peint en 1866 le très provocant « L'Origine du monde » ?,Gustave Courbet,2,Réalisme
698,Sciences & Nature,Quel lézard est célèbre pour sa capacité à changer de couleur et ses yeux mobiles indépendamment ?,Le caméléon,1,Reptiles et amphibiens
698,Sports & Loisirs,De quelle ville espagnole s'est élancé le Tour de France 2023 ?,Bilbao,3,Cyclisme – Tour de France
699,Géographie,Quelle fosse océanique du Pacifique ouest est la plus profonde du monde ?,La fosse des Mariannes,1,Océans et mers
699,Divertissement,Quel lieutenant de cavalerie est le héros d'une série western de Jean-Michel Charlier et Jean Giraud ?,Blueberry,3,BD franco-belge
699,Histoire,Qui est le principal rédacteur de la Déclaration d'indépendance américaine ?,Thomas Jefferson,1,Indépendance américaine
699,Arts & Littérature,Quelle romancière a publié anonymement « La Princesse de Clèves » en 1678 ?,Madame de La Fayette,2,Auteurs
699,Sciences & Nature,Quelle biologiste américaine a dénoncé les dangers des pesticides dans « Printemps silencieux » en 1962 ?,Rachel Carson,3,Écologie
699,Sports & Loisirs,"Quel pilote alsacien a remporté neuf titres consécutifs de champion du monde des rallyes, de 2004 à 2012 ?",Sébastien Loeb,1,Sports mécaniques
700,Géographie,Quel immense temple bouddhiste du IXe siècle se dresse au centre de l'île de Java ?,Borobudur,2,Monuments et sites
700,Divertissement,Quel pionnier du rock a chanté « Johnny B. Goode » et popularisé le « duck walk » ?,Chuck Berry,2,Rock'n'roll
700,Histoire,"Quelle bataille de 1745, remportée par le maréchal de Saxe, est associée à la phrase « Messieurs les Anglais, tirez les premiers » ?",Fontenoy,2,Louis XV
700,Arts & Littérature,Quel roi légendaire de Bretagne réunit autour de lui les chevaliers de la Table ronde ?,Le roi Arthur,1,Légendes arthuriennes
700,Sciences & Nature,Quel arbre au bois très léger est utilisé en aéromodélisme ?,Le balsa,2,Arbres
700,Sports & Loisirs,"Quel loisir consiste à rechercher, à l'aide d'un GPS, des boîtes cachées par d'autres joueurs ?",Le géocaching,2,Loisirs
701,Géographie,Quelle communauté linguistique belge a son siège à Eupen ?,La Communauté germanophone,3,Belgique
701,Divertissement,"Quelle chanson de Joe Dassin commence par « Je m'baladais sur l'avenue, le cœur ouvert à l'inconnu » ?",Les Champs-Élysées,1,Paroles célèbres
701,Histoire,Quelle guerre israélo-arabe d'octobre 1973 tire son nom d'une fête religieuse juive ?,La guerre du Kippour,2,Proche-Orient
701,Arts & Littérature,"Quel quartier parisien, avec le Café de Flore et les Deux Magots, fut le repaire des existentialistes ?",Saint-Germain-des-Prés,1,Lieux littéraires
701,Sciences & Nature,Comment s'appelle l'os du talon ?,Le calcanéus (calcanéum),2,Os et squelette
701,Sports & Loisirs,"Quel pays a remporté la Coupe du monde de rugby 1995, sous les yeux de Nelson Mandela ?",L'Afrique du Sud,1,Rugby – Coupe du monde
702,Géographie,"Quel ouvrage, pont et tunnel, relie depuis 2000 Copenhague à la ville suédoise de Malmö ?",Le pont de l'Øresund,2,Monuments
702,Divertissement,Quelle série de jeux de stratégie de Sid Meier fait guider un peuple de l'Antiquité jusqu'à l'ère spatiale ?,Civilization,2,Jeux vidéo
702,Histoire,Quel roi des Belges possède à titre personnel l'État indépendant du Congo ?,Léopold II,1,Colonisation
702,Arts & Littérature,"Quel est le nom du frêne géant, arbre-monde de la mythologie nordique ?",Yggdrasil,2,Mythologie nordique
702,Sciences & Nature,Quel papillon orange et noir migre chaque année sur des milliers de kilomètres entre le Canada et le Mexique ?,Le monarque,2,Insectes
702,Sports & Loisirs,Quel coureur britannique a réalisé le doublé 5 000 m – 10 000 m aux Jeux de Londres en 2012 puis de Rio en 2016 ?,Mo Farah,2,Athlétisme
703,Géographie,Quelle cité antique proche de Mexico abrite les pyramides du Soleil et de la Lune ?,Teotihuacan,2,Monuments et sites
703,Divertissement,"Quel film Pixar de 2015 se déroule dans la tête d'une fillette, où cohabitent Joie, Tristesse, Colère, Peur et Dégoût ?",Vice-versa,1,Animation
703,Histoire,"Quel pharaon tenta d'imposer le culte d'un dieu unique, le disque solaire Aton ?",Akhenaton,2,Égypte ancienne
703,Arts & Littérature,"Quelle entreprise, fondée par Edwin Land, a commercialisé l'appareil photo à développement instantané ?",Polaroid,2,Photographie
703,Sciences & Nature,"Quel sigle de trois lettres désigne le vaccin combiné contre trois maladies virales infantiles, dont la rougeole ?",Le ROR,1,Vaccins
703,Sports & Loisirs,"Quel couturier d'origine anglaise, installé à Paris en 1858, est considéré comme le père de la haute couture ?",Charles Frederick Worth,3,Mode
704,Géographie,Quel fleuve traverse Dublin ?,La Liffey,3,Fleuves
704,Divertissement,Quel pantin de bois de Disney (1940) voit son nez s'allonger chaque fois qu'il ment ?,Pinocchio,1,Animation
704,Histoire,"Quelle ville des Bouches-du-Rhône, riche en monuments romains, fut surnommée « la petite Rome des Gaules » ?",Arles,2,Gaule
704,Arts & Littérature,Quel style architectural médiéval se caractérise par la croisée d'ogives et l'arc brisé ?,Le gothique,1,Styles architecturaux
704,Sciences & Nature,"Quelle mathématicienne et philosophe d'Alexandrie, assassinée en 415, est l'une des premières femmes scientifiques connues ?",Hypatie,2,Mathématiques
704,Sports & Loisirs,"De quelle couleur est le maillot du leader du classement par points, souvent un sprinteur, sur le Tour de France ?",Vert,1,Cyclisme – Tour de France
705,Géographie,Quel sommet des Alpes bavaroises est le point culminant de l'Allemagne ?,La Zugspitze,2,Montagnes
705,Divertissement,Quelle princesse aux cheveux blonds interminables est enfermée dans une tour dans un film Disney de 2010 ?,Raiponce,1,Animation
705,Histoire,Quel traité de 1920 a amputé la Hongrie d'environ deux tiers de son territoire ?,Le traité de Trianon,3,Traités de paix
705,Arts & Littérature,Quels deux penseurs allemands ont publié ensemble le « Manifeste du parti communiste » en 1848 ?,Karl Marx et Friedrich Engels,1,Philosophie moderne
705,Sciences & Nature,"Quel Français a enregistré le premier son de l'histoire grâce à son phonautographe, breveté en 1857 ?",Édouard-Léon Scott de Martinville,3,Inventeurs
705,Sports & Loisirs,Sur quel défenseur italien Zinédine Zidane a-t-il donné un coup de tête en finale de la Coupe du monde 2006 ?,Marco Materazzi,1,Football – Coupe du monde
706,Géographie,Quelle île grecque des Cyclades est célèbre pour sa caldeira et les maisons blanches du village d'Oia ?,Santorin,1,Îles
706,Divertissement,"Quel chanteur de soul, mort dans un accident d'avion en 1967, a enregistré « (Sittin' On) The Dock of the Bay » ?",Otis Redding,3,Soul
706,Histoire,Quelles provinces la France perd-elle au profit de l'Allemagne par le traité de Francfort de 1871 ?,L'Alsace et une partie de la Lorraine,1,IIIe République
706,Arts & Littérature,"Quel écrivain soviétique, lauréat du prix Nobel de littérature en 1958, fut contraint par le pouvoir de le refuser ?",Boris Pasternak,2,Prix Nobel de littérature
706,Sciences & Nature,"Quelle constellation, en forme de W, se trouve à l'opposé de la Grande Ourse par rapport à l'étoile Polaire ?",Cassiopée,2,Astronomie : constellations
706,Sports & Loisirs,Quelle ville canadienne de la province d'Alberta a accueilli les Jeux olympiques d'hiver de 1988 ?,Calgary,2,Villes olympiques
707,Géographie,Quelle est la plus grande des îles bretonnes ?,Belle-Île-en-Mer,2,Îles
707,Divertissement,Dans quel cimetière parisien repose Jim Morrison ?,Le Père-Lachaise,2,Célébrités de la musique
707,Histoire,Quel « Libertador » vénézuélien a donné son nom à un pays d'Amérique du Sud ?,Simón Bolívar,1,Amérique latine
707,Arts & Littérature,Quel écrivain italien a créé la marionnette Pinocchio ?,Carlo Collodi,2,Littérature italienne
707,Sciences & Nature,"Quelle maladie, surnommée « maladie du baiser », est due au virus d'Epstein-Barr ?",La mononucléose,2,Maladies
707,Sports & Loisirs,Quel coureur éthiopien a remporté pieds nus le marathon olympique de Rome en 1960 ?,Abebe Bikila,2,Champions olympiques
708,Géographie,Quelle capitale européenne fut surnommée « la Gibraltar du Nord » pour ses puissantes fortifications ?,Luxembourg,2,Luxembourg
708,Divertissement,"Comment s'appelle le vieux rat, maître en arts martiaux des Tortues Ninja ?",Splinter,2,Dessins animés
708,Histoire,Entre quelles deux villes la première ligne de TGV a-t-elle été mise en service en 1981 ?,Paris et Lyon,1,Techniques
708,Arts & Littérature,Quel peintre originaire de Vitebsk a réalisé en 1964 le nouveau plafond de l'Opéra Garnier ?,Marc Chagall,2,École de Paris
708,Sciences & Nature,"Quel psychologue français a conçu en 1905, avec Théodore Simon, le premier test d'intelligence ?",Alfred Binet,2,Psychologie
708,Sports & Loisirs,Quel biathlète norvégien a remporté huit titres olympiques entre 1998 et 2014 ?,Ole Einar Bjørndalen,3,Sports d'hiver
709,Géographie,"Quel nom porte le littoral rocheux des Pyrénées-Orientales, de Collioure à Cerbère ?",La côte Vermeille,3,Côtes
709,Divertissement,"Quel film de Greta Gerwig, sorti en 2023, est consacré à une célèbre poupée de la marque Mattel ?",Barbie,1,Cinéma international
709,Histoire,En quelle année la Déclaration d'indépendance des États-Unis est-elle adoptée ?,1776,1,Indépendance américaine
709,Arts & Littérature,Quel roman de Georges Perec est entièrement écrit sans la lettre « e » ?,La Disparition,2,Romans
709,Sciences & Nature,"Selon l'article de George Miller paru en 1956, combien d'éléments la mémoire à court terme retient-elle en moyenne ?",Sept (plus ou moins deux),2,Psychologie
709,Sports & Loisirs,"Dans quel sport olympique dévale-t-on une piste de glace allongé sur le dos, les pieds en avant ?",La luge,2,Sports d'hiver
710,Géographie,Quel archipel français subantarctique de l'océan Indien fut surnommé « îles de la Désolation » par James Cook ?,Les Kerguelen,2,Pôles
710,Divertissement,Quelle chanteuse a repris « I Will Always Love You » pour le film « Bodyguard » en 1992 ?,Whitney Houston,1,Pop américaine
710,Histoire,"Quel ministre des Affaires étrangères, artisan de l'Entente cordiale, dirige la diplomatie française de 1898 à 1905 ?",Théophile Delcassé,3,Relations internationales
710,Arts & Littérature,Quel est l'instrument le plus grave de la famille des cordes frottées dans l'orchestre ?,La contrebasse,1,Instruments
710,Sciences & Nature,Quel météorologue allemand a formulé au début du XXe siècle la théorie de la dérive des continents ?,Alfred Wegener,2,Géologie
710,Sports & Loisirs,Quelle discipline nordique associe une épreuve de saut à ski et une course de ski de fond ?,Le combiné nordique,2,Sports d'hiver
711,Géographie,"Quelle ville, siège du Parlement, est la capitale officielle du Sri Lanka ?",Sri Jayawardenepura Kotte,3,Asie
711,Divertissement,"Quelle chanson de Louis Armstrong, sortie en 1967, célèbre les arbres verts et les roses rouges ?",What a Wonderful World,1,Jazz
711,Histoire,"Quelle religieuse, prix Nobel de la paix 1979, a consacré sa vie aux plus pauvres de Calcutta ?",Mère Teresa,1,Personnalités
711,Arts & Littérature,Quelle école allemande d'art et d'architecture Walter Gropius a-t-il fondée à Weimar en 1919 ?,Le Bauhaus,2,Mouvements architecturaux
711,Sciences & Nature,En combien de poches se divise l'estomac de la vache ?,Quatre,2,Mammifères
711,Sports & Loisirs,Quelle maison fondée à Paris en 1837 par un harnacheur est réputée pour ses carrés de soie ?,Hermès,2,Mode
712,Géographie,Quelle forteresse des Hospitaliers en Syrie est considérée comme le chef-d'œuvre de l'architecture militaire des croisés ?,Le krak des Chevaliers,3,Monuments
712,Divertissement,Quelle série d'Alexandre Astier revisite avec humour la légende du roi Arthur ?,Kaamelott,1,Séries françaises
712,Histoire,"De quel mot latin, désignant la première province romaine de Gaule, vient le nom de la Provence ?",Provincia,2,Gaule
712,Arts & Littérature,Quel maître américain de l'horreur a écrit « Carrie » et « Shining » ?,Stephen King,1,Littérature américaine
712,Sciences & Nature,Quel virus est responsable de la Covid-19 ?,Le SARS-CoV-2,1,Maladies
712,Sports & Loisirs,Quel Américain de 17 ans a remporté Roland-Garros en 1989 ?,Michael Chang,3,Tennis – champions
713,Géographie,Quelle rivière québécoise rejoint le Saint-Laurent à Tadoussac après avoir creusé un long fjord ?,Le Saguenay,2,Québec
713,Divertissement,Quel acteur incarne Rhett Butler dans « Autant en emporte le vent » ?,Clark Gable,2,Classiques hollywoodiens
713,Histoire,"Quel peuple germanique, installé en Italie au VIe siècle, a donné son nom à une région autour de Milan ?",Les Lombards,2,Grandes invasions
713,Arts & Littérature,Comment appelle-t-on le court poème japonais de dix-sept syllabes ?,Le haïku,1,Littérature japonaise
713,Sciences & Nature,"Quel savant allemand a fondé à Leipzig, en 1879, le premier laboratoire de psychologie expérimentale ?",Wilhelm Wundt,3,Psychologie
713,Sports & Loisirs,Quel fromage grec conservé en saumure est fabriqué principalement avec du lait de brebis ?,La feta,1,Fromages
714,Géographie,Quel fleuve traverse Hambourg avant de rejoindre la mer du Nord ?,L'Elbe,2,Fleuves
714,Divertissement,Quel personnage de rock star extraterrestre David Bowie a-t-il incarné à partir de 1972 ?,Ziggy Stardust,2,Pop-rock britannique
714,Histoire,"Quelle reine d'Angleterre, fille d'Henri VIII et d'Anne Boleyn, fut surnommée « la Reine vierge » ?",Élisabeth Ire,1,Angleterre Tudor
714,Arts & Littérature,Quel peintre romantique allemand a peint « Le Voyageur contemplant une mer de nuages » ?,Caspar David Friedrich,3,Romantisme
714,Sciences & Nature,Quelle psychanalyste française animait à la radio l'émission « Lorsque l'enfant paraît » dans les années 1970 ?,Françoise Dolto,1,Psychologie
714,Sports & Loisirs,Comment appelle-t-on au Japon les fines tranches de poisson cru servies sans riz ?,Le sashimi,1,Cuisine du monde
715,Géographie,"Quel palais minoen, associé au mythe du Minotaure, se trouve près d'Héraklion ?",Knossos,2,Monuments
715,Divertissement,"Quel film de 1977, avec John Travolta, a déclenché la fièvre du disco ?",La Fièvre du samedi soir,1,Disco
715,Histoire,Quel fondateur de l'empire du Mali est le héros d'une grande épopée mandingue ?,Soundiata Keïta,3,Afrique médiévale
715,Arts & Littérature,Quel architecte et inventeur a conçu le Labyrinthe du roi Minos avant de s'en évader avec des ailes ?,Dédale,1,Mythologie grecque
715,Sciences & Nature,Quel inventeur français a déposé en 1974 le brevet de la carte à puce ?,Roland Moreno,3,Informatique
715,Sports & Loisirs,"Dans quel grand vignoble français produit-on le sauternes, vin blanc liquoreux ?",Le Bordelais,1,Vins
716,Géographie,Quelle chapelle de Vence a été entièrement conçue et décorée par Henri Matisse ?,La chapelle du Rosaire,3,Monuments
716,Divertissement,"Quel monstre géant, apparu pour la première fois dans un film japonais de 1954, dévaste Tokyo ?",Godzilla,1,Cinéma asiatique
716,Histoire,Quel empereur romain est accusé par la légende d'avoir chanté en contemplant l'incendie de Rome en 64 ?,Néron,1,Rome antique
716,Arts & Littérature,"Quelle écrivaine algérienne, autrice de « La Soif », a été élue à l'Académie française en 2005 ?",Assia Djebar,3,Francophonie
716,Sciences & Nature,Quels organes en forme de haricot filtrent le sang pour produire l'urine ?,Les reins,1,Organes
716,Sports & Loisirs,Dans quelle ville se dispute l'Open d'Australie ?,Melbourne,1,Tennis – compétitions
717,Géographie,"Quel volcan actif, le plus austral du monde, se dresse sur l'île de Ross ?",Le mont Erebus,3,Pôles
717,Divertissement,Quel duo français casqué a connu un succès mondial avec « One More Time » ?,Daft Punk,1,Électro
717,Histoire,Quel religieux chiite a pris la tête de l'Iran après la révolution de 1979 ?,L'ayatollah Khomeini,1,Moyen-Orient
717,Arts & Littérature,Qu'était une « maille » dans l'expression « avoir maille à partir » ?,Une petite pièce de monnaie,3,Expressions
717,Sciences & Nature,Comment appelle-t-on la concrétion calcaire qui s'élève du sol d'une grotte ?,La stalagmite,1,Géologie
717,Sports & Loisirs,Quels beignets japonais très légers de légumes et de crevettes auraient été introduits par des missionnaires portugais ?,Les tempuras,2,Cuisine du monde
718,Géographie,Quelle place forte des marais de Charente-Maritime passe pour être la ville natale de Samuel de Champlain ?,Brouage,3,Monuments
718,Divertissement,"Quelle chanteuse britannique a interprété « Skyfall », chanson du James Bond sorti en 2012 ?",Adele,1,Pop
718,Histoire,Comment appelle-t-on la journée de janvier 1905 où la troupe tire sur des manifestants pacifiques à Saint-Pétersbourg ?,Le Dimanche rouge,2,Russie
718,Arts & Littérature,Quel écrivain suisse a écrit « La Vérité sur l'affaire Harry Quebert » ?,Joël Dicker,1,Romans contemporains
718,Sciences & Nature,"Quelle grande fleur jaune, dont on tire une huile, oriente sa tête vers le soleil quand elle est jeune ?",Le tournesol,1,Plantes
718,Sports & Loisirs,"Au jeu de l'oie, quelle case numérotée représente la mort et oblige à recommencer la partie ?",La case 58,3,Jeux de société
719,Géographie,"Quel cap, doublé par Bartolomeu Dias en 1488, fut d'abord baptisé « cap des Tempêtes » ?",Le cap de Bonne-Espérance,2,Sites célèbres
719,Divertissement,Quelle actrice américaine incarne Ellen Ripley dans « Alien » (1979) ?,Sigourney Weaver,2,Science-fiction
719,Histoire,"Quel prêtre a lancé à la radio, durant l'hiver 1954, un appel en faveur des sans-abri ?",L'abbé Pierre,1,Société française
719,Arts & Littérature,Quel roman commence par « Ça a débuté comme ça » ?,Voyage au bout de la nuit,3,Incipits
719,Sciences & Nature,Comment appelle-t-on la spécialité médicale consacrée aux enfants ?,La pédiatrie,1,Spécialités médicales
719,Sports & Loisirs,"Dans quelle ville a eu lieu le drame du stade du Heysel, en 1985 ?",Bruxelles,2,Football – stades
720,Géographie,Quel nom familier désigne le promontoire de Monaco-Ville où se dresse le palais princier ?,Le Rocher,2,Monaco
720,Divertissement,Dans quel pays la trilogie « Le Seigneur des anneaux » de Peter Jackson a-t-elle été tournée ?,La Nouvelle-Zélande,1,Sagas
720,Histoire,Comment appelle-t-on la querelle religieuse des VIIIe et IXe siècles qui opposa à Byzance partisans et adversaires des images saintes ?,L'iconoclasme,3,Byzance
720,Arts & Littérature,Quel artiste a peint « La Cène » sur un mur du couvent Santa Maria delle Grazie à Milan ?,Léonard de Vinci,1,Renaissance
720,Sciences & Nature,"Quelle unité de distance, utilisée en astronomie, vaut environ 9 460 milliards de kilomètres ?",L'année-lumière,1,Unités et mesures
720,Sports & Loisirs,"Au snooker, quel est le score maximal réalisable en une seule série, sans faute de l'adversaire ?",147,3,Sports insolites
721,Géographie,"Dans quelle ville se trouve la plus célèbre Cité radieuse de Le Corbusier, surnommée « la Maison du fada » ?",Marseille,2,Monuments
721,Divertissement,Dans quelle saga de science-fiction Keanu Reeves incarne-t-il Neo ?,Matrix,1,Science-fiction
721,Histoire,Quelle capitale cérémonielle des rois achéménides fut incendiée par Alexandre le Grand ?,Persépolis,2,Mésopotamie et Proche-Orient
721,Arts & Littérature,"Quel poète romantique anglais, auteur de « Don Juan », est mort à Missolonghi en 1824 en soutenant l'indépendance grecque ?",Lord Byron,2,Littérature anglaise
721,Sciences & Nature,"Quelle unité, en plus du kilojoule, sert à exprimer l'énergie apportée par les aliments ?",La kilocalorie,1,Nutrition
721,Sports & Loisirs,Comment appelle-t-on la collection des étiquettes de boîtes de fromage ?,La tyrosémiophilie,3,Fromages
722,Géographie,"Quel tunnel ferroviaire suisse, inauguré en 2016, était alors le plus long du monde ?",Le tunnel de base du Saint-Gothard,2,Suisse
722,Divertissement,"Quels disques de carton à collectionner, que l'on retournait avec un « kini », ont envahi les cours de récréation dans les années 1990 ?",Les Pogs,2,Culture pop
722,Histoire,"Quelle chienne soviétique fut, en novembre 1957, le premier animal placé en orbite autour de la Terre ?",Laïka,1,Conquête spatiale
722,Arts & Littérature,Quel roman de James Joyce se déroule entièrement à Dublin le 16 juin 1904 ?,Ulysse,2,Littérature anglaise
722,Sciences & Nature,"Quel animal de la forêt congolaise, aux pattes rayées comme un zèbre, est le plus proche parent vivant de la girafe ?",L'okapi,2,Mammifères
722,Sports & Loisirs,"Quel joueur des Los Angeles Lakers, surnommé « Black Mamba », est mort dans un accident d'hélicoptère en 2020 ?",Kobe Bryant,1,Basket – champions
723,Géographie,Quelle vallée désertique de Californie est l'un des endroits les plus chauds de la planète ?,La Vallée de la Mort,1,Amériques
723,Divertissement,Quelle chanteuse a créé « Mon amant de Saint-Jean » en 1942 ?,Lucienne Delyle,3,Chanson française
723,Histoire,Contre quels colons d'origine néerlandaise les Britanniques mènent-ils une guerre en Afrique australe de 1899 à 1902 ?,Les Boers,2,Colonisation
723,Arts & Littérature,Quel valet rusé et ancien barbier est le héros de la trilogie de Beaumarchais ?,Figaro,1,Théâtre
723,Sciences & Nature,Comment appelle-t-on l'abri de branches et de boue construit par le castor ?,La hutte,3,Mammifères
723,Sports & Loisirs,Quel Américain est devenu champion du monde d'échecs en 1972 en battant Boris Spassky à Reykjavik ?,Bobby Fischer,1,Échecs
724,Géographie,"Quelle rivière, qui a donné son nom à un département, traverse Metz ?",La Moselle,2,Fleuves et rivières
724,Divertissement,Quel est le prénom du lionceau héros du « Roi Lion » de Disney (1994) ?,Simba,1,Animation
724,Histoire,Quel pays a d'abord rejeté le traité de Maastricht par référendum en juin 1992 ?,Le Danemark,3,Construction européenne
724,Arts & Littérature,Comment appelle-t-on le petit signe placé sous le « c » de « garçon » ?,La cédille,1,Langue française
724,Sciences & Nature,"Quel pigment blanc toxique, à base de plomb, a longtemps été utilisé en peinture et en cosmétique ?",La céruse,3,Chimie : matériaux
724,Sports & Loisirs,"Quelle série de 2020 suit Beth Harmon, orpheline devenue prodige des échecs ?",Le Jeu de la dame,1,Échecs
725,Géographie,"Quelle ville, chantée par Jacques Brel, est la préfecture de la Haute-Saône ?",Vesoul,2,Préfectures
725,Divertissement,Au sein de quel duo George Michael a-t-il chanté « Last Christmas » en 1984 ?,Wham!,2,Pop britannique
725,Histoire,Quel auteur champenois du XIIe siècle a écrit « Perceval ou le Conte du Graal » ?,Chrétien de Troyes,2,Culture médiévale
725,Arts & Littérature,Quel peintre a fait scandale au Salon des refusés de 1863 avec « Le Déjeuner sur l'herbe » ?,Édouard Manet,1,Tableaux célèbres
725,Sciences & Nature,"Quel inventeur italien, pionnier de la télégraphie sans fil, a reçu le prix Nobel de physique en 1909 ?",Guglielmo Marconi,2,Grands scientifiques
725,Sports & Loisirs,"Quel club a remporté la Ligue des champions 2012 aux tirs au but, à Munich, face au Bayern ?",Chelsea,2,Football – clubs
726,Géographie,Quel royaume montagneux est entièrement enclavé dans l'Afrique du Sud ?,Le Lesotho,2,Pays
726,Divertissement,"Comment s'appelle le chef du village d'Astérix, porté sur un bouclier ?",Abraracourcix,2,BD franco-belge
726,Histoire,Quel saint castillan fonda l'ordre des Frères prêcheurs ?,Saint Dominique,2,Église médiévale
726,Arts & Littérature,Quel peintre impressionniste est célèbre pour ses nombreuses danseuses de l'Opéra peintes au pastel ?,Edgar Degas,1,Impressionnisme
726,Sciences & Nature,"Quel élément, nommé en 2016, est le premier découvert en Asie et porte le nom japonais du Japon ?",Le nihonium,3,Chimie : éléments
726,Sports & Loisirs,"Comment appelle-t-on la phase de jeu où les avants des deux équipes, liés entre eux, poussent pour conquérir le ballon ?",La mêlée,1,Rugby – vocabulaire
727,Géographie,Quelle ville croate s'est développée à l'intérieur du palais de l'empereur romain Dioclétien ?,Split,2,Villes
727,Divertissement,Quelle chanson de Maxime Le Forestier évoque « une maison bleue adossée à la colline » ?,San Francisco,2,Paroles célèbres
727,Histoire,En quelle année Louis XIV révoque-t-il l'édit de Nantes ?,1685,2,Louis XIV
727,Arts & Littérature,Quel Titan fut condamné par Zeus à porter la voûte céleste sur ses épaules ?,Atlas,1,Mythologie grecque
727,Sciences & Nature,"Quel pigment orange, précurseur de la vitamine A, donne sa couleur à la carotte ?",Le bêta-carotène,2,Nutrition
727,Sports & Loisirs,Quel capitaine argentin a soulevé le trophée de la Coupe du monde 2022 ?,Lionel Messi,1,Football – Coupe du monde
728,Géographie,Quelle grande ville américaine a été fondée en 1701 par le Français Antoine de La Mothe-Cadillac ?,Détroit,2,Grandes villes
728,Divertissement,Quel droïde doré et bavard accompagne R2-D2 dans « Star Wars » ?,C-3PO,1,Sagas
728,Histoire,Quel officier était le véritable auteur du bordereau attribué à Dreyfus ?,Ferdinand Walsin Esterhazy,3,Affaire Dreyfus
728,Arts & Littérature,Quel scénariste a créé Astérix avec Albert Uderzo en 1959 ?,René Goscinny,1,Bande dessinée
728,Sciences & Nature,Comment appelle-t-on la réaction entre un acide et une base qui produit un sel et de l'eau ?,La neutralisation,2,Chimie : réactions
728,Sports & Loisirs,"Quel légendaire pivot des Celtics a donné son nom, en 2009, au trophée de meilleur joueur des finales NBA ?",Bill Russell,3,Basket – compétitions
729,Géographie,Quel lac italien en forme de Y renversé baigne la ville de Bellagio ?,Le lac de Côme,2,Lacs
729,Divertissement,Quelle actrice incarne la Mariée en combinaison jaune dans « Kill Bill » de Quentin Tarantino ?,Uma Thurman,2,Acteurs
729,Histoire,Quel artiste de la Renaissance a peint le plafond de la chapelle Sixtine ?,Michel-Ange,1,Renaissance
729,Arts & Littérature,Quel compositeur né en Allemagne et naturalisé anglais a écrit « Le Messie » et « Water Music » ?,Georg Friedrich Haendel,2,Musique baroque
729,Sciences & Nature,"Quel élément radioactif, découvert en 1939 par Marguerite Perey, porte le nom de la France ?",Le francium,2,Chimie : éléments
729,Sports & Loisirs,Combien de minutes dure un round de boxe professionnelle masculine ?,Trois minutes,2,Boxe
730,Géographie,Comment s'appelle la monnaie de la Pologne ?,Le złoty,2,Monnaies
730,Divertissement,Quel album des Beatles de 1967 met en scène une fanfare fictive dirigée par un sergent ?,Sgt. Pepper's Lonely Hearts Club Band,2,Albums
730,Histoire,Quel pays est frappé à partir de 1845 par une grande famine due au mildiou de la pomme de terre ?,L'Irlande,1,Europe au XIXe siècle
730,Arts & Littérature,Quelle femme peintre fut la portraitiste attitrée de la reine Marie-Antoinette ?,Élisabeth Vigée Le Brun,2,Peintres
730,Sciences & Nature,Quelle est la racine carrée de 144 ?,12,1,Mathématiques
730,Sports & Loisirs,Comment appelle-t-on le regroupement spontané de joueurs debout au-dessus du ballon posé au sol ?,Un ruck,3,Rugby – vocabulaire
731,Géographie,Quel navigateur britannique a exploré et cartographié la côte est de l'Australie en 1770 ?,James Cook,1,Océanie
731,Divertissement,"Quel enfant acteur incarne Kevin McCallister dans « Maman, j'ai raté l'avion » ?",Macaulay Culkin,2,Acteurs
731,Histoire,Dans quel quartier de Paris le Centre national d'art et de culture Georges-Pompidou a-t-il été inauguré en 1977 ?,Beaubourg,2,Ve République
731,Arts & Littérature,"Comment appelle-t-on la répétition d'une même consonne, comme dans « Pour qui sont ces serpents qui sifflent sur vos têtes » ?",Une allitération,2,Versification
731,Sciences & Nature,"Comment appelle-t-on les amas de cellules du pancréas qui sécrètent l'insuline, du nom d'un anatomiste allemand ?",Les îlots de Langerhans,2,Hormones et glandes
731,Sports & Loisirs,Quelle galette fine à base de farine de pois chiches est une spécialité de rue niçoise ?,La socca,2,Cuisine régionale
732,Géographie,"Quel archipel guyanais, qui comprend l'île du Diable, abritait un bagne ?",Les îles du Salut,2,Outre-mer
732,Divertissement,"Quel acteur donne la réplique à Dalida dans le duo « Paroles, paroles » en 1973 ?",Alain Delon,1,Variété française
732,Histoire,Quel étudiant tchèque s'est immolé par le feu à Prague en janvier 1969 pour protester contre l'occupation soviétique ?,Jan Palach,3,Guerre froide
732,Arts & Littérature,Quel roman de Ray Bradbury doit son titre à la température à laquelle le papier s'enflamme ?,Fahrenheit 451,1,Littérature américaine
732,Sciences & Nature,Quelle unité de base du Système international mesure la quantité de matière ?,La mole,2,Unités et mesures
732,Sports & Loisirs,Quel pilote finlandais surnommé « Iceman » a été champion du monde de Formule 1 avec Ferrari en 2007 ?,Kimi Räikkönen,2,Sports mécaniques
733,Géographie,Quel golfe de l'Atlantique s'étend de la pointe de la Bretagne jusqu'au nord de l'Espagne ?,Le golfe de Gascogne,1,Côtes
733,Divertissement,Quel dessinateur italien a créé le marin aventurier Corto Maltese ?,Hugo Pratt,2,BD internationale
733,Histoire,Quel bal costumé de 1393 tourna au drame lorsque plusieurs danseurs déguisés en sauvages prirent feu ?,Le bal des Ardents,3,Guerre de Cent Ans
733,Arts & Littérature,Quel roman d'Umberto Eco se déroule dans une abbaye bénédictine en 1327 ?,Le Nom de la rose,1,Littérature italienne
733,Sciences & Nature,Comment appelle-t-on la température à laquelle la vapeur d'eau de l'air commence à se condenser ?,Le point de rosée,3,Météorologie
733,Sports & Loisirs,"Quel Mousquetaire du tennis, surnommé « le Crocodile », a fondé une célèbre marque de vêtements ?",René Lacoste,1,Tennis – champions
734,Géographie,Quelles chutes célèbres sont partagées entre l'Ontario et l'État de New York ?,Les chutes du Niagara,1,Amériques
734,Divertissement,Sous quel nom de scène d'une seule lettre Matthieu Chedid se produit-il ?,-M-,2,Pop française
734,Histoire,Quel duc de Bourgogne fut assassiné sur le pont de Montereau en 1419 ?,Jean sans Peur,3,Guerre de Cent Ans
734,Arts & Littérature,Quelle adolescente juive a tenu un journal intime célèbre pendant qu'elle se cachait à Amsterdam de 1942 à 1944 ?,Anne Frank,1,Littérature néerlandaise
734,Sciences & Nature,En quelle année est entrée en vigueur la nouvelle définition du kilogramme fondée sur la constante de Planck ?,2019,3,Unités et mesures
734,Sports & Loisirs,"Quel pilote italien de moto, surnommé « The Doctor », a remporté neuf titres de champion du monde ?",Valentino Rossi,1,Sports mécaniques
735,Géographie,"Quel ouvrage de l'Aveyron, conçu par l'architecte Norman Foster et inauguré en 2004, franchit la vallée du Tarn ?",Le viaduc de Millau,1,Monuments
735,Divertissement,"Quel jeu français de 1992, conçu par Frédérick Raynal, est considéré comme le pionnier du « survival horror » ?",Alone in the Dark,3,Jeux vidéo
735,Histoire,Quel congrès réuni en 1814-1815 redessine la carte de l'Europe après Napoléon ?,Le congrès de Vienne,1,Restauration
735,Arts & Littérature,Quelle chorégraphe allemande a dirigé le Tanztheater de Wuppertal ?,Pina Bausch,2,Danse
735,Sciences & Nature,Quel psychiatre et psychanalyste britannique est à l'origine de la théorie de l'attachement ?,John Bowlby,3,Psychologie
735,Sports & Loisirs,Comment appelle-t-on une prolongation qui s'arrête dès que l'une des deux équipes marque ?,La mort subite,1,Vocabulaire et règles
736,Géographie,"Quelle ville malienne, surnommée « la cité des 333 saints », fut un grand foyer intellectuel de l'islam ?",Tombouctou,2,Villes
736,Divertissement,"Quel lapin demande « Quoi de neuf, docteur ? » en croquant une carotte ?",Bugs Bunny,1,Dessins animés
736,Histoire,Quel président du Conseil français a négocié en 1954 les accords mettant fin à la guerre d'Indochine ?,Pierre Mendès France,2,Décolonisation
736,Arts & Littérature,Quel surintendant de la musique de Louis XIV est mort après s'être blessé au pied avec son bâton de direction ?,Jean-Baptiste Lully,2,Musique baroque
736,Sciences & Nature,Quel botaniste montpelliérain a donné son nom au magnolia ?,Pierre Magnol,3,Plantes
736,Sports & Loisirs,Quel créateur allemand fut directeur artistique de la maison Chanel de 1983 à sa mort en 2019 ?,Karl Lagerfeld,1,Mode
737,Géographie,"Quelle étroite bande de dunes, classée à l'Unesco, est partagée entre la Lituanie et l'exclave russe de Kaliningrad ?",L'isthme de Courlande,3,Sites célèbres
737,Divertissement,Dans quel film de 1940 Charlie Chaplin parodie-t-il Adolf Hitler sous les traits d'Adenoid Hynkel ?,Le Dictateur,1,Classiques hollywoodiens
737,Histoire,"Quel impôt, versé à l'Église, correspondait à une part d'environ un dixième des récoltes ?",La dîme,1,Église médiévale
737,Arts & Littérature,"À qui La Fontaine a-t-il dédié son premier recueil de fables, en 1668 ?","Au Dauphin, fils de Louis XIV",3,Fables
737,Sciences & Nature,Quel oiseau pond ses œufs dans le nid d'autres espèces qui élèvent ses petits ?,Le coucou,1,Oiseaux
737,Sports & Loisirs,Quel sélectionneur a conduit l'équipe de France jusqu'à la finale de la Coupe du monde 2006 ?,Raymond Domenech,2,Football – équipe de France
738,Géographie,"Combien de temps dure le jour sidéral, rotation complète de la Terre par rapport aux étoiles ?",23 h 56 min,3,Fuseaux et latitudes
738,Divertissement,Quel genre musical afro-américain est né dans le delta du Mississippi ?,Le blues,1,Blues
738,Histoire,"Comment surnomme-t-on le 24 octobre 1929, premier jour de panique du krach de Wall Street ?",Le Jeudi noir,1,Crise de 1929
738,Arts & Littérature,Quel monstre dont les têtes repoussaient quand on les coupait Héraclès affronta-t-il dans les marais de Lerne ?,L'Hydre,2,Mythologie grecque
738,Sciences & Nature,"Quel ingénieur militaire lorrain a construit vers 1770 le fardier, premier véhicule automobile à vapeur ?",Joseph Cugnot,3,Transports
738,Sports & Loisirs,"Quel Suédois a remporté cinq fois de suite le tournoi de Wimbledon, de 1976 à 1980 ?",Björn Borg,1,Tennis – champions
739,Géographie,Sur quel plateau de la ville de Luxembourg sont installées de nombreuses institutions européennes ?,Le Kirchberg,3,Luxembourg
739,Divertissement,"Dans « The Voice », que font les coachs pour montrer qu'ils veulent un candidat lors des auditions à l'aveugle ?",Ils retournent leur fauteuil,1,Émissions
739,Histoire,Quel cosmonaute soviétique est devenu le premier homme dans l'espace le 12 avril 1961 ?,Youri Gagarine,1,Conquête spatiale
739,Arts & Littérature,"Quelle danse à trois temps, élégante et à petits pas, était en vogue à la cour de Louis XIV ?",Le menuet,2,Danse
739,Sciences & Nature,Comment appelle-t-on la résine fossilisée de conifères qui renferme parfois des insectes ?,L'ambre,1,Arbres
739,Sports & Loisirs,Quel mannequin britannique des années 1960 était surnommé « la brindille » ?,Twiggy,3,Mode
740,Géographie,Dans quel village luxembourgeois fut signé en 1985 l'accord sur la libre circulation des personnes en Europe ?,Schengen,2,Luxembourg
740,Divertissement,Quel jeu mobile finlandais consiste à catapulter des oiseaux sur des cochons verts ?,Angry Birds,1,Jeux vidéo
740,Histoire,Comment s'appelait le système de cordelettes à nœuds qu'utilisaient les Incas pour compter ?,Le quipu,3,Amériques précolombiennes
740,Arts & Littérature,Quel cow-boy solitaire de bande dessinée « tire plus vite que son ombre » ?,Lucky Luke,1,Bande dessinée
740,Sciences & Nature,Quelle est l'unité de force dans le Système international ?,Le newton,1,Unités et mesures
740,Sports & Loisirs,"Quel Français a terminé deuxième du Tour de France 2014, derrière Vincenzo Nibali ?",Jean-Christophe Péraud,3,Cyclisme – Tour de France
741,Géographie,Quel cirque glaciaire des Hautes-Pyrénées est célèbre pour sa grande cascade ?,Le cirque de Gavarnie,2,Montagnes
741,Divertissement,"Quel poète a écrit les paroles des « Feuilles mortes », sur une musique de Joseph Kosma ?",Jacques Prévert,2,Chanson française
741,Histoire,Qui est élu premier président de la République française en décembre 1848 ?,Louis-Napoléon Bonaparte,1,IIe République
741,Arts & Littérature,"Quel écrivain péruvien, auteur de « La Ville et les Chiens », a reçu le prix Nobel de littérature en 2010 ?",Mario Vargas Llosa,2,Littérature latino-américaine
741,Sciences & Nature,Comment appelle-t-on la mort cellulaire programmée ?,L'apoptose,3,Cellule
741,Sports & Loisirs,"Quel fromage vosgien à croûte lavée, souvent dégusté avec du cumin, porte le nom d'une ville du Haut-Rhin ?",Le munster,1,Fromages
742,Géographie,"Quelle échelle, créée en 1935 par un sismologue américain, mesure la magnitude des séismes ?",L'échelle de Richter,1,Plaques et séismes
742,Divertissement,Quel acteur incarne le chauffeur de taxi Travis Bickle dans le film de Martin Scorsese ?,Robert De Niro,2,Acteurs
742,Histoire,Quel connétable breton reprit aux Anglais de nombreuses places sous Charles V ?,Bertrand Du Guesclin,2,Guerre de Cent Ans
742,Arts & Littérature,Quel roman de Michel Houellebecq a obtenu le prix Goncourt en 2010 ?,La Carte et le Territoire,2,Prix Goncourt
742,Sciences & Nature,Quelle pierre fine violette est une variété de quartz ?,L'améthyste,2,Géologie
742,Sports & Loisirs,Comment appelle-t-on les appuis réglables sur lesquels les sprinteurs calent leurs pieds au départ ?,Les starting-blocks,1,Athlétisme
743,Géographie,Quelle île des Antilles est partagée entre la France et le royaume des Pays-Bas ?,Saint-Martin,1,Outre-mer
743,Divertissement,"Quelle chanteuse à la coiffure en brosse a chanté « Voyage, voyage » en 1986 ?",Desireless,2,Pop française
743,Histoire,Quel surnom Victor Hugo donne-t-il à Napoléon III dans un pamphlet de 1852 ?,Napoléon le Petit,2,Second Empire
743,Arts & Littérature,Quel dramaturge a créé le personnage grotesque du Père Ubu dans « Ubu roi » ?,Alfred Jarry,2,Théâtre
743,Sciences & Nature,Quelle constellation d'hiver est reconnaissable aux trois étoiles alignées de son « baudrier » ?,Orion,2,Astronomie : constellations
743,Sports & Loisirs,Quelle compétition sud-américaine des clubs est l'équivalent de la Ligue des champions ?,La Copa Libertadores,2,Football – compétitions
744,Géographie,"Quel lac, partagé entre le Pérou et la Bolivie, est réputé le plus haut lac navigable du monde ?",Le lac Titicaca,1,Amériques
744,Divertissement,Quel dessinateur a créé le couple de Français moyens Robert et Raymonde Bidochon ?,Christian Binet,3,BD franco-belge
744,Histoire,Quel peuple a été victime à partir de 1915 d'un génocide perpétré par le gouvernement ottoman ?,Les Arméniens,1,Première Guerre mondiale
744,Arts & Littérature,"Quel philosophe néerlandais d'origine portugaise a écrit « L'Éthique », publiée après sa mort en 1677 ?",Baruch Spinoza,2,Philosophie moderne
744,Sciences & Nature,"Quel métal, ajouté à l'acier à plus de 10,5 %, le rend inoxydable ?",Le chrome,2,Chimie : matériaux
744,Sports & Loisirs,"Quel pays a remporté le premier championnat d'Europe des nations, en 1960 ?",L'URSS,3,Football – Euro
745,Géographie,Quelle est la capitale de l'Égypte ?,Le Caire,1,Capitales
745,Divertissement,Quel cinéaste italien est considéré comme le maître du « western spaghetti » ?,Sergio Leone,2,Réalisateurs
745,Histoire,Quelle loi de 1791 interdit les corporations et les coalitions ouvrières ?,La loi Le Chapelier,3,Révolution française
745,Arts & Littérature,"Dans « Le Loup et le Chien », quel animal préfère sa liberté affamée à un collier ?",Le loup,1,Fables
745,Sciences & Nature,Comment appelle-t-on les bactéries en forme de bâtonnet ?,Les bacilles,2,Microbiologie
745,Sports & Loisirs,Quel golfeur américain surnommé « l'Ours d'or » a remporté 18 tournois majeurs ?,Jack Nicklaus,2,Golf
746,Géographie,Quel nom abrégé désigne la discontinuité qui sépare la croûte terrestre du manteau ?,Le Moho,3,Plaques et séismes
746,Divertissement,Dans quelle ville de Louisiane le jazz est-il né au début du XXe siècle ?,La Nouvelle-Orléans,1,Jazz
746,Histoire,"Quelle affaire criminelle, impliquant la sorcière La Voisin, éclabousse la cour de Louis XIV vers 1680 ?",L'affaire des Poisons,2,Louis XIV
746,Arts & Littérature,Quel écrivain a écrit « On ne voit bien qu'avec le cœur. L'essentiel est invisible pour les yeux » ?,Antoine de Saint-Exupéry,1,Citations
746,Sciences & Nature,"Quel poisson, appelé fugu au Japon, peut se gonfler en boule et contient un poison mortel ?",Le poisson-globe,1,Poissons et animaux marins
746,Sports & Loisirs,"Quelle couturière italienne, rivale de Chanel dans l'entre-deux-guerres, a lancé la couleur « rose shocking » ?",Elsa Schiaparelli,3,Mode
747,Géographie,Quel fleuve arrose Séville et Cordoue ?,Le Guadalquivir,3,Fleuves
747,Divertissement,Quel est le nom de famille des pionniers de « La Petite Maison dans la prairie » ?,Ingalls,1,Séries américaines
747,Histoire,Quel gentilhomme basque fonde la Compagnie de Jésus ?,Ignace de Loyola,2,Réforme
747,Arts & Littérature,Comment s'appelle le support à trois pieds sur lequel le peintre pose sa toile ?,Le chevalet,1,Techniques
747,Sciences & Nature,Quelle période géologique doit son nom au mot latin désignant la craie ?,Le Crétacé,2,Géologie
747,Sports & Loisirs,"Sur un dé classique, quel nombre figure sur la face opposée au 6 ?",Le 1,2,Jeux de société
748,Géographie,Quel alphabet sert à écrire le bulgare ?,L'alphabet cyrillique,2,Langues
748,Divertissement,Quel cinéaste français a réalisé « Le Cinquième Élément » (1997) avec Bruce Willis ?,Luc Besson,1,Réalisateurs
748,Histoire,"Quel pétrolier a fait naufrage au large du Finistère en décembre 1999, souillant les côtes atlantiques ?",L'Erika,2,Catastrophes
748,Arts & Littérature,Quel poète nord-irlandais reçut le prix Nobel de littérature en 1995 ?,Seamus Heaney,3,Prix Nobel de littérature
748,Sciences & Nature,"Quelle partie de l'encéphale, située à l'arrière sous le cerveau, coordonne l'équilibre et les mouvements ?",Le cervelet,1,Cerveau et nerfs
748,Sports & Loisirs,Quelle actrice aurait suggéré le nom de la tarte tropézienne lors d'un tournage à Saint-Tropez dans les années 1950 ?,Brigitte Bardot,2,Pâtisserie
749,Géographie,"Quel détroit, dont le nom signifie « porte des lamentations », relie la mer Rouge au golfe d'Aden ?",Le Bab-el-Mandeb,2,Mers et détroits
749,Divertissement,De quel pays est originaire la chanteuse Björk ?,L'Islande,1,Pop
749,Histoire,Par quel mot ukrainien désigne-t-on la grande famine qui a frappé l'Ukraine soviétique en 1932-1933 ?,L'Holodomor,3,URSS
749,Arts & Littérature,"Quel philosophe grec, précepteur d'Alexandre le Grand, a fondé le Lycée ?",Aristote,1,Philosophie antique
749,Sciences & Nature,Contre quelle maladie Émile Roux a-t-il mis au point un sérum en 1894 ?,La diphtérie,3,Vaccins
749,Sports & Loisirs,"Quel surnom a été donné à l'équipe américaine de basket des Jeux olympiques de Barcelone, en 1992 ?",La Dream Team,1,Basket – compétitions
750,Géographie,Quel fleuve marque la frontière entre l'Afrique du Sud et le Zimbabwe ?,Le Limpopo,3,Frontières
750,Divertissement,Quelle pièce de Shakespeare est transposée chez les gangs de New York dans « West Side Story » ?,Roméo et Juliette,1,Comédies musicales
750,Histoire,"Quel calife abbasside, contemporain de Charlemagne, apparaît dans les « Mille et Une Nuits » ?",Haroun al-Rachid,2,Monde musulman médiéval
750,Arts & Littérature,"Quel reptile verse des larmes hypocrites, selon l'expression ?",Le crocodile,1,Expressions
750,Sciences & Nature,"Quelle algue tropicale, surnommée « algue tueuse », a envahi la Méditerranée après avoir été repérée près de Monaco en 1984 ?",Caulerpa taxifolia,3,Écologie
750,Sports & Loisirs,Quel jeu de boules d'origine provençale se joue avec des boules d'acier et un cochonnet ?,La pétanque,1,Sports insolites
751,Géographie,Quelle ville du Rajasthan est surnommée la « ville bleue » pour la couleur de ses maisons ?,Jodhpur,3,Grandes villes
751,Divertissement,Qui est le chanteur des Rolling Stones ?,Mick Jagger,1,Pop-rock britannique
751,Histoire,Quelle région industrielle allemande la France et la Belgique ont-elles occupée en 1923 pour obtenir les réparations ?,La Ruhr,2,Allemagne
751,Arts & Littérature,"Contre quoi Don Quichotte charge-t-il, les prenant pour des géants ?",Des moulins à vent,1,Littérature espagnole
751,Sciences & Nature,Comment appelle-t-on l'explosion spectaculaire d'une étoile massive en fin de vie ?,Une supernova,1,Astronomie : Soleil et étoiles
751,Sports & Loisirs,"Dans le relais 4 nages, quelle nage le premier relayeur pratique-t-il ?",Le dos,3,Natation
752,Géographie,Quel sommet d'Alaska est le point culminant de l'Amérique du Nord ?,Le Denali (mont McKinley),2,Amériques
752,Divertissement,Quelle émission de TF1 diffusait des vidéos amateurs de chutes et de maladresses ?,Vidéo Gag,1,Émissions
752,Histoire,"Quel empire d'Afrique de l'Ouest, aussi appelé Wagadou, était surnommé « le pays de l'or » ?",L'empire du Ghana,3,Afrique médiévale
752,Arts & Littérature,"Quel compositeur polonais, installé à Paris, est célèbre pour ses nocturnes et ses polonaises pour piano ?",Frédéric Chopin,1,Compositeurs
752,Sciences & Nature,Comment appelle-t-on le petit du blaireau ?,Le blaireautin (ou blaireauteau),3,Noms des petits
752,Sports & Loisirs,Quelle statue de bronze d'un petit garçon qui urine est un symbole de Bruxelles ?,Le Manneken-Pis,1,Tourisme
753,Géographie,Combien de régions compte la Belgique ?,Trois,2,Belgique
753,Divertissement,Quel animateur a créé le magazine d'aventure et de nature « Ushuaïa » sur TF1 ?,Nicolas Hulot,1,Animateurs
753,Histoire,Quel archevêque de Paris est mortellement blessé sur les barricades lors des journées de Juin 1848 ?,Monseigneur Affre,3,IIe République
753,Arts & Littérature,"Quel philosophe grec, disciple de Socrate, a fondé l'Académie à Athènes ?",Platon,1,Philosophie antique
753,Sciences & Nature,Quel savant français a administré avec succès le premier vaccin contre la rage en 1885 ?,Louis Pasteur,1,Grands scientifiques
753,Sports & Loisirs,Quel géant processionnel en osier est l'emblème de la ville de Douai ?,Gayant,3,Fêtes et traditions
754,Géographie,"À quel archipel italien, au nord de la Sicile, appartiennent Stromboli et Vulcano ?",Les îles Éoliennes,3,Îles
754,Divertissement,Quel jeu de France 2 présenté par Thierry Beccaro consistait à trouver des mots dont on connaissait la première lettre ?,Motus,1,Jeux télé
754,Histoire,"Quel surnom a-t-on donné aux derniers Mérovingiens, qui laissaient gouverner les maires du palais ?",Les rois fainéants,1,Mérovingiens et Carolingiens
754,Arts & Littérature,Quel roman de Saint-Exupéry (1931) évoque les pilotes de l'Aéropostale en Amérique du Sud ?,Vol de nuit,2,Romans
754,Sciences & Nature,"Quelle hormone, sécrétée par les glandes surrénales, accélère le cœur face au danger ?",L'adrénaline,1,Hormones et glandes
754,Sports & Loisirs,Quel plongeur américain s'est cogné la tête contre le tremplin aux Jeux de Séoul en 1988 avant de remporter l'or ?,Greg Louganis,3,Natation
755,Géographie,Quel sommet du Vaucluse est surnommé « le Géant de Provence » ?,Le mont Ventoux,1,Montagnes
755,Divertissement,"Quel est le nom de famille de Paul, le chanteur Stromae ?",Van Haver,3,Célébrités de la chanson
755,Histoire,"Quel général français est mortellement blessé en 1759 à la bataille des plaines d'Abraham, près de Québec ?",Montcalm,2,Guerre de Sept Ans
755,Arts & Littérature,Quel écrivain provençal a imaginé les histoires de « Jean de Florette » et « Manon des sources » ?,Marcel Pagnol,1,Auteurs
755,Sciences & Nature,Combien de cœurs possède le poulpe ?,Trois,2,Poissons et animaux marins
755,Sports & Loisirs,Quel attaquant de l'OM a remporté le Ballon d'or en 1991 ?,Jean-Pierre Papin,2,Football – champions
756,Géographie,Quel parc national de Californie est célèbre pour ses parois d'El Capitan et du Half Dome ?,Yosemite,2,Monuments et sites
756,Divertissement,Quel album de Michael Jackson sorti en 1982 contient « Billie Jean » et « Beat It » ?,Thriller,1,Albums
756,Histoire,"Quel organisme, fondé en 1943, rassemblait les mouvements, partis et syndicats de la Résistance ?",Le Conseil national de la Résistance,2,Résistance
756,Arts & Littérature,Quel peintre russe du suprématisme a peint « Carré blanc sur fond blanc » en 1918 ?,Kasimir Malevitch,3,Art abstrait
756,Sciences & Nature,Quelle maladie infectieuse a été officiellement déclarée éradiquée par l'OMS en 1980 ?,La variole,1,Maladies
756,Sports & Loisirs,Quel récipient en terre cuite à couvercle conique a donné son nom à un plat mijoté marocain ?,Le tajine,1,Cuisine du monde
757,Géographie,Quel volcan de La Réunion compte parmi les plus actifs de la planète ?,Le piton de la Fournaise,1,Outre-mer
757,Divertissement,Comment s'appelle la rue où vivent les héroïnes de « Desperate Housewives » ?,Wisteria Lane,2,Séries américaines
757,Histoire,Comment appelle-t-on le boycott des réunions européennes décidé par la France en 1965 ?,La politique de la chaise vide,3,Construction européenne
757,Arts & Littérature,Quel photographe a immortalisé en 1950 un couple s'embrassant devant l'hôtel de ville de Paris ?,Robert Doisneau,1,Photographie
757,Sciences & Nature,"Quel fut le premier microprocesseur commercialisé, lancé par Intel en 1971 ?",L'Intel 4004,3,Informatique
757,Sports & Loisirs,Comment appelle-t-on un coup frappé avant que la balle n'ait touché le sol ?,Une volée,1,Tennis – vocabulaire
758,Géographie,Quelle montagne pyramidale domine la station valaisanne de Zermatt ?,Le Cervin,1,Suisse
758,Divertissement,Quel compositeur et chef d'orchestre américain a écrit la musique de « West Side Story » ?,Leonard Bernstein,3,Comédies musicales
758,Histoire,Quel astrologue et médecin provençal publie ses célèbres Prophéties en 1555 ?,Nostradamus,1,Renaissance
758,Arts & Littérature,Quel compositeur allemand a écrit « Le Chevalier à la rose » et « Ainsi parlait Zarathoustra » ?,Richard Strauss,2,Compositeurs
758,Sciences & Nature,Combien vaut la somme de tous les nombres entiers de 1 à 100 ?,5 050,2,Mathématiques
758,Sports & Loisirs,Quelle nageuse française est devenue championne olympique du 400 m nage libre aux Jeux d'Athènes en 2004 ?,Laure Manaudou,1,Natation
759,Géographie,Quelle basilique byzantine d'Istanbul fut transformée en mosquée après la prise de la ville en 1453 ?,Sainte-Sophie,1,Monuments
759,Divertissement,"Quel commissaire de la série « Les Cinq Dernières Minutes » s'exclamait « Bon sang, mais c'est bien sûr ! » ?",Le commissaire Bourrel,3,Séries françaises
759,Histoire,Quel empereur philosophe stoïcien a écrit les « Pensées pour moi-même » ?,Marc Aurèle,2,Rome antique
759,Arts & Littérature,Quelle émission littéraire de Bernard Pivot a été diffusée à la télévision de 1975 à 1990 ?,Apostrophes,2,Langue française
759,Sciences & Nature,"Quel inventeur d'origine serbe, rival d'Edison, a promu le courant alternatif ?",Nikola Tesla,1,Grands scientifiques
759,Sports & Loisirs,Quel surnom portait l'équipe de France de handball championne du monde en 1995 ?,Les Barjots,2,Handball – équipe de France
760,Géographie,Quelle ville de Charente a donné son nom à une célèbre eau-de-vie de vin ?,Cognac,1,Villes
760,Divertissement,Quel chanteur a interprété « Mon vieux » en 1974 ?,Daniel Guichard,3,Variété française
760,Histoire,Comment appelait-on les protestants français au XVIe siècle ?,Les huguenots,1,Guerres de religion
760,Arts & Littérature,"Quel peintre russe, auteur de « Du spirituel dans l'art », est considéré comme un pionnier de l'abstraction ?",Vassily Kandinsky,2,Art abstrait
760,Sciences & Nature,Quelle célèbre faille traverse la Californie sur plus de 1 000 km ?,La faille de San Andreas,1,Géologie
760,Sports & Loisirs,Combien d'agrès compte le concours général de gymnastique artistique masculine ?,Six,3,Vocabulaire et règles
761,Géographie,"Quel site birman, dans la plaine de l'Irrawaddy, compte plus de 2 000 temples et pagodes ?",Bagan,3,Monuments et sites
761,Divertissement,Quel crooner américain était surnommé « The Voice » et « Ol' Blue Eyes » ?,Frank Sinatra,1,Jazz vocal
761,Histoire,"Quelle infirmière britannique, surnommée « la Dame à la lampe », s'illustre pendant la guerre de Crimée ?",Florence Nightingale,1,Europe au XIXe siècle
761,Arts & Littérature,"Quel photographe hongrois, cofondateur de Magnum, a photographié le débarquement à Omaha Beach en 1944 ?",Robert Capa,2,Photographie
761,Sciences & Nature,Quelle petite mouche fut l'organisme modèle des travaux de Thomas Morgan sur les chromosomes ?,La drosophile,2,Génétique
761,Sports & Loisirs,"Quel plat mijote longuement des morceaux de bœuf dans du vin rouge avec lardons, champignons et petits oignons ?",Le bœuf bourguignon,1,Cuisine régionale
762,Géographie,Quelle ville a officiellement remplacé Lagos comme capitale du Nigeria en 1991 ?,Abuja,2,Capitales
762,Divertissement,"Dans « Bienvenue chez les Ch'tis », dans quelle ville du Nord le directeur de poste Philippe Abrams est-il muté ?",Bergues,1,Comédies françaises
762,Histoire,"Comment surnomme-t-on le XVIIe siècle, période de prospérité exceptionnelle des Provinces-Unies ?",Le Siècle d'or,2,Provinces-Unies
762,Arts & Littérature,"Quelle magicienne, fille du roi de Colchide, aida Jason avant de tuer leurs propres enfants ?",Médée,2,Mythologie grecque
762,Sciences & Nature,"Quelle petite glande du cerveau sécrète la mélatonine, l'hormone du sommeil ?",L'épiphyse (glande pinéale),2,Hormones et glandes
762,Sports & Loisirs,Quelle écurie italienne de Formule 1 a pour emblème un cheval cabré ?,Ferrari,1,Sports mécaniques
763,Géographie,Comment s'appelle la monnaie de la Russie ?,Le rouble,1,Monnaies
763,Divertissement,Quel premier long métrage de François Truffaut (1959) raconte l'adolescence difficile d'Antoine Doinel ?,Les Quatre Cents Coups,2,Nouvelle Vague
763,Histoire,"Quel poème de Paul Éluard, publié en 1942, fut parachuté par la RAF au-dessus de la France occupée ?",Liberté,3,Résistance
763,Arts & Littérature,Quel peintre norvégien est l'auteur du « Cri » ?,Edvard Munch,1,Tableaux célèbres
763,Sciences & Nature,"Quelle est l'étoile la plus proche du Système solaire, après le Soleil ?",Proxima du Centaure,2,Astronomie : Soleil et étoiles
763,Sports & Loisirs,Quelle expression désigne dans plusieurs sports le fait de remporter toutes les grandes compétitions d'une saison ?,Le Grand Chelem,1,Vocabulaire et règles
764,Géographie,Quelle rivière traverse Limoges ?,La Vienne,3,Fleuves et rivières
764,Divertissement,Quel dessin animé met en scène une famille de l'âge de pierre vivant à Bedrock ?,Les Pierrafeu,1,Dessins animés
764,Histoire,"Quel savant américain, inventeur du paratonnerre, représente les insurgés à Paris pendant la guerre d'Indépendance ?",Benjamin Franklin,1,Indépendance américaine
764,Arts & Littérature,"Quel romancier britannique né à Nagasaki, auteur des « Vestiges du jour », reçut le prix Nobel de littérature en 2017 ?",Kazuo Ishiguro,2,Prix Nobel de littérature
764,Sciences & Nature,Comment appelle-t-on les cellules non spécialisées capables de donner naissance à différents types de cellules ?,Les cellules souches,1,Cellule
764,Sports & Loisirs,Quel coureur allemand a remporté le Tour de France 1997 ?,Jan Ullrich,3,Cyclisme – champions
765,Géographie,Quel cap marque le point le plus méridional du continent africain ?,Le cap des Aiguilles,3,Sites célèbres
765,Divertissement,Quelle actrice britannique incarne la gouvernante magique dans « Mary Poppins » (1964) ?,Julie Andrews,1,Acteurs
765,Histoire,Quelle capitale assyrienne abritait la bibliothèque du roi Assurbanipal ?,Ninive,2,Mésopotamie et Proche-Orient
765,Arts & Littérature,"Quel roman commence par « Longtemps, je me suis couché de bonne heure » ?",Du côté de chez Swann,1,Incipits
765,Sciences & Nature,Quelle espèce de pin des montagnes de Californie et du Nevada compte des individus âgés de près de 5 000 ans ?,Le pin Bristlecone,3,Arbres
765,Sports & Loisirs,Quelle est la distance officielle d'un marathon ?,"42,195 km",1,Athlétisme
766,Géographie,Quelle est la capitale de l'Estonie ?,Tallinn,2,Capitales
766,Divertissement,"Dans quel secteur travaille Don Draper, le héros de « Mad Men » ?",La publicité,2,Séries américaines
766,Histoire,"Qui fut le premier Premier ministre de la Ve République, nommé en janvier 1959 ?",Michel Debré,2,Ve République
766,Arts & Littérature,"Quels policiers moustachus, presque identiques, accompagnent maladroitement Tintin ?",Dupond et Dupont,1,Bande dessinée
766,Sciences & Nature,Combien de centimètres mesure exactement un pouce ?,"2,54 cm",2,Unités et mesures
766,Sports & Loisirs,Quel entraîneur écossais a dirigé Manchester United de 1986 à 2013 ?,Alex Ferguson,1,Football – clubs
767,Géographie,Quelle mer sépare la Normandie de l'Angleterre ?,La Manche,1,Côtes
767,Divertissement,"Quel auteur japonais, créateur d'« Astro Boy », est surnommé « le dieu du manga » ?",Osamu Tezuka,2,Mangas
767,Histoire,Sous quel sigle est connue la compagnie néerlandaise des Indes orientales fondée en 1602 ?,VOC,2,Provinces-Unies
767,Arts & Littérature,Quel compositeur américain minimaliste a écrit l'opéra « Einstein on the Beach » ?,Philip Glass,3,Opéra
767,Sciences & Nature,"Quel sucre, principal carburant des cellules, est la source d'énergie quasi exclusive du cerveau ?",Le glucose,1,Nutrition
767,Sports & Loisirs,"Quelle nageuse américaine a remporté le 800 m nage libre olympique en 2012, en 2016 et aux Jeux de Tokyo 2020 ?",Katie Ledecky,2,Natation
768,Géographie,Quel îlot au large de la Martinique fut enregistré par les Britanniques comme un navire de guerre en 1804 ?,Le rocher du Diamant,3,Outre-mer
768,Divertissement,Quelle est la rue la plus chère du Monopoly français ?,La rue de la Paix,1,Culture pop
768,Histoire,"Comment appelait-on les prêtres gaulois qui, selon Pline, cueillaient le gui avec une serpe d'or ?",Les druides,1,Gaule
768,Arts & Littérature,Quel moine italien du XIe siècle a nommé les notes d'après un hymne à saint Jean-Baptiste ?,Guido d'Arezzo,3,Solfège
768,Sciences & Nature,Quel inventeur né en Écosse a obtenu en 1876 le brevet américain du téléphone ?,Alexander Graham Bell,1,Grands scientifiques
768,Sports & Loisirs,Sous quel nom de naissance Kareem Abdul-Jabbar a-t-il débuté sa carrière ?,Lew Alcindor,3,Basket – champions
769,Géographie,Quelle est la capitale du Liban ?,Beyrouth,1,Capitales
769,Divertissement,Quel acteur incarne le génie du crime Fantômas dans la trilogie d'André Hunebelle des années 1960 ?,Jean Marais,2,Classiques français
769,Histoire,Comment appelait-on les supplétifs musulmans engagés aux côtés de l'armée française pendant la guerre d'Algérie ?,Les harkis,2,Guerre d'Algérie
769,Arts & Littérature,Quel musée parisien expose les grands « Nymphéas » de Monet dans deux salles ovales ?,Le musée de l'Orangerie,2,Musées
769,Sciences & Nature,Quelle est la plus grande espèce de manchot ?,Le manchot empereur,2,Oiseaux
769,Sports & Loisirs,"Au snooker, combien de points rapporte la bille noire ?",Sept,2,Sports insolites
770,Géographie,Quelle est la plus grande île grecque ?,La Crète,1,Îles
770,Divertissement,Comment s'appelle la psychiatre de Tony Soprano ?,Jennifer Melfi,3,Séries américaines
770,Histoire,"Quel duc de Bourgogne, grand rival de Louis XI, fut tué devant Nancy en 1477 ?",Charles le Téméraire,2,Fin du Moyen Âge en France
770,Arts & Littérature,Quel conte de Perrault raconte l'histoire d'une princesse qui fuit son père déguisée sous la dépouille d'un animal ?,Peau d'Âne,1,Contes
770,Sciences & Nature,Quelle est la vitesse approximative du son dans l'air à 20 °C ?,Environ 340 m/s,2,Physique
770,Sports & Loisirs,Quel Brésilien surnommé « Guga » a remporté trois fois Roland-Garros ?,Gustavo Kuerten,2,Tennis – champions
771,Géographie,Quelle est la capitale du Togo ?,Lomé,2,Capitales
771,Divertissement,Quel chat américain à la mine renfrognée est devenu un mème mondial au début des années 2010 ?,Grumpy Cat,2,Internet
771,Histoire,"Quel est le nom du dernier roi de Rome, chassé en 509 av. J.-C. ?",Tarquin le Superbe,2,Rome antique
771,Arts & Littérature,Combien de cordes compte un violon ?,Quatre,1,Instruments
771,Sciences & Nature,Comment appelle-t-on la tendance à privilégier les informations qui confirment ce que l'on pense déjà ?,Le biais de confirmation,2,Psychologie
771,Sports & Loisirs,Contre quelle équipe la France a-t-elle marqué en 1994 à Auckland « l'essai du bout du monde » ?,La Nouvelle-Zélande,2,Rugby – exploits
772,Géographie,Quelle île chilienne du Pacifique est célèbre pour ses statues géantes appelées moaï ?,L'île de Pâques,1,Monuments et sites
772,Divertissement,"Quel savant fou moustachu, aussi appelé Robotnik, est l'ennemi de Sonic ?",Dr Eggman,2,Jeux vidéo
772,Histoire,Quel pape commande à Michel-Ange les fresques du plafond de la chapelle Sixtine ?,Jules II,3,Renaissance
772,Arts & Littérature,Quel vizir de Goscinny et Tabary rêve de devenir calife à la place du calife ?,Iznogoud,1,Bande dessinée
772,Sciences & Nature,"Comment appelle-t-on les matériaux qui, refroidis à très basse température, conduisent l'électricité sans aucune résistance ?",Les supraconducteurs,2,Physique
772,Sports & Loisirs,Quelle transatlantique en double partant du Havre est surnommée « la route du café » ?,La Transat Jacques-Vabre,2,Voile
773,Géographie,"Quelle ville indienne, capitale du Rajasthan, est surnommée la « ville rose » ?",Jaipur,2,Grandes villes
773,Divertissement,"Comment s'appelle la danse acrobatique née dans le hip-hop, faite de figures au sol et de rotations sur la tête ?",Le breakdance,1,Hip-hop
773,Histoire,"Quel architecte et savant, plus tard divinisé, est crédité de la pyramide à degrés de Saqqarah ?",Imhotep,2,Égypte ancienne
773,Arts & Littérature,Comment appelle-t-on la fête du 16 juin célébrée chaque année par les admirateurs de James Joyce ?,Le Bloomsday,3,Littérature anglaise
773,Sciences & Nature,Quel échassier doit sa couleur aux pigments des petits crustacés et algues dont il se nourrit ?,Le flamant rose,1,Oiseaux
773,Sports & Loisirs,Quel jeu de déduction consiste à deviner le personnage de l'adversaire en posant des questions sur son apparence ?,Qui est-ce ?,1,Jeux de société
774,Géographie,Près de quelle ville portuaire des Hauts-de-France se trouve le terminal français du tunnel sous la Manche ?,Calais,1,Villes
774,Divertissement,Quel auteur de bande dessinée a créé « Le Chat du rabbin » ?,Joann Sfar,3,BD franco-belge
774,Histoire,Quel nom portait New York lorsqu'elle était une colonie néerlandaise ?,La Nouvelle-Amsterdam,1,Provinces-Unies
774,Arts & Littérature,Quel poète bengali devint en 1913 le premier lauréat non européen du prix Nobel de littérature ?,Rabindranath Tagore,2,Prix Nobel de littérature
774,Sciences & Nature,Quel minerai d'aluminium tire son nom d'un village des Alpilles où il fut découvert en 1821 ?,La bauxite,2,Géologie
774,Sports & Loisirs,"De quelle expression provençale, signifiant jouer sans élan, vient le mot « pétanque » ?",Pieds tanqués,3,Sports insolites
775,Géographie,"Quel fort de Charente-Maritime, bâti en mer entre l'île d'Aix et l'île d'Oléron, a donné son nom à un jeu télévisé ?",Fort Boyard,1,Îles
775,Divertissement,Quel film de Georges Méliès (1902) montre un obus planté dans l'œil de la Lune ?,Le Voyage dans la Lune,2,Origines du cinéma
775,Histoire,À bord de quel cuirassé américain la capitulation du Japon a-t-elle été signée en baie de Tokyo ?,L'USS Missouri,3,Fin de la guerre
775,Arts & Littérature,"Qui a écrit « L'Étranger », publié en 1942 ?",Albert Camus,1,Romans
775,Sciences & Nature,Quels fragments cellulaires du sang jouent un rôle clé dans la coagulation ?,Les plaquettes,1,Sang
775,Sports & Loisirs,Quelle moisissure donne ses veines bleu-vert au roquefort ?,Penicillium roqueforti,3,Fromages
776,Géographie,Quel est le plus grand désert chaud du monde ?,Le Sahara,1,Déserts
776,Divertissement,"De quel pays vient la série Netflix « Dark », centrée sur la petite ville de Winden ?",Allemagne,3,Séries internationales
776,Histoire,"Quelle ville du Mali, aux mosquées de terre crue, fut un grand foyer intellectuel au Moyen Âge ?",Tombouctou,1,Afrique médiévale
776,Arts & Littérature,Quel photographe brésilien a consacré huit ans à son grand projet « Genesis » sur les régions préservées de la planète ?,Sebastião Salgado,2,Photographie
776,Sciences & Nature,Comment appelle-t-on un triplet de nucléotides qui code un acide aminé ?,Un codon,2,Génétique
776,Sports & Loisirs,Quelle montée de l'Isère est célèbre pour ses 21 virages numérotés ?,L'Alpe d'Huez,1,Cyclisme – Tour de France
777,Géographie,Quelle langue est co-officielle avec le castillan à Barcelone ?,Le catalan,1,Langues
777,Divertissement,"Quel film de Jacques Audiard, sur un réfugié tamoul en banlieue parisienne, a remporté la Palme d'or en 2015 ?",Dheepan,3,Festival de Cannes
777,Histoire,Quelle espèce humaine doit son nom à une vallée allemande proche de Düsseldorf ?,L'homme de Néandertal,1,Préhistoire
777,Arts & Littérature,"Quelle marque a lancé en 1888 un appareil vendu avec le slogan « Vous appuyez sur le bouton, nous faisons le reste » ?",Kodak,2,Photographie
777,Sciences & Nature,"Quel cétacé de l'Arctique, dont le mâle porte une longue défense torsadée, est surnommé « la licorne des mers » ?",Le narval,2,Mammifères
777,Sports & Loisirs,Quel Français a atteint la finale de l'Open d'Australie en 2008 ?,Jo-Wilfried Tsonga,2,Tennis – champions
778,Géographie,"Quelle ville des Bouches-du-Rhône, dotée d'arènes romaines, fut peinte à de nombreuses reprises par Van Gogh ?",Arles,1,Patrimoine UNESCO
778,Divertissement,Quel acteur partage l'affiche de « Butch Cassidy et le Kid » (1969) avec Robert Redford ?,Paul Newman,2,Westerns
778,Histoire,Quel roi mésopotamien du XXIVe siècle av. J.-C. est considéré comme le fondateur du premier empire de l'histoire ?,Sargon d'Akkad,3,Mésopotamie et Proche-Orient
778,Arts & Littérature,Quel peintre aixois a représenté inlassablement la montagne Sainte-Victoire ?,Paul Cézanne,1,Post-impressionnisme
778,Sciences & Nature,Quel vétérinaire écossais a breveté en 1888 le pneumatique gonflable pour bicyclette ?,John Boyd Dunlop,2,Transports
778,Sports & Loisirs,"Quel art martial d'origine okinawaïenne, pratiqué en kata et en kumite, a fait son entrée aux Jeux olympiques à Tokyo en 2021 ?",Le karaté,1,Arts martiaux
779,Géographie,Quel sommet argentin est le point culminant des Amériques ?,L'Aconcagua,2,Amériques
779,Divertissement,Qui était le chanteur du groupe Queen ?,Freddie Mercury,1,Pop-rock britannique
779,Histoire,"Quel croiseur russe aurait donné, par un tir à blanc, le signal de l'assaut du palais d'Hiver en 1917 ?",L'Aurore,3,Révolution russe
779,Arts & Littérature,"Dans quel ouvrage publié en 1637 Descartes écrit-il « Je pense, donc je suis » ?",Discours de la méthode,1,Philosophie moderne
779,Sciences & Nature,Quel psychologue a dirigé en 1971 l'expérience de la prison de Stanford ?,Philip Zimbardo,3,Psychologie
779,Sports & Loisirs,Combien de cartes compte le jeu utilisé pour la belote ?,32,1,Jeux de cartes
780,Géographie,Quel fleuve traverse Londres ?,La Tamise,1,Fleuves
780,Divertissement,"Quel sculpteur a réalisé la statuette des récompenses du cinéma français, qui portent son nom ?",César (Baldaccini),2,Récompenses
780,Histoire,Le nom de quel mathématicien persan du IXe siècle a donné le mot « algorithme » ?,Al-Khwârizmî,3,Monde musulman médiéval
780,Arts & Littérature,Quel est le prénom du poète Rimbaud ?,Arthur,1,Poésie
780,Sciences & Nature,Comment appelle-t-on le mâle de l'abeille ?,Le faux bourdon,2,Insectes
780,Sports & Loisirs,"Au 1000 bornes, quelle carte « botte » protège définitivement contre les crevaisons ?",Increvable,3,Jeux de société
781,Géographie,Quel volcan de l'île de Tenerife est le point culminant de l'Espagne ?,Le Teide,2,Montagnes
781,Divertissement,Quelle chanteuse belge a sorti « Balance ton quoi » en 2019 ?,Angèle,1,Pop francophone
781,Histoire,"Quel article de la Constitution permet au gouvernement de faire adopter un texte sans vote, sauf motion de censure ?",L'article 49.3,2,Ve République
781,Arts & Littérature,Quel dramaturge suédois a écrit « Mademoiselle Julie » ?,August Strindberg,3,Littérature nordique
781,Sciences & Nature,Quel est le symbole chimique de l'or ?,Au,1,Chimie : éléments
781,Sports & Loisirs,Comment appelle-t-on une ouverture d'échecs dans laquelle on sacrifie volontairement un pion pour obtenir un avantage ?,Un gambit,2,Échecs
782,Géographie,Quelle cité viticole de Gironde a vu sa juridiction inscrite au patrimoine mondial de l'UNESCO en 1999 ?,Saint-Émilion,2,Patrimoine UNESCO
782,Divertissement,Quelle chanteuse québécoise a interprété « Pour que tu m'aimes encore » en 1995 ?,Céline Dion,1,Variété francophone
782,Histoire,Quelle dynastie allemande monte sur le trône de Grande-Bretagne en 1714 ?,Les Hanovre,3,Angleterre
782,Arts & Littérature,Quel surnom donne-t-on aux jeunes élèves de l'école de danse de l'Opéra de Paris ?,Les petits rats,1,Danse
782,Sciences & Nature,Quel astronome allemand a établi que les planètes décrivent des orbites elliptiques autour du Soleil ?,Johannes Kepler,2,Astronomie : histoire
782,Sports & Loisirs,En quelle année l'équipe de France féminine de basket a-t-elle remporté son premier championnat d'Europe ?,2001,3,Basket – compétitions
783,Géographie,"Quelle ville de Flandre-Occidentale, dévastée en 1914-1918, a donné son nom à un gaz de combat ?",Ypres,2,Belgique
783,Divertissement,Quel duo new-yorkais a chanté « The Sound of Silence » et « Mrs. Robinson » ?,Simon et Garfunkel,2,Folk-rock
783,Histoire,Quel navigateur français disparaît avec ses deux frégates à Vanikoro en 1788 ?,La Pérouse,2,Explorations
783,Arts & Littérature,"Comment appelle-t-on l'argot qui inverse les syllabes des mots, comme « chelou » pour « louche » ?",Le verlan,1,Langue française
783,Sciences & Nature,"Comment s'appelle le programme de la NASA qui vise à ramener des humains sur la Lune, du nom de la sœur jumelle d'Apollon ?",Artemis,2,Espace : missions
783,Sports & Loisirs,Quel journal sportif a organisé le premier Tour de France pour doper ses ventes ?,L'Auto,2,Cyclisme – Tour de France
784,Géographie,Quelle est la capitale du pays de Galles ?,Cardiff,1,Capitales
784,Divertissement,Quel musicien breton a composé la bande originale du « Fabuleux Destin d'Amélie Poulain » ?,Yann Tiersen,2,Musiques de films
784,Histoire,"Quel pétrolier s'est échoué en 1978 au large de Portsall, provoquant une marée noire en Bretagne ?",L'Amoco Cadiz,3,Catastrophes
784,Arts & Littérature,Quel écrivain allemand a écrit la tragédie « Faust » ?,Johann Wolfgang von Goethe,1,Littérature allemande
784,Sciences & Nature,Quel est l'âge approximatif de la Terre ?,"4,5 milliards d'années",2,Géologie
784,Sports & Loisirs,"Quel joueur du Stade de Reims et du Real Madrid a été le premier Français Ballon d'or, en 1958 ?",Raymond Kopa,2,Football – champions
785,Géographie,Quelle ville est la capitale fédérale de la Suisse ?,Berne,1,Suisse
785,Divertissement,Quel cinéaste a réalisé « Les Tontons flingueurs » (1963) ?,Georges Lautner,3,Classiques français
785,Histoire,À quel pays les États-Unis prennent-ils Porto Rico et les Philippines en 1898 ?,L'Espagne,2,États-Unis
785,Arts & Littérature,Quel philosophe grec d'Éphèse a affirmé qu'on ne se baigne jamais deux fois dans le même fleuve ?,Héraclite,2,Philosophie antique
785,Sciences & Nature,"Quelle glande en forme de papillon, située à la base du cou, règle le métabolisme ?",La thyroïde,1,Hormones et glandes
785,Sports & Loisirs,Comment appelle-t-on la piste en forme de demi-tube où les snowboardeurs enchaînent les figures ?,Le half-pipe,1,Sports d'hiver
786,Géographie,"Quelle langue bantoue, largement parlée en Afrique de l'Est, est officielle au Kenya et en Tanzanie ?",Le swahili,1,Langues
786,Divertissement,Sur quelle lune luxuriante vivent les Na'vi dans « Avatar » de James Cameron ?,Pandora,2,Science-fiction
786,Histoire,Quel Premier ministre britannique fait attribuer à la reine Victoria le titre d'impératrice des Indes en 1876 ?,Benjamin Disraeli,3,Empire britannique
786,Arts & Littérature,"Quel cyclope, fils de Poséidon, Ulysse aveugle-t-il pour s'échapper de sa caverne ?",Polyphème,1,Épopées antiques
786,Sciences & Nature,"Quel film d'Henri Verneuil, sorti en 1979 avec Yves Montand, reconstitue l'expérience de Milgram ?",I… comme Icare,3,Psychologie
786,Sports & Loisirs,Quelle crème aux amandes garnit la galette des rois parisienne ?,La frangipane,1,Pâtisserie
787,Géographie,Quel détroit sépare les îles japonaises de Honshu et d'Hokkaido ?,Le détroit de Tsugaru,3,Détroits et canaux
787,Divertissement,Sous quelle identité Superman travaille-t-il comme journaliste au Daily Planet ?,Clark Kent,1,Comics
787,Histoire,Quel ministre de Louis-Philippe est resté célèbre pour son conseil « Enrichissez-vous » ?,François Guizot,2,Monarchie de Juillet
787,Arts & Littérature,Quel roman d'Albert Camus décrit une épidémie qui frappe la ville d'Oran ?,La Peste,1,Romans
787,Sciences & Nature,"Quelle technique, inventée par Kary Mullis en 1983, permet de copier des millions de fois un fragment d'ADN ?",La PCR,2,Génétique
787,Sports & Loisirs,"Au judo, quelle couleur de ceinture succède à la marron ?",La noire,1,Arts martiaux
788,Géographie,Comment s'appelle la monnaie de l'Arabie saoudite ?,Le riyal,2,Monnaies
788,Divertissement,Quelle chanteuse a popularisé l'effet vocal Auto-Tune avec « Believe » en 1998 ?,Cher,2,Pop américaine
788,Histoire,Quel recueil médiéval de récits met en scène un goupil rusé face au loup Isengrin ?,Le Roman de Renart,1,Culture médiévale
788,Arts & Littérature,Quel photographe cubain a pris en 1960 le célèbre portrait de Che Guevara intitulé « Guerrillero Heroico » ?,Alberto Korda,3,Photographie
788,Sciences & Nature,Comment appelle-t-on un angle compris entre 90 et 180 degrés ?,Un angle obtus,1,Mathématiques
788,Sports & Loisirs,"Comment se traduit en français la devise olympique latine « Citius, Altius, Fortius » ?","Plus vite, plus haut, plus fort",2,Jeux olympiques
789,Géographie,Quelle fleur est l'emblème floral du Québec depuis 1999 ?,L'iris versicolore,3,Québec
789,Divertissement,Quel acteur canadien incarne Marty McFly dans « Retour vers le futur » ?,Michael J. Fox,1,Acteurs
789,Histoire,Quelle est la seule des sept merveilles du monde antique encore debout ?,La pyramide de Khéops,1,Égypte ancienne
789,Arts & Littérature,Quelle poétesse grecque de l'île de Lesbos est célèbre pour ses poèmes lyriques amoureux ?,Sappho,2,Grands textes antiques
789,Sciences & Nature,Comment qualifie-t-on un être vivant composé d'une seule cellule ?,Unicellulaire,1,Biologie générale
789,Sports & Loisirs,"Quel sport se joue au fond d'une piscine, avec masque et tuba, en poussant un palet à l'aide de courtes crosses ?",Le hockey subaquatique,3,Sports insolites
790,Géographie,Quel fleuve marque la frontière entre la Guyane et le Suriname ?,Le Maroni,2,Outre-mer
790,Divertissement,"Quel chanteur, également joueur de poker, a chanté « Casser la voix » en 1989 ?",Patrick Bruel,1,Variété française
790,Histoire,Comment surnomme-t-on la loi de 1825 qui indemnise les nobles dont les biens avaient été confisqués sous la Révolution ?,Le milliard des émigrés,3,Restauration
790,Arts & Littérature,"Quel prix littéraire, décerné depuis 1903, est annoncé chaque automne au restaurant Drouant à Paris ?",Le prix Goncourt,1,Prix littéraires
790,Sciences & Nature,"Comment appelle-t-on les nuages de haute altitude, fins et filamenteux, formés de cristaux de glace ?",Les cirrus,2,Météorologie
790,Sports & Loisirs,Comment appelle-t-on couramment la clé hexagonale coudée en forme de L ?,La clé Allen,2,Bricolage
791,Géographie,Quel temple de Bangkok abrite un gigantesque Bouddha couché de 46 mètres ?,Le Wat Pho,3,Monuments et sites
791,Divertissement,Quel acteur américain incarne le capitaine Jack Sparrow dans « Pirates des Caraïbes » ?,Johnny Depp,1,Personnages
791,Histoire,"Dans quel village, aujourd'hui dans le département des Vosges, Jeanne d'Arc est-elle née ?",Domrémy,1,Guerre de Cent Ans
791,Arts & Littérature,"Quel philosophe utilitariste anglais a conçu le « panoptique », prison où un gardien peut tout voir sans être vu ?",Jeremy Bentham,3,Philosophie moderne
791,Sciences & Nature,"Quel modèle d'automobile, lancé par Henry Ford en 1908 puis produit à la chaîne, a été surnommé « Tin Lizzie » ?",La Ford T,1,Transports
791,Sports & Loisirs,"Quel pays, repêché au dernier moment à la place de la Yougoslavie, a remporté l'Euro 1992 ?",Le Danemark,2,Football – Euro
792,Géographie,"Quelle plage de Rio de Janeiro s'étire en arc de cercle sur 4 km, voisine d'Ipanema ?",Copacabana,2,Grandes villes
792,Divertissement,Quel film de Hayao Miyazaki (1997) oppose les habitants d'une forge aux dieux animaux de la forêt ?,Princesse Mononoké,2,Animation
792,Histoire,Quel programme européen d'échanges d'étudiants a été lancé en 1987 ?,Erasmus,1,Construction européenne
792,Arts & Littérature,"Dans « Le Hobbit » de Tolkien, comment s'appelle le dragon qui garde le trésor du Mont Solitaire ?",Smaug,2,Littérature anglaise
792,Sciences & Nature,"Quelle bactérie intestinale, symbole de la microbiologie de laboratoire, porte le nom d'un pédiatre allemand ?",Escherichia coli,2,Microbiologie
792,Sports & Loisirs,"Quel plat provençal de légumes mijotés (aubergines, courgettes, poivrons, tomates) a donné son titre à un film Pixar de 2007 ?",La ratatouille,1,Cuisine régionale
793,Géographie,En quelle année Montréal a-t-elle accueilli les Jeux olympiques d'été ?,1976,2,Québec
793,Divertissement,Quel jouet de « Toy Story » s'écrie « Vers l'infini et au-delà ! » ?,Buzz l'Éclair,1,Répliques cultes
793,Histoire,"Quelle communauté européenne, fondée en 1951, est la première étape de la construction européenne ?",La CECA,2,Construction européenne
793,Arts & Littérature,Quel chorégraphe marseillais a fondé à Bruxelles en 1960 le Ballet du XXe siècle ?,Maurice Béjart,2,Danse
793,Sciences & Nature,Combien de temps met environ la lumière du Soleil pour atteindre la Terre ?,Environ 8 minutes,2,Astronomie : Soleil et étoiles
793,Sports & Loisirs,Quel attaquant a offert l'Euro 2000 à la France en marquant le but en or contre l'Italie ?,David Trezeguet,2,Football – Euro
794,Géographie,"En 1791, le mètre fut défini comme quelle fraction du quart du méridien terrestre ?",Un dix-millionième,3,Fuseaux et latitudes
794,Divertissement,Comment appelle-t-on la technique du DJ qui consiste à faire aller et venir un vinyle sous le diamant ?,Le scratch,1,Hip-hop
794,Histoire,Comment appelle-t-on les protestants des Cévennes révoltés au début du XVIIIe siècle ?,Les camisards,2,Louis XIV
794,Arts & Littérature,"Quel roman de Mary Shelley, paru en 1818, raconte la création d'une créature par un jeune savant ?",Frankenstein,1,Littérature anglaise
794,Sciences & Nature,Quel physicien français a reçu le prix Nobel de physique 1991 pour ses travaux sur les cristaux liquides et les polymères ?,Pierre-Gilles de Gennes,3,Grands scientifiques
794,Sports & Loisirs,Comment appelle-t-on le fait de marquer en écrasant le ballon directement dans le cercle ?,Un dunk (smash),1,Basket – vocabulaire
795,Géographie,"Quel archipel de l'océan Indien, entre Madagascar et le Mozambique, a pour capitale Moroni ?",Les Comores,2,Îles
795,Divertissement,"Dans quel film de Ron Howard (1995) entend-on « Houston, nous avons un problème » ?",Apollo 13,2,Répliques cultes
795,Histoire,Au cours de quelle bataille de 1525 François Ier est-il fait prisonnier ?,Pavie,2,François Ier
795,Arts & Littérature,Quelle formule de Ludwig Mies van der Rohe résume l'esthétique minimaliste ?,« Less is more »,2,Architectes
795,Sciences & Nature,Quel oiseau disparu de l'île Maurice au XVIIe siècle est devenu le symbole de l'extinction ?,Le dodo (dronte),1,Oiseaux
795,Sports & Loisirs,"Quel sélectionneur a mené les handballeuses françaises au titre olympique de Tokyo, en 2021 ?",Olivier Krumbholz,3,Handball – équipe de France
796,Géographie,Quelle ville sud-africaine est dominée par la montagne de la Table ?,Le Cap,1,Villes
796,Divertissement,Quel film de guerre aérienne a reçu la toute première récompense du meilleur film à la cérémonie des Oscars de 1929 ?,Les Ailes (Wings),3,Oscars
796,Histoire,Quel empereur byzantin fit bâtir la basilique Sainte-Sophie au VIe siècle ?,Justinien,1,Byzance
796,Arts & Littérature,"Quelle figure de style exagère volontairement, comme dans « mourir de rire » ?",L'hyperbole,2,Langue française
796,Sciences & Nature,"Quel est l'élément chimique le plus abondant dans la croûte terrestre, en masse ?",L'oxygène,3,Chimie : éléments
796,Sports & Loisirs,"Quel pays la France a-t-elle battu en finale du tournoi olympique masculin de handball de Tokyo, en 2021 ?",Le Danemark,1,Handball – compétitions
797,Géographie,"Comment appelle-t-on les habitants de Laval, en Mayenne ?",Les Lavallois,3,Gentilés
797,Divertissement,Quel film de Christopher Nolan (2023) retrace la vie du physicien considéré comme le père de la bombe atomique ?,Oppenheimer,1,Films historiques
797,Histoire,Dans quelle vallée proche de Louxor furent enterrés les pharaons du Nouvel Empire ?,La Vallée des Rois,1,Égypte ancienne
797,Arts & Littérature,Quelle romancière et réalisatrice a créé « Belle et Sébastien » ?,Cécile Aubry,2,Littérature jeunesse
797,Sciences & Nature,Quel alliage de cuivre et de zinc sert à fabriquer de nombreux instruments de musique à vent ?,Le laiton,2,Chimie : matériaux
797,Sports & Loisirs,"Au billard français, dit aussi carambole, combien de billes y a-t-il sur la table ?",Trois,2,Vocabulaire et règles
798,Géographie,Sur quelle île italienne se dresse l'Etna ?,La Sicile,1,Îles
798,Divertissement,"Dans quel pays le QR code a-t-il été inventé, en 1994, pour suivre des pièces automobiles ?",Japon,3,Internet
798,Histoire,"Quel président des États-Unis, auteur de la Proclamation d'émancipation, est assassiné en 1865 ?",Abraham Lincoln,1,États-Unis
798,Arts & Littérature,"Quel peintre vénitien est l'auteur de l'énigmatique « La Tempête », vers 1508 ?",Giorgione,3,Renaissance
798,Sciences & Nature,Quel sismologue américain a donné son nom à l'échelle de magnitude des séismes créée en 1935 ?,Charles Richter,1,Géologie
798,Sports & Loisirs,Quel jeu de cartes de course automobile a été créé en France en 1954 par Edmond Dujardin ?,Le 1000 bornes,2,Jeux de société
799,Géographie,Comment appelle-t-on les habitants de Saint-Malo ?,Les Malouins,1,Gentilés
799,Divertissement,Dans quelle ville de l'Hérault se déroule le feuilleton « Demain nous appartient » ?,Sète,2,Séries françaises
799,Histoire,Quel est le premier mois de l'année dans le calendrier républicain ?,Vendémiaire,2,Révolution française
799,Arts & Littérature,Quels deux pilotes de chasse sont les héros d'une série créée par Jean-Michel Charlier et Albert Uderzo en 1959 ?,Tanguy et Laverdure,3,Bande dessinée
799,Sciences & Nature,"Quel félin sauvage d'Europe, aux oreilles terminées par des pinceaux de poils, a été réintroduit dans les Vosges ?",Le lynx,1,Mammifères
799,Sports & Loisirs,Quel cavalier français a remporté le titre olympique individuel de saut d'obstacles en 1952 et en 1964 ?,Pierre Jonquères d'Oriola,3,Équitation
800,Géographie,Quel fleuve né dans l'Aisne traverse Cambrai et Valenciennes avant de gagner la Belgique ?,L'Escaut,3,Fleuves et rivières
800,Divertissement,"Comment s'appelle le cow-boy jouet, héros de « Toy Story » ?",Woody,1,Animation
800,Histoire,"Quel roi de France, frappé de crises de folie, régna de 1380 à 1422 ?",Charles VI,2,Guerre de Cent Ans
800,Arts & Littérature,Quel écrivain et philosophe français a refusé le prix Nobel de littérature en 1964 ?,Jean-Paul Sartre,1,Prix Nobel
800,Sciences & Nature,"Quel conifère des Alpes, fait rare chez les résineux, perd ses aiguilles chaque automne ?",Le mélèze,2,Arbres
800,Sports & Loisirs,Comment appelle-t-on une taille de légumes en tout petits dés réguliers de deux à trois millimètres ?,La brunoise,2,Vocabulaire culinaire
801,Géographie,Quelle capitale européenne est née en 1873 de la fusion de trois villes situées de part et d'autre du Danube ?,Budapest,2,Capitales
801,Divertissement,Quel film britannique de 1997 raconte l'histoire d'ouvriers au chômage de Sheffield qui montent un spectacle de strip-tease ?,The Full Monty,2,Cinéma britannique
801,Histoire,"Quelle devise remplace « Liberté, Égalité, Fraternité » sous le régime de Vichy ?","Travail, Famille, Patrie",1,Occupation
801,Arts & Littérature,"Quel romancier, auteur de « Babbitt », fut en 1930 le premier Américain lauréat du prix Nobel de littérature ?",Sinclair Lewis,3,Prix Nobel de littérature
801,Sciences & Nature,Quelle lentille naturelle de l'œil se déforme pour faire la mise au point ?,Le cristallin,1,Sens : la vue
801,Sports & Loisirs,Quelle sélection nationale de rugby est surnommée « les All Blacks » ?,La Nouvelle-Zélande,1,Rugby – sélections
802,Géographie,Quelles sont les trois langues officielles de la Belgique ?,"Néerlandais, français et allemand",2,Belgique
802,Divertissement,Quel film de 1990 raconte les aventures d'un petit garçon oublié par sa famille partie en vacances pour Noël ?,"Maman, j'ai raté l'avion",1,Comédies
802,Histoire,Quel territoire de la Corne de l'Afrique fut en 1977 la dernière colonie française du continent à devenir indépendante ?,Djibouti,3,Décolonisation
802,Arts & Littérature,"Dans quel roman d'Alexandre Dumas apparaissent Athos, Porthos et Aramis ?",Les Trois Mousquetaires,1,Romans
802,Sciences & Nature,Quel médecin anglais a décrit en 1628 la circulation du sang dans le corps ?,William Harvey,3,Grands médecins
802,Sports & Loisirs,Quel boxeur américain a mordu l'oreille d'Evander Holyfield lors d'un combat en 1997 ?,Mike Tyson,1,Boxe
803,Géographie,"Quel est le plus long glacier de France, dans le massif du Mont-Blanc ?",La Mer de Glace,2,Montagnes
803,Divertissement,Quel hymne de Queen est scandé dans les stades sur un rythme de deux frappes de pied et un claquement de mains ?,We Will Rock You,1,Paroles célèbres
803,Histoire,Quelle date anniversaire Louis-Napoléon Bonaparte choisit-il pour son coup d'État de 1851 ?,Le 2 décembre,2,IIe République
803,Arts & Littérature,Dans quel opéra de Puccini le poète Rodolfo tombe-t-il amoureux de la brodeuse Mimi ?,La Bohème,2,Opéra
803,Sciences & Nature,Quel verre volcanique noir et tranchant était utilisé par les hommes préhistoriques pour tailler des outils ?,L'obsidienne,2,Géologie
803,Sports & Loisirs,"Au Texas hold'em, combien de cartes cachées chaque joueur reçoit-il en début de donne ?",Deux,2,Jeux de cartes
804,Géographie,Quelle ville canadienne a accueilli les Jeux olympiques d'hiver de 2010 ?,Vancouver,2,Grandes villes
804,Divertissement,"Quel groupe allemand, pionnier de la musique électronique, a sorti « Autobahn » en 1974 ?",Kraftwerk,2,Électro
804,Histoire,Quelle île des Cyclades a connu à l'âge du bronze une éruption volcanique majeure qui ensevelit la ville d'Akrotiri ?,Santorin (Théra),2,Grèce antique
804,Arts & Littérature,"Comment appelle-t-on un court récit, souvent en vers et mettant en scène des animaux, qui se termine par une morale ?",Une fable,1,Vocabulaire littéraire
804,Sciences & Nature,"Quelle enveloppe rigide, faite de cellulose, entoure la cellule végétale ?",La paroi (pectocellulosique),2,Cellule
804,Sports & Loisirs,"Quel célèbre rallye, disputé pour la première fois en 1911, se déroule en janvier dans les Alpes du Sud et la principauté ?",Le rallye Monte-Carlo,2,Sports mécaniques
805,Géographie,Quelle ville fut la capitale des Établissements français de l'Inde jusqu'en 1954 ?,Pondichéry,2,Asie
805,Divertissement,"Quel acteur, futur James Bond, formait avec Tony Curtis le duo d'« Amicalement vôtre » ?",Roger Moore,2,Séries britanniques
805,Histoire,Quelle région de Tchécoslovaquie Hitler obtient-il par les accords de Munich en septembre 1938 ?,Les Sudètes,2,Marche à la guerre
805,Arts & Littérature,Quelle pièce de Molière met en scène un faux dévot qui s'installe chez Orgon ?,Tartuffe,1,Théâtre
805,Sciences & Nature,Quel météorologue japonais a donné son nom à l'échelle d'intensité des tornades ?,Tetsuya Theodore Fujita,3,Météorologie
805,Sports & Loisirs,"Quel coureur français surnommé « Poupou », éternel second, n'a jamais porté le maillot jaune ?",Raymond Poulidor,1,Cyclisme – champions
806,Géographie,Dans quelle ville des Hautes-Pyrénées se trouve un sanctuaire marial visité par des millions de pèlerins ?,Lourdes,1,Villes
806,Divertissement,Quelle chanteuse israélienne a remporté l'Eurovision 1998 avec « Diva » ?,Dana International,3,Eurovision
806,Histoire,Sous quel nom est plus connu le prince indien Siddhartha Gautama ?,Le Bouddha,1,Chine et Asie antiques
806,Arts & Littérature,"Quel héros grec, fils de Zeus et de Danaé, délivra Andromède d'un monstre marin ?",Persée,2,Mythologie grecque
806,Sciences & Nature,"Quel philosophe grec, précepteur d'Alexandre le Grand, a aussi posé les bases de la zoologie ?",Aristote,1,Grands scientifiques
806,Sports & Loisirs,Contre quel joueur Billie Jean King a-t-elle remporté la « bataille des sexes » en 1973 ?,Bobby Riggs,3,Tennis – exploits
807,Géographie,Quel est le point culminant de la Belgique ?,Le signal de Botrange,3,Belgique
807,Divertissement,Quelle chanteuse américaine a triomphé avec « What's Love Got to Do with It » et « The Best » ?,Tina Turner,1,Pop américaine
807,Histoire,"Quel surintendant des finances est arrêté en 1661, peu après une fête somptueuse donnée à Vaux-le-Vicomte ?",Nicolas Fouquet,1,Louis XIV
807,Arts & Littérature,Quel écrivain de langue allemande a écrit « Siddhartha » et « Le Loup des steppes » ?,Hermann Hesse,2,Littérature allemande
807,Sciences & Nature,"Comment se nomme la petite dépression au centre de la macula, où la vision est la plus précise ?",La fovéa,3,Sens : la vue
807,Sports & Loisirs,"Quelle volaille à la peau croustillante, servie avec des crêpes fines, est la grande spécialité de Pékin ?",Le canard laqué,1,Cuisine du monde
808,Géographie,Dans quelle ville de Guyane se trouve le Centre spatial d'où décollent les fusées Ariane ?,Kourou,1,Outre-mer
808,Divertissement,"Quel produit alimentaire, moqué dans un sketch des Monty Python, a donné son nom aux courriels indésirables ?",Le Spam (jambon en conserve),3,Internet
808,Histoire,Quel événement de 1773 voit des colons jeter des cargaisons de thé dans le port de Boston ?,La Boston Tea Party,1,Indépendance américaine
808,Arts & Littérature,"Quel nom de région anglaise, à demi imaginaire, Thomas Hardy donne-t-il au cadre de la plupart de ses romans ?",Le Wessex,3,Littérature anglaise
808,Sciences & Nature,"Quels frères américains ont réalisé en 1903 le premier vol motorisé contrôlé, à Kitty Hawk ?",Les frères Wright,1,Transports
808,Sports & Loisirs,Quel club a remporté la Ligue des champions 2005 après avoir été mené 3-0 à la mi-temps à Istanbul ?,Liverpool,2,Football – clubs
809,Géographie,Quelle ville thermale de l'Allier a donné son nom au régime de Pétain entre 1940 et 1944 ?,Vichy,1,Villes
809,Divertissement,Quel réalisateur a créé la série éducative « Il était une fois… la Vie » ?,Albert Barillé,3,Dessins animés
809,Histoire,Quel homme d'État gouverne l'Angleterre avec le titre de Lord Protecteur à partir de 1653 ?,Oliver Cromwell,1,Angleterre
809,Arts & Littérature,Quel poète martiniquais a écrit le « Cahier d'un retour au pays natal » ?,Aimé Césaire,2,Poésie
809,Sciences & Nature,"Quelle graminée géante détient le record de croissance végétale, parfois près d'un mètre en une journée ?",Le bambou,2,Plantes
809,Sports & Loisirs,"Au water-polo, combien de joueurs de chaque équipe sont dans l'eau, gardien compris ?",Sept,2,Natation
810,Géographie,Combien de provinces compte la Belgique ?,Dix,3,Belgique
810,Divertissement,Quelle éponge de mer jaune vit dans un ananas au fond de l'océan ?,Bob l'éponge,1,Dessins animés
810,Histoire,"Quel chimiste, ancien fermier général, est guillotiné en 1794 ?",Antoine Lavoisier,2,Révolution française
810,Arts & Littérature,Dans quel roman de Daniel Defoe un naufragé rencontre-t-il un compagnon qu'il baptise Vendredi ?,Robinson Crusoé,1,Littérature anglaise
810,Sciences & Nature,"Quel est le plus grand organe du corps humain, si l'on compte aussi les organes externes ?",La peau,1,Organes
810,Sports & Loisirs,Quel mot crie traditionnellement un golfeur pour prévenir que sa balle risque de heurter quelqu'un ?,« Fore ! »,3,Golf
811,Géographie,"Quelle chaîne de montagnes en arc traverse notamment la Slovaquie, l'Ukraine et la Roumanie ?",Les Carpates,1,Montagnes
811,Divertissement,Quel groupe de rock bordelais a sorti « Le vent nous portera » en 2001 ?,Noir Désir,2,Rock français
811,Histoire,Avec quel pape Bonaparte signe-t-il le Concordat de 1801 ?,Pie VII,2,Consulat
811,Arts & Littérature,De quelle farce médiévale vient l'expression « revenons à nos moutons » ?,La Farce de maître Pathelin,3,Expressions
811,Sciences & Nature,Quel rongeur aquatique construit des barrages avec des branches qu'il abat à l'aide de ses incisives ?,Le castor,1,Mammifères
811,Sports & Loisirs,"Quel pilote autrichien, grièvement brûlé sur le Nürburgring en 1976, a été trois fois champion du monde de Formule 1 ?",Niki Lauda,2,Sports mécaniques
812,Géographie,Quelle est la plus grande île de France métropolitaine ?,La Corse,1,Îles
812,Divertissement,Quel éditeur grenoblois a publié « Dragon Ball » en français à partir de 1993 ?,Glénat,3,Mangas
812,Histoire,Quel livre fut le premier grand ouvrage imprimé par Gutenberg ?,La Bible,1,Saint-Empire et Europe centrale
812,Arts & Littérature,Quel dessinateur belge a créé la série « Boule et Bill » ?,Jean Roba,2,Bande dessinée
812,Sciences & Nature,"Quel bois précieux, dense et noir, a donné son nom au métier de menuisier d'art spécialisé dans les meubles de luxe ?",L'ébène,2,Arbres
812,Sports & Loisirs,"Quel tournoi majeur de golf se dispute chaque printemps sur le parcours d'Augusta, en Géorgie ?",Le Masters,1,Golf
813,Géographie,Quel désert s'étend sur le sud de la Mongolie et le nord de la Chine ?,Le désert de Gobi,1,Asie
813,Divertissement,"Quel film des frères Lumière, tourné en 1895, montre des ouvriers quittant leur lieu de travail à Lyon ?",La Sortie de l'usine Lumière à Lyon,3,Origines du cinéma
813,Histoire,"Quelle invention chinoise, née des recherches d'alchimistes, a révolutionné l'art de la guerre ?",La poudre à canon,1,Asie médiévale
813,Arts & Littérature,"Quelle épistolière du XVIIe siècle est célèbre pour ses lettres à sa fille, Madame de Grignan ?",Madame de Sévigné,2,Auteurs
813,Sciences & Nature,Quel inventeur français a conçu le télégraphe optique mis en service entre Paris et Lille en 1794 ?,Claude Chappe,3,Télécommunications
813,Sports & Loisirs,"Quel Britannique a remporté Wimbledon en 2013, 77 ans après la dernière victoire d'un joueur de son pays ?",Andy Murray,1,Tennis – champions
814,Géographie,Quelle ville est la préfecture du département de la Gironde ?,Bordeaux,1,Préfectures
814,Divertissement,Quelle ville américaine fictive est ravagée par un virus dans les premiers « Resident Evil » ?,Raccoon City,3,Jeux vidéo
814,Histoire,Quel saint d'Assise fonda l'ordre des Frères mineurs au début du XIIIe siècle ?,Saint François,1,Église médiévale
814,Arts & Littérature,"Quel compositeur, maître de chapelle à Vienne, est présenté comme le rival jaloux de Mozart dans le film « Amadeus » ?",Antonio Salieri,2,Compositeurs
814,Sciences & Nature,Quelle est la formule chimique de l'ammoniac ?,NH₃,3,Chimie : molécules
814,Sports & Loisirs,Quel outil de menuisier permet d'aplanir une pièce de bois en enlevant de fins copeaux ?,Le rabot,1,Bricolage
815,Géographie,Comment s'appelle la monnaie de l'Égypte ?,La livre égyptienne,2,Monnaies
815,Divertissement,Quel médecin misanthrope et boiteux est incarné par Hugh Laurie ?,Dr House,1,Séries américaines
815,Histoire,Quel est le nom du soulèvement armé contre la colonisation britannique au Kenya dans les années 1950 ?,La révolte des Mau Mau,3,Décolonisation
815,Arts & Littérature,Combien de lignes compte une portée musicale ?,Cinq,1,Solfège
815,Sciences & Nature,Quel préfixe du Système international multiplie une unité par un milliard ?,Giga,2,Unités et mesures
815,Sports & Loisirs,"Dans quel pays déguste-t-on le haggis, panse de brebis farcie d'abats et d'avoine ?",L'Écosse,1,Cuisine du monde
816,Géographie,Quel gouffre du Lot se visite en partie en barque sur une rivière souterraine ?,Le gouffre de Padirac,2,Sites naturels
816,Divertissement,"Dans « Psychose » d'Alfred Hitchcock, comment s'appelle le motel tenu par Norman Bates ?",Le Bates Motel,2,Classiques hollywoodiens
816,Histoire,Quel dirigeant indépendantiste indien a mené la marche du sel en 1930 ?,Gandhi,1,Monde de l'entre-deux-guerres
816,Arts & Littérature,Quel architecte de la Renaissance a bâti de nombreuses villas en Vénétie et écrit « Les Quatre Livres de l'architecture » ?,Andrea Palladio,3,Architectes
816,Sciences & Nature,"Quelle étoile, située presque dans l'axe de rotation de la Terre, indique le nord ?",L'étoile Polaire,1,Astronomie : Soleil et étoiles
816,Sports & Loisirs,"Quelle capitale a accueilli les Jeux olympiques d'été de 1968, disputés à plus de 2 200 m d'altitude ?",Mexico,1,Villes olympiques
817,Géographie,"Aux côtés de Washington, Jefferson et Lincoln, quel président figure sur le mont Rushmore ?",Theodore Roosevelt,2,Monuments et sites
817,Divertissement,Quel film d'animation de Michel Ocelot (1998) a pour héros un tout petit garçon africain qui affronte une sorcière ?,Kirikou et la Sorcière,1,Animation
817,Histoire,Quel chef viking reçut en 911 les terres qui deviendront la Normandie ?,Rollon,2,Mérovingiens et Carolingiens
817,Arts & Littérature,Quel était le véritable nom de l'architecte Le Corbusier ?,Charles-Édouard Jeanneret,3,Architectes
817,Sciences & Nature,Quelle théorie décrit la naissance de l'Univers à partir d'un état extrêmement chaud et dense ?,Le Big Bang,1,Astronomie : cosmologie
817,Sports & Loisirs,Comment appelle-t-on le mélange de farine et de beurre cuits ensemble qui sert à lier les sauces ?,Le roux,2,Vocabulaire culinaire
818,Géographie,"Quel fleuve naît dans un glacier suisse, traverse le lac Léman puis Lyon avant de se jeter dans la Méditerranée ?",Le Rhône,1,Fleuves et rivières
818,Divertissement,"Quel saxophoniste, pionnier du be-bop, était surnommé « Bird » ?",Charlie Parker,3,Jazz
818,Histoire,"Quel prince de Valachie, surnommé « l'Empaleur », a inspiré le personnage de Dracula ?",Vlad III,1,Saint-Empire et Europe centrale
818,Arts & Littérature,Quel dramaturge a écrit « La guerre de Troie n'aura pas lieu » (1935) ?,Jean Giraudoux,3,Théâtre
818,Sciences & Nature,Combien de côtés possède un hexagone ?,Six,1,Mathématiques
818,Sports & Loisirs,Quelle nation a battu la France en finale de la Coupe du monde de rugby 1999 ?,L'Australie,2,Rugby – Coupe du monde
819,Géographie,Quel prince a régné sur Monaco de 1949 à 2005 ?,Rainier III,2,Monaco
819,Divertissement,"Dans « Le Livre de la jungle » de Disney, comment s'appelle le tigre qui menace Mowgli ?",Shere Khan,2,Animation
819,Histoire,Quelle mission a permis les premiers pas de l'homme sur la Lune en juillet 1969 ?,Apollo 11,1,Conquête spatiale
819,Arts & Littérature,"En quelle année Molière est-il mort, peu après une représentation du « Malade imaginaire » ?",1673,2,Théâtre
819,Sciences & Nature,"Quel test, proposé par Alan Turing en 1950, vise à déterminer si une machine peut se faire passer pour un humain en conversation ?",Le test de Turing (jeu de l'imitation),2,Informatique
819,Sports & Loisirs,Quel sprinteur slovaque a remporté sept fois le maillot vert du Tour de France ?,Peter Sagan,2,Cyclisme – champions
820,Géographie,Quelle était la monnaie de la Grèce avant l'euro ?,La drachme,1,Monnaies
820,Divertissement,Quelle famille aristocratique vit dans le château de « Downton Abbey » ?,Les Crawley,3,Séries britanniques
820,Histoire,"Quel fut le premier satellite artificiel de l'histoire, lancé par l'URSS en octobre 1957 ?",Spoutnik 1,1,Conquête spatiale
820,Arts & Littérature,Quel peintre né à Barcelone en 1893 a peint « Le Carnaval d'Arlequin » ?,Joan Miró,2,Surréalisme
820,Sciences & Nature,Que compte-t-on sur une souche pour connaître l'âge d'un arbre ?,Les cernes (anneaux de croissance),1,Arbres
820,Sports & Loisirs,Quelle spécialité de pelote basque se joue avec un grand gant d'osier en forme de panier appelé chistera ?,La cesta punta,3,Sports insolites
821,Géographie,"Quelle étendue d'eau salée, bordée notamment par la Russie, l'Iran et le Kazakhstan, est la plus grande mer fermée du monde ?",La mer Caspienne,1,Océans et mers
821,Divertissement,"Quel album de Daft Punk, sorti en 2013, contient le tube « Get Lucky » ?",Random Access Memories,2,Électro
821,Histoire,"Quel juriste français, prix Nobel de la paix 1968, fut l'un des principaux rédacteurs de la Déclaration universelle des droits de l'homme ?",René Cassin,3,Relations internationales
821,Arts & Littérature,Dans quelle ville espagnole un musée Guggenheim couvert de titane a-t-il ouvert en 1997 ?,Bilbao,1,Musées
821,Sciences & Nature,Comment appelle-t-on la décomposition de la lumière blanche en couleurs par un prisme ?,La dispersion,2,Physique
821,Sports & Loisirs,"Quelle classique italienne, première grande course du printemps, est surnommée « la Primavera » ?",Milan-San Remo,2,Cyclisme – compétitions
822,Géographie,Quel lac écossais est célèbre pour son monstre légendaire surnommé Nessie ?,Le loch Ness,1,Lacs
822,Divertissement,Quel acteur a reçu le prix d'interprétation masculine à Cannes en 2015 pour « La Loi du marché » ?,Vincent Lindon,3,Festival de Cannes
822,Histoire,En quelle année Adolf Hitler est-il nommé chancelier du Reich ?,1933,1,Allemagne nazie
822,Arts & Littérature,Quelle conteuse du XVIIe siècle a publié en 1697 un recueil intitulé « Les Contes des fées » ?,Madame d'Aulnoy,3,Contes
822,Sciences & Nature,Comment appelle-t-on le passage d'un corps de l'état liquide à l'état solide ?,La solidification,1,Physique
822,Sports & Loisirs,Quel attaquant français a marqué 13 buts lors de la Coupe du monde 1958 en Suède ?,Just Fontaine,2,Football – Coupe du monde
823,Géographie,Quelle est la capitale de la Finlande ?,Helsinki,1,Capitales
823,Divertissement,"Quelle chanteuse, ancienne mannequin, a sorti l'album « Quelqu'un m'a dit » en 2002 ?",Carla Bruni,2,Albums
823,Histoire,Dans quelle ville belge assiégée le général américain McAuliffe répondit-il « Nuts ! » à une demande de reddition en 1944 ?,Bastogne,3,Seconde Guerre mondiale
823,Arts & Littérature,Quel conte philosophique de Voltaire se moque de l'optimisme du précepteur Pangloss ?,Candide,1,Philosophie moderne
823,Sciences & Nature,Quel ingénieur américain a inventé la souris d'ordinateur dans les années 1960 ?,Douglas Engelbart,3,Informatique
823,Sports & Loisirs,Comment appelle-t-on un voilier composé d'une coque centrale et de deux flotteurs latéraux ?,Un trimaran,1,Voile
824,Géographie,Quelle chaîne de montagnes marque traditionnellement la limite entre l'Europe et l'Asie en Russie ?,L'Oural,1,Montagnes
824,Divertissement,"Quel est le titre de la toute première aventure de Tintin, publiée en 1929 ?",Tintin au pays des Soviets,2,BD franco-belge
824,Histoire,Quelle bataille de 1302 vit les milices flamandes écraser la chevalerie française ?,Courtrai,3,Capétiens
824,Arts & Littérature,Quel commissaire à la pipe est le héros de plus de soixante-dix romans de Georges Simenon ?,Maigret,1,Personnages
824,Sciences & Nature,"Dans quel pays, appelé Zaïre à l'époque, coule la rivière qui a donné son nom au virus Ebola en 1976 ?",La République démocratique du Congo,3,Maladies
824,Sports & Loisirs,Quel trophée est remis au club champion de France de rugby ?,Le bouclier de Brennus,1,Rugby – compétitions
825,Géographie,Quel lac slovène des Alpes juliennes abrite une petite île surmontée d'une église ?,Le lac de Bled,3,Lacs
825,Divertissement,"Quel acteur écossais fut le premier à incarner James Bond au cinéma, dans « James Bond 007 contre Dr No » (1962) ?",Sean Connery,1,James Bond
825,Histoire,En quelle année Christophe Colomb atteint-il pour la première fois les Amériques ?,1492,1,Grandes découvertes
825,Arts & Littérature,Quelle philosophe germano-américaine a écrit « Les Origines du totalitarisme » ?,Hannah Arendt,2,Philosophie contemporaine
825,Sciences & Nature,Quelle molécule est responsable de la sensation de brûlure provoquée par les piments ?,La capsaïcine,2,Nutrition
825,Sports & Loisirs,Combien d'épreuves compte le décathlon masculin ?,Dix,1,Athlétisme
826,Géographie,Quelle commune du Morbihan est mondialement connue pour ses alignements de menhirs ?,Carnac,1,Monuments
826,Divertissement,"Quel acteur britannique a incarné James Bond dans sept films, de 1973 à 1985 ?",Roger Moore,2,James Bond
826,Histoire,"Quelle dynastie chinoise, fondée en 206 av. J.-C., a donné son nom à l'ethnie majoritaire de Chine ?",Les Han,2,Chine et Asie antiques
826,Arts & Littérature,"Quel poète et diplomate, prix Nobel de littérature 1960, a écrit « Anabase » ?",Saint-John Perse,3,Poésie
826,Sciences & Nature,Quelle est la planète la plus proche du Soleil ?,Mercure,1,Astronomie : planètes
826,Sports & Loisirs,Quelle athlète française a réalisé le doublé 200 m – 400 m aux Jeux d'Atlanta en 1996 ?,Marie-José Pérec,1,Champions olympiques
827,Géographie,Quelle ville suisse au bord du Léman accueille chaque été un célèbre festival de jazz fondé en 1967 ?,Montreux,1,Suisse
827,Divertissement,Quel homme a dirigé l'Olympia de 1954 jusqu'à sa mort en 1979 ?,Bruno Coquatrix,3,Salles et festivals
827,Histoire,Quel empereur inca est capturé à Cajamarca puis exécuté par les Espagnols en 1533 ?,Atahualpa,2,Conquête de l'Amérique
827,Arts & Littérature,Quelle princesse crétoise a donné à Thésée une pelote de fil pour sortir du Labyrinthe ?,Ariane,1,Mythologie grecque
827,Sciences & Nature,Sous quel nom collectif un groupe de mathématiciens français publie-t-il depuis les années 1930 ses « Éléments de mathématique » ?,Nicolas Bourbaki,3,Mathématiques
827,Sports & Loisirs,Combien de points rapporte une transformation réussie au rugby à XV ?,2 points,1,Rugby – règles
828,Géographie,Quelle est la capitale de la république démocratique du Congo ?,Kinshasa,1,Capitales
828,Divertissement,Pour quelle chanteuse de Saint-Germain-des-Prés Serge Gainsbourg a-t-il écrit « La Javanaise » en 1963 ?,Juliette Gréco,3,Chanson française
828,Histoire,Comment appelle-t-on l'écriture en forme de clous inventée en Mésopotamie ?,Le cunéiforme,1,Mésopotamie et Proche-Orient
828,Arts & Littérature,"Quelle peintre impressionniste, belle-sœur d'Édouard Manet, a peint « Le Berceau » en 1872 ?",Berthe Morisot,3,Impressionnisme
828,Sciences & Nature,"Quel ingénieur écossais, célèbre pour ses perfectionnements de la machine à vapeur, a donné son nom à l'unité de puissance ?",James Watt,1,Unités et mesures
828,Sports & Loisirs,Quel classement du Tour de France est récompensé par le maillot blanc ?,Le meilleur jeune,2,Cyclisme – Tour de France
829,Géographie,Quelle est la capitale du Mali ?,Bamako,1,Capitales
829,Divertissement,"Quel cinéaste, alors marié à Brigitte Bardot, a réalisé « Et Dieu… créa la femme » (1956) ?",Roger Vadim,3,Réalisateurs
829,Histoire,"Quel général, futur maréchal, a mis fin aux mutineries de 1917 en améliorant aussi l'ordinaire des soldats ?",Philippe Pétain,2,Première Guerre mondiale
829,Arts & Littérature,Quel dessinateur belge a créé Tintin en 1929 ?,Hergé,1,Bande dessinée
829,Sciences & Nature,Combien de faces possède un icosaèdre régulier ?,20,2,Mathématiques
829,Sports & Loisirs,Comment appelle-t-on l'invitation accordée par un tournoi à un joueur qui n'a pas le classement requis ?,Une wild card,2,Tennis – vocabulaire
830,Géographie,En quelle année a été inaugurée la statue du Christ Rédempteur de Rio ?,1931,3,Monuments et sites
830,Divertissement,Quelle série espagnole suit des braqueurs portant des masques de Salvador Dalí et des combinaisons rouges ?,La casa de papel,1,Séries internationales
830,Histoire,Quelle bataille de 1066 ouvrit à Guillaume de Normandie le trône d'Angleterre ?,Hastings,1,Angleterre médiévale
830,Arts & Littérature,"Quel écrivain a lancé « Familles, je vous hais ! » dans « Les Nourritures terrestres » ?",André Gide,3,Citations
830,Sciences & Nature,Quel astronome polonais a proposé au XVIe siècle que la Terre tourne autour du Soleil ?,Nicolas Copernic,1,Astronomie : histoire
830,Sports & Loisirs,"Quelle activité consiste à se jeter dans le vide depuis un pont ou une grue, retenu par un câble élastique ?",Le saut à l'élastique,1,Sports insolites
831,Géographie,"Quel château de Seine-et-Marne, bâti pour le surintendant Fouquet, inspira Versailles à Louis XIV ?",Vaux-le-Vicomte,2,Châteaux
831,Divertissement,Quel journaliste a présenté le journal de 13 heures de TF1 de 1988 à 2020 ?,Jean-Pierre Pernaut,1,Animateurs
831,Histoire,"Sous quel nom est restée célèbre l'interprète indigène de Cortés, aussi appelée Malintzin ?",La Malinche,3,Conquête de l'Amérique
831,Arts & Littérature,Quelle artiste de music-hall a dansé aux Folies Bergère vêtue d'une célèbre ceinture de bananes ?,Joséphine Baker,1,Danse
831,Sciences & Nature,Quelles cellules de la rétine permettent de percevoir les couleurs ?,Les cônes,2,Sens : la vue
831,Sports & Loisirs,"Quel jeu de construction français est composé uniquement de planchettes de pin identiques, sans colle ni attache ?",Kapla,2,Jouets
832,Géographie,Quelle péninsule mexicaine abrite Cancún et de nombreux sites mayas ?,Le Yucatán,1,Amériques
832,Divertissement,De quel roman d'Emily Brontë Kate Bush a-t-elle tiré son premier tube en 1978 ?,Les Hauts de Hurlevent,2,Pop britannique
832,Histoire,"Quel ambassadeur français introduit le tabac à la cour de France vers 1560, donnant son nom à la nicotine ?",Jean Nicot,2,Grandes découvertes
832,Arts & Littérature,Quel photographe d'origine anglaise a décomposé en 1878 le galop d'un cheval en une série d'images ?,Eadweard Muybridge,3,Photographie
832,Sciences & Nature,Quelle substance légendaire les alchimistes cherchaient-ils pour changer les métaux vils en or ?,La pierre philosophale,1,Chimie : histoire
832,Sports & Loisirs,Dans quelle discipline le Français Jean Galfione a-t-il été sacré champion olympique à Atlanta en 1996 ?,Le saut à la perche,2,Athlétisme
833,Géographie,Sous quel nom la Thaïlande était-elle connue avant 1939 ?,Le Siam,1,Asie
833,Divertissement,"En 2017, quel film a finalement reçu l'Oscar du meilleur film après l'annonce erronée de « La La Land » ?",Moonlight,3,Oscars
833,Histoire,"Quelle ville française, fondée par des Grecs de Phocée vers 600 av. J.-C., s'appelait alors Massalia ?",Marseille,1,Grèce antique
833,Arts & Littérature,Quel groupe sculpté de Rodin représente six notables qui se livrèrent au roi d'Angleterre en 1347 ?,Les Bourgeois de Calais,2,Sculpture
833,Sciences & Nature,"Quel essaim d'étoiles filantes, surnommé « larmes de saint Laurent », culmine vers le 12 août ?",Les Perséides,2,Astronomie : petits corps
833,Sports & Loisirs,Par combien de secondes Greg LeMond a-t-il devancé Laurent Fignon au classement final du Tour 1989 ?,8 secondes,2,Cyclisme – Tour de France
834,Géographie,"Quel couple de volcanologues alsaciens a trouvé la mort au Japon, sur le mont Unzen, en 1991 ?",Katia et Maurice Krafft,2,Volcans
834,Divertissement,Quel chanteur était le leader du groupe de rock Téléphone ?,Jean-Louis Aubert,2,Rock français
834,Histoire,Quelle guerre opposa Athènes et Sparte de 431 à 404 av. J.-C. ?,La guerre du Péloponnèse,2,Grèce antique
834,Arts & Littérature,Comment appelle-t-on le récit de la vie d'une personne réelle écrit par quelqu'un d'autre ?,Une biographie,1,Vocabulaire littéraire
834,Sciences & Nature,Dans quelle ville de l'actuelle République tchèque Gregor Mendel a-t-il mené ses expériences sur les pois ?,Brno,3,Génétique
834,Sports & Loisirs,Quel entraîneur français a dirigé Arsenal de 1996 à 2018 ?,Arsène Wenger,1,Football – clubs
835,Géographie,Quelle ville d'Ille-et-Vilaine est surnommée « la Cité corsaire » ?,Saint-Malo,1,Villes
835,Divertissement,"Quel dialoguiste a écrit « Les cons, ça ose tout. C'est même à ça qu'on les reconnaît » pour « Les Tontons flingueurs » ?",Michel Audiard,2,Répliques cultes
835,Histoire,Quelle campagne économique lancée par Mao en 1958 a provoqué une famine de plusieurs dizaines de millions de morts ?,Le Grand Bond en avant,2,Chine
835,Arts & Littérature,"Dans l'expression « à la queue leu leu », quel animal désigne le mot ancien « leu » ?",Le loup,3,Expressions
835,Sciences & Nature,Que signifie le sigle ADN ?,Acide désoxyribonucléique,1,Génétique
835,Sports & Loisirs,Quelle substance collante les handballeurs s'appliquent-ils sur les mains pour mieux tenir le ballon ?,La résine (colle),1,Handball – vocabulaire
836,Géographie,Quelle chaîne de montagnes ancienne longe l'est des États-Unis ?,Les Appalaches,2,Amériques
836,Divertissement,Comment s'appelle l'écuyer de Don Quichotte ?,Sancho Panza,2,Personnages de fiction
836,Histoire,Vers quelle ville de Galice convergeaient les grands chemins de pèlerinage médiévaux traversant la France ?,Saint-Jacques-de-Compostelle,1,Église médiévale
836,Arts & Littérature,Quelle romancière chilienne a écrit « La Maison aux esprits » ?,Isabel Allende,2,Littérature latino-américaine
836,Sciences & Nature,Quelle valve cardiaque sépare l'oreillette gauche du ventricule gauche ?,La valve mitrale,2,Cœur et circulation
836,Sports & Loisirs,Quelle athlète aborigène a allumé la vasque puis remporté le 400 m aux Jeux de Sydney en 2000 ?,Cathy Freeman,2,Champions olympiques
837,Géographie,De quel lac éthiopien le Nil Bleu prend-il sa source ?,Le lac Tana,3,Lacs
837,Divertissement,Quelle chroniqueuse new-yorkaise est l'héroïne de « Sex and the City » ?,Carrie Bradshaw,1,Séries américaines
837,Histoire,Quel nom portait Paris à l'époque gallo-romaine ?,Lutèce,1,Gaule
837,Arts & Littérature,Dans quel roman de Jules Verne le professeur Lidenbrock descend-il dans un volcan islandais ?,Voyage au centre de la Terre,2,Romans
837,Sciences & Nature,Quel verbe désigne le cri de la pie ?,Jacasser,2,Cris des animaux
837,Sports & Loisirs,"Quelle classique belge, la plus ancienne des grandes classiques, est surnommée « la Doyenne » ?",Liège-Bastogne-Liège,2,Cyclisme – compétitions
838,Géographie,Comment appelle-t-on la végétation rase de mousses et de lichens des régions arctiques ?,La toundra,1,Climats et milieux
838,Divertissement,Quel acteur britannique incarne le professeur Severus Rogue dans la saga « Harry Potter » ?,Alan Rickman,2,Sagas
838,Histoire,Quelle doctrine américaine de 1823 est résumée par la formule « l'Amérique aux Américains » ?,La doctrine Monroe,2,États-Unis
838,Arts & Littérature,À quel mouvement pictural anglais du XIXe siècle appartenaient Dante Gabriel Rossetti et John Everett Millais ?,Le préraphaélisme,2,Mouvements artistiques
838,Sciences & Nature,Quel naturaliste britannique a formulé la théorie de la sélection naturelle en même temps que Darwin ?,Alfred Russel Wallace,3,Évolution
838,Sports & Loisirs,Quelle purée de pois chiches au citron et à la crème de sésame est un classique du Proche-Orient ?,Le houmous,1,Cuisine du monde
839,Géographie,Quel bras de mer sépare le cap Horn de la péninsule Antarctique ?,Le passage de Drake,2,Détroits et canaux
839,Divertissement,Quelle ville industrielle américaine est considérée comme le berceau de la techno ?,Detroit,2,Électro
839,Histoire,Quel sultan reprit Jérusalem aux croisés en 1187 ?,Saladin,1,Monde musulman médiéval
839,Arts & Littérature,"Quel écrivain français, auteur des « Dieux ont soif », reçut le prix Nobel de littérature en 1921 ?",Anatole France,2,Prix Nobel de littérature
839,Sciences & Nature,Quels deux chercheurs français ont reçu le prix Nobel de médecine 2008 pour la découverte du VIH ?,Barré-Sinoussi et Montagnier,2,Grands médecins
839,Sports & Loisirs,Quelle épreuve d'athlétisme tire son nom de la course légendaire d'un messager grec en 490 av. J.-C. ?,Le marathon,1,Athlétisme
840,Géographie,Quelle éruption indonésienne de 1815 a provoqué « l'année sans été » en 1816 ?,Le Tambora,3,Volcans
840,Divertissement,"Quel feuilleton de France 3 se déroulait dans le quartier du Mistral, à Marseille ?",Plus belle la vie,1,Séries françaises
840,Histoire,"Quelle ville, dernière possession anglaise sur le continent, est reprise par les Français en 1558 ?",Calais,2,Renaissance
840,Arts & Littérature,"Quel compositeur français a écrit « Le Carnaval des animaux », avec son fameux « Cygne » ?",Camille Saint-Saëns,1,Compositeurs
840,Sciences & Nature,"Quel arbre venu de Chine, aux feuilles en éventail, est surnommé « arbre aux quarante écus » ?",Le ginkgo biloba,3,Arbres
840,Sports & Loisirs,"Quel sprinteur jamaïcain a remporté le 100 m et le 200 m olympiques en 2008, en 2012 et en 2016 ?",Usain Bolt,1,Champions olympiques
841,Géographie,"Quelle station scientifique franco-italienne est installée au Dôme C, sur le plateau antarctique ?",Concordia,3,Pôles
841,Divertissement,Quel chanteur a interprété « Je m'voyais déjà » et « Emmenez-moi » ?,Charles Aznavour,1,Chanson française
841,Histoire,Quel traité de 1763 fait perdre à la France le Canada ?,Le traité de Paris,2,Guerre de Sept Ans
841,Arts & Littérature,Quel écrivain américain a écrit « Le Vieil Homme et la Mer » ?,Ernest Hemingway,1,Littérature américaine
841,Sciences & Nature,Quel physicien a formulé la célèbre équation E = mc² ?,Albert Einstein,1,Physique
841,Sports & Loisirs,Quelle ville normande a donné son nom à un point de dentelle à l'aiguille surnommé « la reine des dentelles » ?,Alençon,3,Loisirs créatifs
842,Géographie,Quel pays d'Asie centrale est le plus vaste pays enclavé du monde ?,Le Kazakhstan,2,Asie
842,Divertissement,Quelle comédie musicale est construite entièrement sur les chansons du groupe ABBA ?,Mamma Mia!,1,Comédies musicales
842,Histoire,Quel article de la Constitution de 1958 permet au président d'exercer des pouvoirs exceptionnels en cas de crise grave ?,L'article 16,3,Ve République
842,Arts & Littérature,"Qui a écrit « L'Écume des jours », où un nénuphar pousse dans le poumon de Chloé ?",Boris Vian,1,Romans
842,Sciences & Nature,Quelle fleur blanche en clochettes offre-t-on traditionnellement le 1er mai en France ?,Le muguet,1,Plantes
842,Sports & Loisirs,Quel Français a remporté le simple messieurs de Wimbledon en 1946 ?,Yvon Petra,3,Tennis – champions
843,Géographie,Quel détroit sépare les deux îles principales de la Nouvelle-Zélande ?,Le détroit de Cook,2,Détroits et canaux
843,Divertissement,"Quel film Marvel de 2012 réunit pour la première fois Iron Man, Thor, Hulk et Captain America ?",Avengers,1,Super-héros
843,Histoire,Dans quelle ville s'est réunie en 1919 l'assemblée qui a donné son nom à la république allemande de l'entre-deux-guerres ?,Weimar,2,Allemagne
843,Arts & Littérature,De quelle couleur doit être la patte que l'on montre pour se faire reconnaître et entrer ?,Blanche,2,Expressions
843,Sciences & Nature,Quelle planète a été découverte en 1846 grâce aux calculs du Français Urbain Le Verrier ?,Neptune,2,Astronomie : planètes
843,Sports & Loisirs,"Quel jeu de société américain fait acheter des rues, des gares et des compagnies pour ruiner ses adversaires ?",Le Monopoly,1,Jeux de société
844,Géographie,Quelle île de Charente-Maritime est reliée au continent par un pont inauguré en 1988 ?,L'île de Ré,2,Îles
844,Divertissement,Quel beagle rêveur de Charles Schulz dort sur le toit de sa niche ?,Snoopy,1,Comics
844,Histoire,Quel combat de 1863 au Mexique est commémoré chaque 30 avril par la Légion étrangère ?,Camerone,2,Second Empire
844,Arts & Littérature,"Quelle comédie de Molière met en scène Arnolphe, qui veut épouser sa jeune pupille Agnès ?",L'École des femmes,3,Théâtre
844,Sciences & Nature,Comment appelle-t-on l'ensemble formé par une communauté d'êtres vivants et son milieu ?,Un écosystème,1,Écologie
844,Sports & Loisirs,Comment s'appelle la grande finale annuelle du championnat professionnel de football américain ?,Le Super Bowl,1,Vocabulaire et règles
845,Géographie,Quel est le plus grand lac d'eau douce du monde par sa superficie ?,Le lac Supérieur,2,Géographie physique
845,Divertissement,"Quel cinéaste a réalisé « La Haine » (1995), tourné en noir et blanc dans une cité de banlieue ?",Mathieu Kassovitz,2,Réalisateurs
845,Histoire,Quelle duchesse épousa successivement le roi de France Louis VII et le futur roi d'Angleterre Henri II ?,Aliénor d'Aquitaine,1,Capétiens
845,Arts & Littérature,"Quelle épopée germanique médiévale met en scène Siegfried, Kriemhild et le trésor du Rhin ?",La Chanson des Nibelungen,2,Épopées médiévales
845,Sciences & Nature,Comment appelle-t-on l'effet indésirable ressenti par un patient qui s'attend à mal réagir à un traitement pourtant inactif ?,L'effet nocebo,3,Psychologie
845,Sports & Loisirs,Quel club espagnol évolue au stade Santiago-Bernabéu ?,Le Real Madrid,1,Football – stades
846,Géographie,"Quel canton francophone, entré dans la Confédération en 1979, est le plus récent des cantons suisses ?",Le Jura,2,Suisse
846,Divertissement,Quelle course de M6 impose aux binômes de voyager avec un euro par jour et par personne ?,Pékin Express,2,Téléréalité
846,Histoire,Quel chancelier allemand a tenu la main de François Mitterrand lors d'une cérémonie à Verdun en 1984 ?,Helmut Kohl,2,Construction européenne
846,Arts & Littérature,"Quel fils du roi Priam, champion des Troyens, est tué par Achille dans l'« Iliade » ?",Hector,1,Épopées antiques
846,Sciences & Nature,"Comment appelle-t-on un nombre égal à la somme de ses diviseurs autres que lui-même, comme 6 ou 28 ?",Un nombre parfait,2,Mathématiques
846,Sports & Loisirs,"Quelle équipe a éliminé la France aux tirs au but en huitièmes de finale de l'Euro 2020, disputé en 2021 ?",La Suisse,2,Football – Euro
847,Géographie,Quelle chaîne de montagnes sépare la France de l'Espagne ?,Les Pyrénées,1,Montagnes
847,Divertissement,Quel jeune reporter créé par Gaston Leroux résout « Le Mystère de la chambre jaune » ?,Joseph Rouletabille,3,Personnages de fiction
847,Histoire,"Pour la réhabilitation de quel protestant toulousain, exécuté en 1762, Voltaire se bat-il ?",Jean Calas,2,Lumières
847,Arts & Littérature,"Quel art andalou mêle chant, guitare, claquements de mains et frappes de talons ?",Le flamenco,1,Danse
847,Sciences & Nature,"Quelle mathématicienne britannique, fille de Lord Byron, est considérée comme la première programmeuse de l'histoire ?",Ada Lovelace,2,Informatique
847,Sports & Loisirs,Quel jeu de société fait deviner des mots à son équipe uniquement à l'aide de dessins ?,Le Pictionary,1,Jeux de société
848,Géographie,Dans quelle ville de Corse Napoléon Bonaparte est-il né ?,Ajaccio,1,Villes
848,Divertissement,Quel génie du crime masqué a été créé en 1911 par Pierre Souvestre et Marcel Allain ?,Fantômas,3,Personnages de fiction
848,Histoire,Quels accords signés en 1929 entre l'Italie et le Saint-Siège ont créé l'État de la Cité du Vatican ?,Les accords du Latran,2,Entre-deux-guerres
848,Arts & Littérature,Quelle philosophe française a publié en 1949 « Le Deuxième Sexe » ?,Simone de Beauvoir,1,Philosophie contemporaine
848,Sciences & Nature,Quelles glandes de la peau produisent la transpiration ?,Les glandes sudoripares,2,Peau et phanères
848,Sports & Loisirs,Quel couple français a remporté le titre olympique de danse sur glace aux Jeux de Pékin en 2022 ?,Papadakis et Cizeron,2,Sports d'hiver
849,Géographie,Dans quelle ville de la Sarthe se court depuis 1923 une célèbre course automobile d'endurance de 24 heures ?,Le Mans,1,Villes
849,Divertissement,Quel trompettiste a enregistré en 1959 l'album « Kind of Blue » ?,Miles Davis,2,Jazz
849,Histoire,Dans quelle capitale finlandaise a été signé en 1975 l'acte final de la Conférence sur la sécurité et la coopération en Europe ?,Helsinki,3,Guerre froide
849,Arts & Littérature,"Quel poète a écrit « Liberté », avec son refrain « J'écris ton nom » ?",Paul Éluard,1,Poésie
849,Sciences & Nature,"Quel projet international de réacteur expérimental à fusion est construit à Cadarache, dans les Bouches-du-Rhône ?",ITER,2,Physique
849,Sports & Loisirs,Quelle est la hauteur de la plus haute plateforme utilisée lors des épreuves olympiques de plongeon ?,10 m,2,Natation
850,Géographie,"Quel grand port néerlandais, à l'embouchure du Rhin et de la Meuse, fut détruit par un bombardement en mai 1940 ?",Rotterdam,2,Villes
850,Divertissement,"Dans quelle ville se déroule « Taxi » (1998), où un chauffeur de taxi fou du volant aide un policier ?",Marseille,1,Cinéma français
850,Histoire,"Quel Athénien, par ses réformes de 508 av. J.-C., est considéré comme le fondateur de la démocratie athénienne ?",Clisthène,3,Grèce antique
850,Arts & Littérature,"Dans « Les Misérables », quel policier traque inlassablement Jean Valjean ?",Javert,1,Personnages
850,Sciences & Nature,Comment appelle-t-on le petit de la souris ?,Le souriceau,2,Noms des petits
850,Sports & Loisirs,Quel dessert italien au mascarpone et au café a un nom signifiant « tire-moi vers le haut » ?,Le tiramisu,1,Pâtisserie
851,Géographie,Quelle ville japonaise est célèbre pour ses cerfs sika en liberté et le grand Bouddha du Tōdai-ji ?,Nara,2,Grandes villes
851,Divertissement,"Dans quel film de James Cameron le cyborg lance-t-il « Hasta la vista, baby » ?",Terminator 2 : Le Jugement dernier,2,Répliques cultes
851,Histoire,Quel roi d'Angleterre dut accepter la Magna Carta en 1215 ?,Jean sans Terre,1,Angleterre médiévale
851,Arts & Littérature,"Quel peintre anglais a représenté un train dans la brume dans « Pluie, vapeur et vitesse » ?",William Turner,2,Romantisme
851,Sciences & Nature,"Quel constituant des parois végétales, non digéré par l'homme, forme l'essentiel des fibres alimentaires ?",La cellulose,2,Nutrition
851,Sports & Loisirs,Combien de jeux faut-il gagner au minimum pour remporter un set ?,6,1,Tennis – règles
852,Géographie,Comment appelle-t-on le phénomène estival où le soleil reste visible toute la nuit au-delà du cercle polaire ?,Le soleil de minuit,1,Pôles
852,Divertissement,"Quel bluesman aurait, selon la légende, vendu son âme au diable à un carrefour ?",Robert Johnson,3,Blues
852,Histoire,Quelle crise d'octobre 1962 a mis le monde au bord de la guerre nucléaire ?,La crise des missiles de Cuba,1,Guerre froide
852,Arts & Littérature,Quel peintre vénitien du XVIIIe siècle est célèbre pour ses « vedute » du Grand Canal ?,Canaletto,2,Peintres
852,Sciences & Nature,"Comment appelle-t-on les organes mâles de la fleur, qui produisent le pollen ?",Les étamines,2,Plantes
852,Sports & Loisirs,De quelles plumes sont traditionnellement faits les volants de badminton de compétition ?,Des plumes d'oie,2,Vocabulaire et règles
853,Géographie,"Quel archipel de l'océan Indien a pour capitale Victoria, sur l'île de Mahé ?",Les Seychelles,2,Îles
853,Divertissement,Quelle chasseuse de primes en armure est l'héroïne de la saga « Metroid » ?,Samus Aran,2,Jeux vidéo
853,Histoire,Quelle durée du mandat présidentiel les Français ont-ils adoptée par référendum en 2000 ?,Cinq ans,1,Ve République
853,Arts & Littérature,"Quel monument parisien, bâti par Soufflot, était à l'origine l'église Sainte-Geneviève ?",Le Panthéon,2,Architecture
853,Sciences & Nature,"Quel paléontologue français, professeur au Collège de France, fut l'un des codécouvreurs de Lucy ?",Yves Coppens,2,Évolution
853,Sports & Loisirs,Quelle ville sud-coréenne a accueilli les Jeux olympiques d'hiver de 2018 ?,Pyeongchang,2,Villes olympiques
854,Géographie,Quel fleuve traverse à la fois Cracovie et Varsovie ?,La Vistule,2,Fleuves
854,Divertissement,Quel chanteur né à Cayenne a connu un retour triomphal avec « Jardin d'hiver » en 2000 ?,Henri Salvador,2,Chanson française
854,Histoire,"Quels accords, signés en mars 1962 dans une ville de Haute-Savoie, ont mis fin à la guerre d'Algérie ?",Les accords d'Évian,1,Guerre d'Algérie
854,Arts & Littérature,"Quel écrivain français, auteur des « Nourritures terrestres », reçut le prix Nobel de littérature en 1947 ?",André Gide,2,Prix Nobel de littérature
854,Sciences & Nature,Quelle souveraine britannique a transmis le gène de l'hémophilie à plusieurs cours d'Europe ?,La reine Victoria,2,Maladies
854,Sports & Loisirs,Dans quelle station américaine les étudiants des États-Unis ont-ils battu l'URSS au hockey lors du « Miracle sur glace » de 1980 ?,Lake Placid,2,Sports d'hiver
855,Géographie,Quel massif est le point culminant de l'Antarctique ?,Le massif Vinson (mont Vinson),3,Pôles
855,Divertissement,Quelle chanson de John Lennon de 1971 invite à rêver d'un monde sans pays ni religion ?,Imagine,1,Pop-rock britannique
855,Histoire,Combien de semaines de congés payés la loi de juin 1936 accorde-t-elle aux salariés français ?,Deux semaines,1,France de l'entre-deux-guerres
855,Arts & Littérature,Quel est le nom du fils d'Ulysse et de Pénélope ?,Télémaque,2,Épopées antiques
855,Sciences & Nature,Quel moine de Brno est considéré comme le père de la génétique grâce à ses expériences sur les petits pois ?,Gregor Mendel,2,Grands scientifiques
855,Sports & Loisirs,"Quel troisième ligne, capitaine des Springboks sacrés en 2019 et 2023, fut le premier capitaine noir de l'équipe ?",Siya Kolisi,2,Rugby – champions
856,Géographie,Dans quelle ville du Gabon le docteur Albert Schweitzer fonda-t-il son hôpital ?,Lambaréné,3,Villes
856,Divertissement,Quel film Disney de 2016 suit une lapine policière dans une ville peuplée d'animaux ?,Zootopie,1,Animation
856,Histoire,Quelle cathédrale fut mise en chantier en 1163 sous l'évêque Maurice de Sully ?,Notre-Dame de Paris,1,Église médiévale
856,Arts & Littérature,"Quel roman de John-Antoine Nau a reçu le tout premier prix Goncourt, en 1903 ?",Force ennemie,3,Prix Goncourt
856,Sciences & Nature,"Quel chimiste français, guillotiné en 1794, est considéré comme le père de la chimie moderne ?",Antoine Lavoisier,1,Chimie : histoire
856,Sports & Loisirs,Quel outil permet de vérifier l'horizontalité d'une surface grâce à une petite fiole de liquide ?,Le niveau à bulle,1,Bricolage
857,Géographie,Quel lac artificiel s'est formé derrière le haut barrage d'Assouan ?,Le lac Nasser,2,Lacs
857,Divertissement,"Quelle console de salon de Nintendo, sortie en 2006, se jouait avec une manette détectant les mouvements ?",La Wii,1,Jeux vidéo
857,Histoire,"Quelle loi de 1967, du nom d'un député gaulliste, a autorisé la contraception en France ?",La loi Neuwirth,3,Société française
857,Arts & Littérature,"Quel cabaret du boulevard de Clichy, ouvert en 1889, est célèbre pour son French cancan ?",Le Moulin-Rouge,1,Danse
857,Sciences & Nature,Comment appelle-t-on couramment la rhinite allergique déclenchée par les pollens ?,Le rhume des foins,1,Maladies
857,Sports & Loisirs,"Quel jouet en forme de ressort hélicoïdal, capable de descendre les escaliers tout seul, fut inventé aux États-Unis dans les années 1940 ?",Le Slinky,3,Jouets
858,Géographie,Quelle cité inca perchée dans les Andes péruviennes fut révélée au monde en 1911 ?,Machu Picchu,1,Monuments et sites
858,Divertissement,"Quel pays a remporté le tout premier concours Eurovision, en 1956 ?",La Suisse,2,Eurovision
858,Histoire,Dans quelle ville indonésienne s'est tenue en 1955 la première grande conférence des pays afro-asiatiques ?,Bandung,2,Décolonisation
858,Arts & Littérature,Quel évêque de Digne offre ses chandeliers d'argent à Jean Valjean ?,Monseigneur Myriel,3,Personnages
858,Sciences & Nature,Quel avion de ligne supersonique franco-britannique a assuré des vols commerciaux de 1976 à 2003 ?,Le Concorde,1,Transports
858,Sports & Loisirs,"Dans le jeu de cartes français traditionnel, quel roi biblique est représenté sur le roi de pique ?",David,2,Jeux de cartes
859,Géographie,Quelle île tunisienne du golfe de Gabès abrite la synagogue de la Ghriba ?,Djerba,2,Îles
859,Divertissement,Quel chanteur a connu son premier grand succès avec « Aline » en 1965 ?,Christophe,1,Variété française
859,Histoire,Quel moine dominicain impose un ordre moral à Florence avant d'être exécuté en 1498 ?,Savonarole,2,Renaissance
859,Arts & Littérature,Quel poète portugais du XVIe siècle a chanté le voyage de Vasco de Gama dans « Les Lusiades » ?,Luís de Camões,3,Littérature portugaise
859,Sciences & Nature,"Comment appelle-t-on une zone de hautes pressions atmosphériques, souvent synonyme de beau temps ?",Un anticyclone,1,Météorologie
859,Sports & Loisirs,Quelle spécialité de l'Aubrac mêle purée de pommes de terre et tome fraîche pour obtenir une texture filante ?,L'aligot,1,Cuisine régionale
860,Géographie,Quel archipel norvégien de l'Arctique abrite une réserve mondiale de semences enfouie dans le pergélisol ?,Le Svalbard,2,Pôles
860,Divertissement,Quel film Pixar de 2017 entraîne un jeune Mexicain passionné de guitare au pays des morts ?,Coco,1,Animation
860,Histoire,Quel nom portait le Ghana lorsqu'il était une colonie britannique ?,La Gold Coast (Côte-de-l'Or),3,Décolonisation
860,Arts & Littérature,Quel écrivain anglais a imaginé une invasion martienne dans « La Guerre des mondes » en 1898 ?,H. G. Wells,2,Littérature anglaise
860,Sciences & Nature,Quel arbre figure au centre du drapeau libanais ?,Le cèdre,1,Arbres
860,Sports & Loisirs,Quelle joueuse d'origine tchécoslovaque a remporté neuf fois le simple dames de Wimbledon ?,Martina Navrátilová,2,Tennis – champions
861,Géographie,Quel nom porte le drapeau bleu et blanc du Québec ?,Le Fleurdelisé,2,Québec
861,Divertissement,De quel pays est originaire le groupe de hard rock AC/DC ?,L'Australie,2,Hard rock
861,Histoire,Comment appelle-t-on les révolutionnaires parisiens qui portaient le pantalon plutôt que la culotte aristocratique ?,Les sans-culottes,1,Révolution française
861,Arts & Littérature,"Quel écrivain a écrit « La Délicatesse », adapté au cinéma avec Audrey Tautou ?",David Foenkinos,2,Romans contemporains
861,Sciences & Nature,"Quel naturaliste français, intendant du Jardin du roi, a rédigé une monumentale « Histoire naturelle » au XVIIIe siècle ?",Buffon,1,Biologie générale
861,Sports & Loisirs,Quelle épreuve la Française Colette Besson a-t-elle remportée aux Jeux de Mexico en 1968 ?,Le 400 m,3,Athlétisme
862,Géographie,Près de quelle commune belge Napoléon fut-il définitivement vaincu en juin 1815 ?,Waterloo,1,Belgique
862,Divertissement,Quel informaticien soviétique a créé Tetris en 1984 ?,Alexeï Pajitnov,3,Jeux vidéo
862,Histoire,En quelle année Charlemagne fut-il couronné empereur à Rome ?,800,1,Mérovingiens et Carolingiens
862,Arts & Littérature,"Quel écrivain a créé la tribu Malaussène, à Belleville, dans « Au bonheur des ogres » ?",Daniel Pennac,2,Romans contemporains
862,Sciences & Nature,"Quel ordinateur américain de 1946, pesant une trentaine de tonnes, fut l'un des premiers ordinateurs électroniques ?",L'ENIAC,2,Informatique
862,Sports & Loisirs,"Quelle soupe vietnamienne associe nouilles de riz, bouillon de bœuf parfumé à l'anis étoilé et herbes fraîches ?",Le phở,2,Cuisine du monde
863,Géographie,Quel sculpteur alsacien a conçu la statue de la Liberté ?,Auguste Bartholdi,1,Monuments et sites
863,Divertissement,Quelle famille de personnages capables de changer de forme a été créée par Annette Tison et Talus Taylor ?,Les Barbapapa,2,Dessins animés
863,Histoire,Quelle dynastie d'origine turco-mongole fonde un empire en Inde en 1526 ?,Les Moghols,2,Asie
863,Arts & Littérature,"Quel dictionnaire a pour devise « Je sème à tout vent », illustrée par une semeuse ?",Le Larousse,2,Langue française
863,Sciences & Nature,Quel physicien français a découvert la radioactivité en 1896 grâce à des sels d'uranium ?,Henri Becquerel,2,Physique
863,Sports & Loisirs,Comment appelle-t-on la cire appliquée sous les skis pour améliorer la glisse ou l'accroche ?,Le fart,2,Sports d'hiver
864,Géographie,À quel archipel espagnol appartient l'île de Tenerife ?,Les Canaries,1,Îles
864,Divertissement,"Quel groupe allemand a chanté « Wind of Change », associé à la fin de la guerre froide ?",Scorpions,2,Hard rock
864,Histoire,"Quelle dynastie perse, fondée au IIIe siècle, fut la grande rivale de Rome puis de Byzance ?",Les Sassanides,3,Mésopotamie et Proche-Orient
864,Arts & Littérature,Combien de membres compte l'Académie française ?,40,1,Académie française
864,Sciences & Nature,Dans quel territoire français d'outre-mer se trouve la base spatiale de Kourou ?,La Guyane,1,Espace : missions
864,Sports & Loisirs,Quel fromage de chèvre de l'Indre a la forme d'une pyramide tronquée ?,Le valençay,3,Fromages
865,Géographie,"Quel cap, point le plus austral de la Terre de Feu, est redouté des navigateurs pour ses tempêtes ?",Le cap Horn,1,Détroits et canaux
865,Divertissement,"Quel film d'animation japonais de 1988, signé Katsuhiro Otomo, se déroule dans un Neo-Tokyo post-apocalyptique ?",Akira,3,Animation
865,Histoire,Qui fut le premier président de la Ve République ?,Charles de Gaulle,1,Ve République
865,Arts & Littérature,Quel écrivain romantique a écrit les « Mémoires d'outre-tombe » ?,Chateaubriand,2,Auteurs
865,Sciences & Nature,Comment appelle-t-on les minuscules replis en doigt de gant qui tapissent l'intestin grêle et absorbent les nutriments ?,Les villosités intestinales,2,Digestion
865,Sports & Loisirs,Quelle eau-de-vie de cerise parfume la génoise de la forêt-noire ?,Le kirsch,2,Pâtisserie
866,Géographie,Quel parallèle partage la Terre en hémisphère Nord et hémisphère Sud ?,L'équateur,1,Fuseaux et latitudes
866,Divertissement,Quel guitariste gaucher a mis le feu à sa guitare sur scène au festival de Monterey en 1967 ?,Jimi Hendrix,2,Rock
866,Histoire,"Quels soldats de l'Empire colonial, recrutés en Afrique de l'Ouest, ont combattu pour la France en 1914-1918 ?",Les tirailleurs sénégalais,2,Première Guerre mondiale
866,Arts & Littérature,Quel romancier britannique né à Zanzibar reçut le prix Nobel de littérature en 2021 ?,Abdulrazak Gurnah,3,Prix Nobel de littérature
866,Sciences & Nature,Quel est le symbole chimique de l'argent ?,Ag,1,Chimie : éléments
866,Sports & Loisirs,Quelle couleur de carton l'arbitre brandit-il pour expulser un joueur ?,Rouge,1,Football – règles
867,Géographie,Comment appelle-t-on le point de la surface terrestre situé à la verticale du foyer d'un séisme ?,L'épicentre,1,Plaques et séismes
867,Divertissement,"Quel grand festival de rock se tient chaque été près de Belfort, sur la presqu'île du Malsaucy ?",Les Eurockéennes,2,Salles et festivals
867,Histoire,Quel révolutionnaire russe a fondé l'Armée rouge avant d'être exclu du pouvoir par Staline ?,Léon Trotski,2,Révolution russe
867,Arts & Littérature,Quel dramaturge italien a écrit « Six personnages en quête d'auteur » ?,Luigi Pirandello,2,Littérature italienne
867,Sciences & Nature,Comment appelle-t-on le phénomène qui se produit lorsque la Lune passe devant le Soleil et le masque ?,Une éclipse solaire,1,Astronomie : Lune
867,Sports & Loisirs,"Dans quelle ville du nord de l'Allemagne joue le THW, l'un des clubs de handball les plus titrés d'Europe ?",Kiel,3,Handball – clubs
868,Géographie,Dans quelle ville de la Marne la plupart des rois de France ont-ils été sacrés ?,Reims,1,Villes
868,Divertissement,"Quel film de Régis Wargnier, avec Catherine Deneuve, a reçu l'Oscar du meilleur film en langue étrangère en 1993 ?",Indochine,3,Oscars
868,Histoire,Quelle pandémie a fait des dizaines de millions de morts dans le monde en 1918-1919 ?,La grippe espagnole,1,Première Guerre mondiale
868,Arts & Littérature,"Quelle sculptrice, élève et compagne de Rodin, a réalisé « La Valse » et « L'Âge mûr » ?",Camille Claudel,2,Sculpture
868,Sciences & Nature,"Avec le bonobo, quel grand singe est le plus proche parent vivant de l'être humain ?",Le chimpanzé,2,Mammifères
868,Sports & Loisirs,"Dans quel sport olympique dévale-t-on une piste de glace à plat ventre, la tête en avant ?",Le skeleton,2,Sports d'hiver
869,Géographie,"Quelle force, due à la rotation de la Terre, dévie les vents et les courants ?",La force de Coriolis,2,Climats et milieux
869,Divertissement,Quel acteur français incarne le tueur solitaire Jef Costello dans « Le Samouraï » (1967) de Jean-Pierre Melville ?,Alain Delon,2,Acteurs
869,Histoire,Comment appelle-t-on la série de manœuvres de l'automne 1914 où chaque armée tente de déborder l'autre vers le nord ?,La course à la mer,2,Première Guerre mondiale
869,Arts & Littérature,Quel écrivain japonais a écrit « Kafka sur le rivage » et « 1Q84 » ?,Haruki Murakami,1,Littérature japonaise
869,Sciences & Nature,"Quelle bataille de 1859, dont il vit les blessés abandonnés, inspira à Henry Dunant la création de la Croix-Rouge ?",Solférino,2,Santé publique
869,Sports & Loisirs,Quel sinistre personnage accompagne saint Nicolas pour menacer les enfants désobéissants ?,Le Père Fouettard,1,Fêtes et traditions
870,Géographie,Quel émirat abrite la capitale fédérale des Émirats arabes unis ?,Abou Dhabi,2,Capitales
870,Divertissement,Quel acteur britannique incarne Lord Voldemort dans la saga « Harry Potter » ?,Ralph Fiennes,2,Sagas
870,Histoire,Quelle réforme monétaire de 1960 a créé une monnaie valant cent anciens francs ?,Le nouveau franc,2,Ve République
870,Arts & Littérature,Quel peintre américain a représenté des clients nocturnes d'un bar dans « Nighthawks » (1942) ?,Edward Hopper,2,Tableaux célèbres
870,Sciences & Nature,Quelle double couche de lipides délimite toute cellule vivante ?,La membrane plasmique,1,Cellule
870,Sports & Loisirs,"Quelle distance parcourt-on lors d'un semi-marathon, arrondie au dixième de kilomètre ?","21,1 km",1,Athlétisme
871,Géographie,"Quel est le nom officiel, depuis 1995, de la ville indienne autrefois appelée Bombay ?",Mumbai,1,Grandes villes
871,Divertissement,Quel acteur irlandais incarne James Bond dans « GoldenEye » (1995) ?,Pierce Brosnan,2,James Bond
871,Histoire,Quelle déclaration britannique de 1917 se prononçait en faveur d'un « foyer national juif » en Palestine ?,La déclaration Balfour,3,Proche-Orient
871,Arts & Littérature,"Quel immense ouvrage collectif, dirigé par Diderot et d'Alembert, paraît de 1751 à 1772 ?",L'Encyclopédie,1,Lumières
871,Sciences & Nature,"Quel type de diabète, d'origine auto-immune, apparaît le plus souvent dans l'enfance ?",Le diabète de type 1,2,Maladies
871,Sports & Loisirs,Combien de joueurs de l'équipe en défense occupent le terrain lors d'un match de baseball ?,Neuf,2,Vocabulaire et règles
872,Géographie,"Quelle ville de l'Oise, célèbre pour son château et son hippodrome, a donné son nom à une crème fouettée ?",Chantilly,1,Villes
872,Divertissement,Qui a fondé le label Motown en 1959 ?,Berry Gordy,3,Soul
872,Histoire,Quelle période préhistorique s'intercale entre le Paléolithique et le Néolithique ?,Le Mésolithique,2,Préhistoire
872,Arts & Littérature,Quelle comtesse a écrit « Les Malheurs de Sophie » ?,La comtesse de Ségur,1,Littérature jeunesse
872,Sciences & Nature,Combien de pattes possède un insecte adulte ?,Six,1,Insectes
872,Sports & Loisirs,"Comment s'appelle la lutte traditionnelle bretonne, pratiquée en chemise de toile ?",Le gouren,3,Sports insolites
873,Géographie,"Quelle place de New York, célèbre pour ses écrans géants, accueille la descente de la boule du Nouvel An ?",Times Square,1,Monuments et sites
873,Divertissement,Quel chanteur aux lunettes blanches a chanté « Lettre à France » en 1977 ?,Michel Polnareff,2,Pop française
873,Histoire,"Quelle ville minière de l'actuelle Bolivie, dominée par une montagne d'argent, fut l'une des plus peuplées du monde au XVIe siècle ?",Potosí,3,Conquête de l'Amérique
873,Arts & Littérature,Quel artiste du pop art américain a reproduit en série des boîtes de soupe Campbell ?,Andy Warhol,1,Pop art
873,Sciences & Nature,Combien vaut factorielle zéro (0!) ?,1,3,Mathématiques
873,Sports & Loisirs,"Quel boxeur français, champion du monde des poids moyens en 1948, fut le grand amour d'Édith Piaf ?",Marcel Cerdan,1,Boxe
874,Géographie,Quelle est la plus grande plate-forme de glace flottante de l'Antarctique ?,La barrière de Ross,3,Pôles
874,Divertissement,Quelle chanteuse d'origine bulgare a été l'épouse de Johnny Hallyday de 1965 à 1980 ?,Sylvie Vartan,1,Célébrités de la chanson
874,Histoire,Quel conspirateur catholique est arrêté alors qu'il s'apprête à faire sauter le Parlement anglais le 5 novembre 1605 ?,Guy Fawkes,2,Angleterre
874,Arts & Littérature,Quel artiste de rue britannique anonyme a vu sa « Fille au ballon » s'autodétruire aux enchères en 2018 ?,Banksy,1,Art contemporain
874,Sciences & Nature,De quel type d'organisme la pénicilline est-elle issue ?,Un champignon (moisissure),1,Médicaments
874,Sports & Loisirs,Quel sport d'Asie du Sud-Est ressemble au volley-ball mais se joue avec les pieds et une balle en rotin ?,Le sepak takraw,3,Sports insolites
875,Géographie,Quel est le plus petit département français par la superficie ?,Paris,2,Départements
875,Divertissement,Quel acteur américain incarne le cannibale Hannibal Lecter dans « Le Silence des agneaux » ?,Anthony Hopkins,1,Acteurs
875,Histoire,Comment appelle-t-on les ouvriers anglais qui brisaient les machines textiles au début du XIXe siècle ?,Les luddites,3,Révolution industrielle
875,Arts & Littérature,"Dans quel monument parisien reposent notamment Victor Hugo, Émile Zola et Alexandre Dumas ?",Le Panthéon,1,Lieux littéraires
875,Sciences & Nature,Quel savant néerlandais a construit au milieu du XVIIe siècle la première horloge à balancier (pendule) ?,Christiaan Huygens,3,Inventeurs
875,Sports & Loisirs,"Quel jeu de cartes pour enfants demande de réunir le grand-père, la grand-mère, le père, la mère, le fils et la fille ?",Le jeu des sept familles,1,Jeux de cartes
876,Géographie,Quelle ville est la capitale fédérale des Émirats arabes unis ?,Abou Dabi,2,Asie
876,Divertissement,Quelle chanteuse a porté une robe faite de viande crue aux MTV Video Music Awards de 2010 ?,Lady Gaga,1,Célébrités de la musique
876,Histoire,Quel cosaque mène une vaste révolte paysanne contre Catherine II à partir de 1773 ?,Emelian Pougatchev,3,Russie
876,Arts & Littérature,Quelle petite fille est l'héroïne des albums de Gilbert Delahaye et Marcel Marlier ?,Martine,1,Littérature jeunesse
876,Sciences & Nature,Quelle maladie infectieuse chronique est causée par le bacille de Hansen ?,La lèpre,2,Maladies
876,Sports & Loisirs,Quelle course de demi-fond comporte des barrières et une fosse remplie d'eau appelée rivière ?,Le 3 000 m steeple,2,Athlétisme
877,Géographie,Quelle rivière aux coteaux viticoles marque la frontière sud-est entre le Luxembourg et l'Allemagne ?,La Moselle,2,Luxembourg
877,Divertissement,"Quelle petite fille argentine de Quino, qui déteste la soupe, s'inquiète de l'état du monde ?",Mafalda,2,BD internationale
877,Histoire,En quelle année Louis XVI est-il guillotiné ?,1793,1,Révolution française
877,Arts & Littérature,"Quel écrivain allemand a décrit les tranchées de 14-18 dans « À l'Ouest, rien de nouveau » ?",Erich Maria Remarque,2,Littérature allemande
877,Sciences & Nature,Quelle maladie virale transmise par le moustique tigre a frappé plus d'un tiers des habitants de La Réunion en 2005-2006 ?,Le chikungunya,2,Maladies
877,Sports & Loisirs,Quelle discipline de patinage de vitesse se dispute sur une petite piste d'environ 111 m tracée sur une patinoire ?,Le short-track,3,Sports d'hiver
878,Géographie,"Quelle station russe de l'Antarctique a relevé une température de -89,2 °C en juillet 1983 ?",Vostok,3,Pôles
878,Divertissement,"Quelle chanson de Queen de 1975, longue de près de six minutes, mêle ballade, opéra et hard rock ?",Bohemian Rhapsody,1,Pop-rock britannique
878,Histoire,"Quelle ville se rendit aux Anglais en 1347, après que six bourgeois se furent livrés au roi Édouard III ?",Calais,1,Guerre de Cent Ans
878,Arts & Littérature,Quel sculpteur a réalisé le groupe « La Danse » pour la façade de l'Opéra Garnier ?,Jean-Baptiste Carpeaux,3,Sculpture
878,Sciences & Nature,Quelle particule de charge négative gravite autour du noyau de l'atome ?,L'électron,1,Physique
878,Sports & Loisirs,Comment appelle-t-on la longue baguette de bois avec laquelle on frappe les billes au billard ?,La queue,1,Vocabulaire et règles
879,Géographie,Quelle est la capitale du Rwanda ?,Kigali,2,Capitales
879,Divertissement,"Quel héros d'un manga post-apocalyptique lance à ses adversaires « Tu ne le sais pas encore, mais tu es déjà mort » ?",Ken le Survivant,2,Mangas
879,Histoire,"Quel château de la Loire, commencé sous François Ier, possède un célèbre escalier à double révolution ?",Chambord,1,Renaissance
879,Arts & Littérature,Quel dramaturge norvégien reçut le prix Nobel de littérature en 2023 ?,Jon Fosse,2,Prix Nobel de littérature
879,Sciences & Nature,Quel est l'âge approximatif du Système solaire ?,"4,6 milliards d'années",2,Astronomie : cosmologie
879,Sports & Loisirs,"Quelle maison de mode, fondée à Florence en 1921, a pour logo deux G entrelacés ?",Gucci,2,Mode
880,Géographie,Quelle collectivité française du Pacifique a pour chef-lieu Nouméa ?,La Nouvelle-Calédonie,1,Océanie
880,Divertissement,Quel acteur australien incarne le Joker dans « The Dark Knight » (2008) ?,Heath Ledger,2,Personnages
880,Histoire,Quel texte de 1790 réorganise l'Église de France et fait des prêtres des fonctionnaires élus ?,La Constitution civile du clergé,2,Révolution française
880,Arts & Littérature,"Quel compositeur russe a écrit la musique du ballet « Roméo et Juliette », créé en 1938 ?",Sergueï Prokofiev,2,Danse
880,Sciences & Nature,"Quelle structure du cerveau, nommée d'après un petit animal marin, joue un rôle clé dans la mémoire ?",L'hippocampe,2,Cerveau et nerfs
880,Sports & Loisirs,Quel terme désigne la découpe de légumes en très fins bâtonnets ?,La julienne,2,Vocabulaire culinaire
881,Géographie,Sous quel nom le Ghana était-il connu à l'époque coloniale britannique ?,La Côte-de-l'Or (Gold Coast),3,Pays
881,Divertissement,Quelle chanteuse britannique à la choucroute a chanté « Rehab » en 2006 ?,Amy Winehouse,1,Pop britannique
881,Histoire,Quel électricien a dirigé Solidarność avant de devenir président de la Pologne en 1990 ?,Lech Wałęsa,1,Fin de la guerre froide
881,Arts & Littérature,"Quel auteur a créé en 1931 Babar, le roi des éléphants ?",Jean de Brunhoff,2,Littérature jeunesse
881,Sciences & Nature,Comment appelle-t-on les aurores polaires observées dans l'hémisphère Sud ?,Les aurores australes,2,Météorologie
881,Sports & Loisirs,Quel ailier fut le fidèle lieutenant de Michael Jordan lors des six titres des Chicago Bulls ?,Scottie Pippen,2,Basket – champions
882,Géographie,Quel ingénieur de Béziers a conçu le canal du Midi sous Louis XIV ?,Pierre-Paul Riquet,3,Patrimoine UNESCO
882,Divertissement,"Quel acteur incarne le boxeur Rocky Balboa, dont il a aussi écrit le scénario ?",Sylvester Stallone,1,Acteurs
882,Histoire,Qui a présidé la Côte d'Ivoire de son indépendance en 1960 jusqu'à sa mort en 1993 ?,Félix Houphouët-Boigny,2,Décolonisation
882,Arts & Littérature,Quel écrivain a imaginé le pari de Phileas Fogg de faire le tour du monde en quatre-vingts jours ?,Jules Verne,1,Romans
882,Sciences & Nature,Comment appelle-t-on le lieu boueux où le sanglier se vautre et se repose ?,La bauge,3,Mammifères
882,Sports & Loisirs,"Quelle préparation mexicaine est une purée d'avocat relevée de citron vert, d'oignon et de piment ?",Le guacamole,1,Cuisine du monde
883,Géographie,Comment appelle-t-on les habitants de Metz ?,Les Messins,2,Gentilés
883,Divertissement,Quel acteur incarne l'anarchiste Tyler Durden dans « Fight Club » (1999) ?,Brad Pitt,2,Acteurs
883,Histoire,En quelle année les croisés prirent-ils Jérusalem lors de la première croisade ?,1099,2,Croisades
883,Arts & Littérature,Quel peintre a représenté les naufragés d'une frégate dans « Le Radeau de la Méduse » ?,Théodore Géricault,1,Tableaux célèbres
883,Sciences & Nature,Quel élément chimique a pour symbole K ?,Le potassium,2,Chimie : éléments
883,Sports & Loisirs,"À la belote, quelle carte est la plus forte dans la couleur d'atout ?",Le valet,2,Jeux de cartes
884,Géographie,"Quelle ville thermale des Ardennes belges a donné son nom, en anglais, à tous les établissements de bains ?",Spa,1,Belgique
884,Divertissement,Quel groupe britannique a enregistré « Stairway to Heaven » en 1971 ?,Led Zeppelin,2,Rock
884,Histoire,"Quel dominicain espagnol, défenseur des Indiens, affronte Sepúlveda lors de la controverse de Valladolid ?",Bartolomé de Las Casas,2,Conquête de l'Amérique
884,Arts & Littérature,Quel est le nom de naissance de la romancière George Sand ?,Aurore Dupin,2,Auteurs
884,Sciences & Nature,Comment appelle-t-on le petit de la biche ?,Le faon,1,Noms des petits
884,Sports & Loisirs,Quel ailier français a marqué pour le Bayern Munich le seul but de la finale de la Ligue des champions 2020 contre le PSG ?,Kingsley Coman,3,Football – clubs
885,Géographie,Quelle ville croate ceinte de remparts est surnommée « la perle de l'Adriatique » ?,Dubrovnik,1,Villes
885,Divertissement,À quel jazzman Claude Nougaro s'adresse-t-il dans une chanson de 1965 en lui disant « je ne suis pas noir » ?,Louis Armstrong,3,Paroles célèbres
885,Histoire,Comment appelle-t-on la brève libéralisation du régime communiste tchécoslovaque en 1968 ?,Le Printemps de Prague,1,Guerre froide
885,Arts & Littérature,"Quel architecte a conçu la Bibliothèque nationale de France, dont les quatre tours évoquent des livres ouverts ?",Dominique Perrault,3,Architectes
885,Sciences & Nature,"Comment appelle-t-on l'ancêtre ésotérique de la chimie, qui cherchait notamment à transformer le plomb en or ?",L'alchimie,1,Chimie : histoire
885,Sports & Loisirs,"Quel poste occupe au handball le joueur placé au contact de la défense adverse, au milieu des défenseurs ?",Pivot,2,Handball – règles
886,Géographie,Quelle ville de l'ouest algérien sert de cadre au roman « La Peste » d'Albert Camus ?,Oran,2,Villes
886,Divertissement,"Quel humoriste a réalisé « Bienvenue chez les Ch'tis » (2008), dans lequel il joue le facteur Antoine Bailleul ?",Dany Boon,1,Comédies françaises
886,Histoire,"Quel empereur instaura la tétrarchie, partageant le pouvoir entre quatre empereurs, à la fin du IIIe siècle ?",Dioclétien,3,Rome antique
886,Arts & Littérature,Quel mot grossier les comédiens se disent-ils traditionnellement pour se souhaiter bonne chance ?,Merde,1,Théâtre
886,Sciences & Nature,"Quelle maladie de l'œil, souvent liée à une pression intraoculaire trop élevée, abîme le nerf optique ?",Le glaucome,2,Sens : la vue
886,Sports & Loisirs,"Quelle sauce blanche de la cuisine française associe un roux et du lait, souvent parfumée à la muscade ?",La béchamel,1,Vocabulaire culinaire
887,Géographie,Comment appelle-t-on les deux moments de l'année où le jour et la nuit ont la même durée ?,Les équinoxes,1,Fuseaux et latitudes
887,Divertissement,Quelle série de Canal+ de 2012 raconte le retour inexpliqué de morts dans une petite ville de montagne ?,Les Revenants,3,Séries françaises
887,Histoire,Quel favori de Catherine II a donné son nom à l'expression désignant des villages en trompe-l'œil ?,Grigori Potemkine,2,Russie
887,Arts & Littérature,Quel surnom donne-t-on aux membres de l'Académie française ?,Les Immortels,1,Académie française
887,Sciences & Nature,Quel petit prolongement du cæcum peut s'enflammer et nécessiter une opération d'urgence ?,L'appendice,1,Digestion
887,Sports & Loisirs,"Quel jeu de stratégie, créé en 1957 par le cinéaste Albert Lamorisse, fut d'abord publié sous le titre « La Conquête du monde » ?",Risk,3,Jeux de société
888,Géographie,De quelle région italienne Turin est-elle le chef-lieu ?,Le Piémont,2,Villes
888,Divertissement,"Quelle série de la BBC transpose le détective de Conan Doyle dans le Londres contemporain, avec Benedict Cumberbatch ?",Sherlock,1,Séries britanniques
888,Histoire,Quel roi coréen du XVe siècle fit créer l'alphabet hangeul ?,Sejong le Grand,3,Asie médiévale
888,Arts & Littérature,Quel philosophe allemand a écrit la « Critique de la raison pure » ?,Emmanuel Kant,2,Philosophie moderne
888,Sciences & Nature,Quel peintre et inventeur américain a donné son nom à un code de traits et de points ?,Samuel Morse,1,Télécommunications
888,Sports & Loisirs,Quelle course d'endurance automobile se dispute chaque année sur le circuit de la Sarthe ?,Les 24 Heures du Mans,1,Sports mécaniques
889,Géographie,Comment appelle-t-on le parallèle situé à environ 23°26' de latitude nord ?,Le tropique du Cancer,2,Fuseaux et latitudes
889,Divertissement,"Quelle chanteuse a créé « Non, je ne regrette rien » en 1960 ?",Édith Piaf,1,Chanson française
889,Histoire,Quel sultanat musulman domina le nord de l'Inde du XIIIe au début du XVIe siècle ?,Le sultanat de Delhi,3,Asie médiévale
889,Arts & Littérature,"Quel penseur de la Renaissance a écrit les « Essais », avec pour devise « Que sais-je ? » ?",Michel de Montaigne,1,Philosophie moderne
889,Sciences & Nature,"Quel oiseau effectue chaque année la plus longue migration connue, de l'Arctique à l'Antarctique ?",La sterne arctique,3,Oiseaux
889,Sports & Loisirs,"Quelle sauce émulsionnée au beurre, aux jaunes d'œufs, à l'échalote et à l'estragon accompagne les viandes grillées ?",La béarnaise,1,Vocabulaire culinaire
890,Géographie,Quelle ville de Louisiane est considérée comme le berceau du jazz ?,La Nouvelle-Orléans,1,Grandes villes
890,Divertissement,Quel cinéaste britannique a réalisé « Lawrence d'Arabie » (1962) et « Le Pont de la rivière Kwaï » (1957) ?,David Lean,3,Réalisateurs
890,Histoire,Quel révolutionnaire a dirigé la prise du pouvoir par les bolcheviks en octobre 1917 ?,Lénine,1,Révolution russe
890,Arts & Littérature,"Quel compositeur allemand a écrit en 1937 la cantate « Carmina Burana », qui s'ouvre sur « O Fortuna » ?",Carl Orff,2,Œuvres
890,Sciences & Nature,Comment appelle-t-on le côté opposé à l'angle droit dans un triangle rectangle ?,L'hypoténuse,1,Mathématiques
890,Sports & Loisirs,Quelle charcuterie corse est préparée à partir du filet de porc salé et séché ?,Le lonzu,3,Cuisine régionale
891,Géographie,Sur quelle place parisienne se dresse l'obélisque de Louxor ?,La place de la Concorde,1,Monuments
891,Divertissement,"Quelle chanteuse, révélée par « The Voice », a joué dans le film « La Famille Bélier » en 2014 ?",Louane,2,Célébrités de la chanson
891,Histoire,Quel navigateur portugais aborde les côtes du Brésil en 1500 ?,Pedro Álvares Cabral,2,Grandes découvertes
891,Arts & Littérature,Quel écrivain tchèque a créé le personnage du « Brave Soldat Chvéïk » ?,Jaroslav Hašek,3,Littérature d'Europe centrale
891,Sciences & Nature,Quel pigment vert des plantes capte l'énergie lumineuse ?,La chlorophylle,1,Cellule
891,Sports & Loisirs,"Quelle gymnaste roumaine a obtenu la première note parfaite de 10 de l'histoire olympique, à Montréal en 1976 ?",Nadia Comaneci,1,Champions olympiques
892,Géographie,"Quel archipel français se trouve au large de Terre-Neuve, au Canada ?",Saint-Pierre-et-Miquelon,1,Outre-mer
892,Divertissement,"Dans « Les Aventures de Rabbi Jacob » (1973), comment s'appelle l'industriel joué par Louis de Funès ?",Victor Pivert,3,Comédies françaises
892,Histoire,"Quel chevalier castillan du XIe siècle, Rodrigo Díaz de Vivar, est plus connu sous un surnom d'origine arabe ?",Le Cid,2,Péninsule ibérique et découvertes
892,Arts & Littérature,"Dans « Notre-Dame de Paris », comment s'appelle le sonneur de cloches bossu ?",Quasimodo,1,Personnages
892,Sciences & Nature,"Quel chirurgien français du XVIe siècle, qui servit plusieurs rois, est considéré comme le père de la chirurgie moderne ?",Ambroise Paré,2,Grands médecins
892,Sports & Loisirs,Quelle station suisse a accueilli les Jeux olympiques d'hiver en 1928 et en 1948 ?,Saint-Moritz,2,Villes olympiques
893,Géographie,"Quel lac artificiel, traversé par le canal de Panama, fut à sa création le plus grand lac artificiel du monde ?",Le lac Gatún,3,Détroits et canaux
893,Divertissement,Dans quel film Disney de 1989 une jeune sirène nommée Ariel rêve-t-elle de vivre parmi les humains ?,La Petite Sirène,1,Animation
893,Histoire,"Comment a-t-on appelé la route reliant Bar-le-Duc à Verdun, principale voie de ravitaillement du front en 1916 ?",La Voie sacrée,2,Première Guerre mondiale
893,Arts & Littérature,Quel roman d'Herman Melville raconte la traque d'une gigantesque baleine blanche ?,Moby Dick,1,Littérature américaine
893,Sciences & Nature,Combien de doigts compte chaque patte de l'autruche ?,Deux,3,Oiseaux
893,Sports & Loisirs,Combien de semaines de congés payés les salariés français ont-ils obtenues en 1936 ?,Deux,1,Voyages
894,Géographie,Quelle est la plus grande plaque tectonique du globe ?,La plaque pacifique,2,Plaques et séismes
894,Divertissement,Quel film de Jean-Jacques Annaud (1988) suit un ourson orphelin dans les montagnes canadiennes ?,L'Ours,2,Cinéma français
894,Histoire,Dans quelle ville d'Arabie est né le prophète Mahomet ?,La Mecque,1,Monde musulman médiéval
894,Arts & Littérature,"Quel architecte a conçu le Chrysler Building de New York, achevé en 1930 ?",William Van Alen,3,Architectes
894,Sciences & Nature,Quel matériau obtient-on en faisant fondre du sable siliceux à très haute température ?,Le verre,1,Chimie : matériaux
894,Sports & Loisirs,"Au polo, comment appelle-t-on chacune des périodes de jeu, d'environ sept minutes ?",Un chukka,3,Vocabulaire et règles
895,Géographie,Quel est le plus grand lac situé entièrement en Suisse ?,Le lac de Neuchâtel,3,Suisse
895,Divertissement,Quelle petite fée accompagne Peter Pan dans le dessin animé de Disney ?,La fée Clochette,1,Animation
895,Histoire,"Quel massacre de Sioux, en 1890, marque symboliquement la fin des guerres indiennes ?",Wounded Knee,2,États-Unis
895,Arts & Littérature,Quel artiste japonais a réalisé l'estampe « La Grande Vague de Kanagawa » ?,Hokusai,1,Estampes
895,Sciences & Nature,"Quelle protéine, la plus abondante du corps humain, assure la solidité de la peau, des tendons et des os ?",Le collagène,2,Peau et phanères
895,Sports & Loisirs,Dans quel pays s'est déroulé en 1974 le combat « Rumble in the Jungle » entre Mohamed Ali et George Foreman ?,Le Zaïre,2,Boxe
896,Géographie,Quel isthme de Thaïlande constitue la partie la plus étroite de la péninsule Malaise ?,L'isthme de Kra,3,Détroits et canaux
896,Divertissement,Quel ours en peluche descend d'un nuage pour souhaiter bonne nuit aux enfants dans « Bonne nuit les petits » ?,Nounours,1,Émissions jeunesse
896,Histoire,Comment s'appelait la procédure athénienne permettant d'exiler un citoyen par un vote sur des tessons de poterie ?,L'ostracisme,2,Grèce antique
896,Arts & Littérature,Quel dieu soleil égyptien traverse chaque jour le ciel à bord de sa barque ?,Rê (Râ),1,Mythologie égyptienne
896,Sciences & Nature,"Quel nom, emprunté à un titan de la mythologie, porte la première vertèbre cervicale qui soutient le crâne ?",L'atlas,2,Os et squelette
896,Sports & Loisirs,"Quel plat basque associe poivrons, tomates et oignons revenus, souvent servi avec des œufs ?",La piperade,2,Cuisine régionale
897,Géographie,Quel fleuve arrose Bordeaux ?,La Garonne,1,Fleuves et rivières
897,Divertissement,Quel psychiatre animateur de radio à Seattle est le héros d'une série dérivée de « Cheers » ?,Frasier Crane,3,Sitcoms
897,Histoire,Quelle dynastie de califes établit sa capitale à Damas de 661 à 750 ?,Les Omeyyades,2,Monde musulman médiéval
897,Arts & Littérature,Comment appelle-t-on un vers de douze syllabes ?,Un alexandrin,1,Versification
897,Sciences & Nature,De quels deux métaux le noyau terrestre est-il principalement composé ?,Le fer et le nickel,2,Géologie
897,Sports & Loisirs,"Quel organisme international, créé en 1999, coordonne la lutte contre le dopage dans le sport ?",L'Agence mondiale antidopage,2,Vocabulaire et règles
898,Géographie,"Quelle ville sainte de l'hindouisme, au bord du Gange, était appelée Bénarès ?",Varanasi,2,Asie
898,Divertissement,Quel est le nom civil de Spider-Man ?,Peter Parker,1,Comics
898,Histoire,Quels aviateurs français ont disparu en mai 1927 à bord de L'Oiseau blanc en tentant de rallier New York ?,Nungesser et Coli,3,Aviation
898,Arts & Littérature,Quel poète a publié le recueil « Les Fleurs du mal » ?,Charles Baudelaire,1,Poésie
898,Sciences & Nature,"Quel conifère toxique, souvent taillé dans les jardins à la française, peut vivre plus de mille ans ?",L'if,2,Arbres
898,Sports & Loisirs,"Quel céiste français a été sacré champion olympique de slalom en 2000, en 2004 et en 2012 ?",Tony Estanguet,2,Vocabulaire et règles
899,Géographie,Quel est le nom chinois du fleuve Jaune ?,Le Huang He,2,Asie
899,Divertissement,"Quel personnage à lunettes, bonnet et pull rayé rouge et blanc faut-il retrouver dans des foules dessinées ?",Charlie,1,Culture pop
899,Histoire,Quelle dernière favorite de Louis XV est guillotinée en 1793 ?,Madame du Barry,2,Louis XV
899,Arts & Littérature,Quel dramaturge norvégien a écrit « Une maison de poupée » ?,Henrik Ibsen,2,Littérature nordique
899,Sciences & Nature,Quel physicien britannique a découvert le neutron en 1932 ?,James Chadwick,3,Physique
899,Sports & Loisirs,"Quelle pâtisserie en forme de roue, créée en 1910, rend hommage à une course cycliste ?",Le paris-brest,1,Pâtisserie
900,Géographie,Quel nom portait la république démocratique du Congo de 1971 à 1997 ?,Le Zaïre,1,Pays
900,Divertissement,Quel film d'Alfonso Cuarón (2013) montre Sandra Bullock et George Clooney dérivant dans l'espace ?,Gravity,2,Science-fiction
900,Histoire,"Quel roi germanique, futur empereur, dut s'humilier devant le pape Grégoire VII à Canossa en 1077 ?",Henri IV,2,Saint-Empire et Europe centrale
900,Arts & Littérature,Quel musée londonien d'art moderne occupe une ancienne centrale électrique au bord de la Tamise ?,La Tate Modern,2,Musées
900,Sciences & Nature,"Quel poisson d'Amazonie, qui n'est pas une véritable anguille, peut produire des décharges de plusieurs centaines de volts ?",L'anguille électrique (gymnote),2,Poissons et animaux marins
900,Sports & Loisirs,En quel temps Usain Bolt a-t-il couru le 100 m lors des championnats du monde de Berlin en 2009 ?,9 s 58,2,Athlétisme
901,Géographie,De quelle ville du Pas-de-Calais les Audomarois sont-ils les habitants ?,Saint-Omer,3,Gentilés
901,Divertissement,Quel rappeur français a connu le succès avec « Bouge de là » au début des années 1990 ?,MC Solaar,1,Rap français
901,Histoire,Quel nom porte le régime de ségrégation raciale institué en Afrique du Sud à partir de 1948 ?,L'apartheid,1,Afrique du Sud
901,Arts & Littérature,Quel poète sétois a écrit « Le Cimetière marin » ?,Paul Valéry,2,Poésie
901,Sciences & Nature,"Quel oiseau marin au bec multicolore, surnommé « perroquet de mer », niche en Bretagne sur l'archipel des Sept-Îles ?",Le macareux moine,2,Oiseaux
901,Sports & Loisirs,Quel acteur de films d'arts martiaux a fondé le jeet kune do ?,Bruce Lee,2,Arts martiaux
902,Géographie,"Quel golfe corse, avec les calanques de Piana et la réserve de Scandola, est inscrit à l'UNESCO ?",Le golfe de Porto,3,Patrimoine UNESCO
902,Divertissement,Quel chanteur a écrit et interprété « Je l'aime à mourir » en 1979 ?,Francis Cabrel,1,Chanson française
902,Histoire,Quel révolutionnaire mène l'expédition des Mille en Sicile en 1860 ?,Giuseppe Garibaldi,1,Unité italienne
902,Arts & Littérature,Quel poète américain a écrit le recueil « Feuilles d'herbe » ?,Walt Whitman,3,Littérature américaine
902,Sciences & Nature,"Comment appelle-t-on le jeune loup, nom repris par les scouts pour leurs plus jeunes membres ?",Le louveteau,1,Noms des petits
902,Sports & Loisirs,Quel mot anglais utilise-t-on au tennis pour annoncer un score de zéro ?,Love,2,Tennis – vocabulaire
903,Géographie,Quelle île de la mer d'Irlande a donné son nom à une race de chats sans queue ?,L'île de Man,2,Îles
903,Divertissement,Quel opéra-rock d'Andrew Lloyd Webber et Tim Rice raconte les derniers jours de Jésus ?,Jesus Christ Superstar,2,Comédies musicales
903,Histoire,"Quelle princesse a trouvé la mort dans un accident de voiture sous le pont de l'Alma, à Paris, en 1997 ?",Diana,1,Personnalités
903,Arts & Littérature,Quel artiste des Nouveaux Réalistes est connu pour ses « Accumulations » d'objets identiques ?,Arman,3,Art contemporain
903,Sciences & Nature,"Quelle maladie, due à une bactérie présente dans la terre, provoque de violentes contractures musculaires et justifie un rappel vaccinal ?",Le tétanos,1,Maladies
903,Sports & Loisirs,Quelle ville de Lorraine est célèbre pour les macarons des « Sœurs » ?,Nancy,2,Pâtisserie
904,Géographie,"Quelle place de Bruxelles, bordée de maisons de corporations, est inscrite à l'UNESCO depuis 1998 ?",La Grand-Place,1,Belgique
904,Divertissement,Quel groupe moldave a chanté « Dragostea din tei » en 2003 ?,O-Zone,3,Pop européenne
904,Histoire,Quel roi d'Angleterre rompt avec Rome pour pouvoir divorcer de Catherine d'Aragon ?,Henri VIII,1,Angleterre Tudor
904,Arts & Littérature,"Quel héros castillan, Rodrigo Díaz de Vivar, est célébré par la plus ancienne épopée espagnole ?",Le Cid,2,Épopées médiévales
904,Sciences & Nature,Quelle maladie neurodégénérative marquée par des tremblements porte le nom d'un médecin anglais qui la décrivit en 1817 ?,La maladie de Parkinson,1,Maladies
904,Sports & Loisirs,"Quel fromage bleu anglais, traditionnellement servi à Noël avec du porto, porte le nom d'un village du Cambridgeshire ?",Le stilton,3,Fromages
905,Géographie,"Quels primates endémiques, comme le maki catta, sont emblématiques de Madagascar ?",Les lémuriens,1,Îles
905,Divertissement,Avec quel rappeur Booba formait-il le duo Lunatic ?,Ali,3,Rap français
905,Histoire,Quel oppidum arverne vit Vercingétorix repousser l'assaut de César en 52 av. J.-C. ?,Gergovie,2,Gaule
905,Arts & Littérature,Quel philosophe allemand a écrit « Ainsi parlait Zarathoustra » ?,Friedrich Nietzsche,1,Philosophie moderne
905,Sciences & Nature,"Selon la mythologie grecque, quel arbre la déesse Athéna offrit-elle à la ville d'Athènes ?",L'olivier,1,Arbres
905,Sports & Loisirs,Dans quelle ville alsacienne est née la marque de fils à broder DMC ?,Mulhouse,3,Loisirs créatifs
906,Géographie,Quel isthme relie l'Amérique du Nord et l'Amérique du Sud ?,L'isthme de Panama,1,Détroits et canaux
906,Divertissement,"Quel cinéaste a adapté en 2017 le roman « Au revoir là-haut » de Pierre Lemaitre, tout en y jouant ?",Albert Dupontel,3,Réalisateurs
906,Histoire,"Qui fut le premier socialiste à diriger un gouvernement français, en juin 1936 ?",Léon Blum,1,France de l'entre-deux-guerres
906,Arts & Littérature,"Quelle romancière, morte à Auschwitz, est l'autrice de « Suite française », publiée seulement en 2004 ?",Irène Némirovsky,3,Auteurs
906,Sciences & Nature,Quel protocole international de 1997 fixait pour la première fois des objectifs chiffrés de réduction des gaz à effet de serre ?,Le protocole de Kyoto,1,Écologie
906,Sports & Loisirs,"Quelle discipline équestre combine sur plusieurs jours dressage, cross et saut d'obstacles ?",Le concours complet,2,Équitation
907,Géographie,Quelles sont les trois couleurs du drapeau irlandais ?,"Vert, blanc, orange",1,Drapeaux
907,Divertissement,Quelle chanteuse a donné la réplique à Bonnie Tyler dans le duo « Si demain… (Turn Around) » ?,Kareen Antonn,3,Variété française
907,Histoire,Quel écrivain français de la Renaissance a créé les géants Gargantua et Pantagruel ?,François Rabelais,1,Renaissance
907,Arts & Littérature,"Quelle romancière a écrit « Ensemble, c'est tout » (2004) ?",Anna Gavalda,2,Romans contemporains
907,Sciences & Nature,Quel phénomène explique que la sirène d'une ambulance paraisse plus aiguë quand elle s'approche que quand elle s'éloigne ?,L'effet Doppler,2,Physique
907,Sports & Loisirs,Quel club italien est surnommé les « Rossoneri » en raison de ses couleurs ?,L'AC Milan,2,Football – clubs
908,Géographie,"Quel lac est bordé à la fois par l'Allemagne, l'Autriche et la Suisse ?",Le lac de Constance,1,Lacs
908,Divertissement,De quelle planète vient l'extraterrestre ALF ?,Melmac,3,Sitcoms
908,Histoire,Quel chef arverne prit la tête de la révolte gauloise contre César en 52 av. J.-C. ?,Vercingétorix,1,Gaule
908,Arts & Littérature,"Quelle déesse grecque des moissons parcourut la terre à la recherche de sa fille Perséphone, enlevée par Hadès ?",Déméter,2,Mythologie grecque
908,Sciences & Nature,Comment qualifie-t-on une solution dont le pH est supérieur à 7 ?,Basique (alcaline),2,Chimie : réactions
908,Sports & Loisirs,"Quel pays tropical a engagé une équipe de bobsleigh aux Jeux de Calgary en 1988, histoire qui a inspiré le film « Rasta Rockett » ?",La Jamaïque,1,Sports d'hiver
909,Géographie,"Quelle île tanzanienne de l'océan Indien, dont la vieille ville s'appelle Stone Town, est surnommée « l'île aux épices » ?",Zanzibar,1,Îles
909,Divertissement,"Dans « Shining » de Stanley Kubrick, quel est le nom de l'hôtel isolé où Jack Torrance devient gardien ?",L'Overlook Hotel,3,Classiques hollywoodiens
909,Histoire,Quel médecin et député a donné son nom à la machine à décapiter adoptée sous la Révolution ?,Joseph Ignace Guillotin,1,Révolution française
909,Arts & Littérature,Quel poète symboliste a écrit « Un coup de dés jamais n'abolira le hasard » ?,Stéphane Mallarmé,3,Poésie
909,Sciences & Nature,"Quelle suite de nombres commence par 0, 1, 1, 2, 3, 5, 8, 13 ?",La suite de Fibonacci,1,Mathématiques
909,Sports & Loisirs,"En escrime, quelle arme permet de toucher avec la pointe mais aussi avec le tranchant de la lame ?",Le sabre,2,Vocabulaire et règles
910,Géographie,"Quel parc national, créé en 1963 en Savoie, fut le premier parc national français ?",La Vanoise,2,Sites naturels
910,Divertissement,"Dans « Le Monde de Nemo », comment s'appelle le poisson bleu qui souffre de pertes de mémoire ?",Dory,1,Animation
910,Histoire,Quel navigateur portugais franchit le premier le cap de Bonne-Espérance en 1488 ?,Bartolomeu Dias,2,Péninsule ibérique et découvertes
910,Arts & Littérature,"Quel surnom, lié à sa chevelure et à son état ecclésiastique, portait Antonio Vivaldi ?",Le Prêtre roux,3,Musique baroque
910,Sciences & Nature,Quelle machine de chiffrement allemande de la Seconde Guerre mondiale a été percée par les Britanniques à Bletchley Park ?,Enigma,1,Informatique
910,Sports & Loisirs,Quel numéro porte traditionnellement le demi d'ouverture au rugby à XV ?,10,2,Rugby – règles
911,Géographie,Quelle ville médiévale de Dordogne est la capitale du Périgord noir ?,Sarlat-la-Canéda,2,Villes
911,Divertissement,"Comment s'appelle le petit robot nettoyeur, héros d'un film Pixar sorti en 2008 ?",WALL-E,1,Animation
911,Histoire,Quel dirigeant communiste tchécoslovaque voulait instaurer en 1968 un « socialisme à visage humain » ?,Alexander Dubček,3,Guerre froide
911,Arts & Littérature,Qui a peint « La Joconde » ?,Léonard de Vinci,1,Tableaux célèbres
911,Sciences & Nature,Quel est le seul nombre premier pair ?,2,1,Mathématiques
911,Sports & Loisirs,Quel club perpignanais de rugby à XIII évolue dans la Super League anglaise ?,Les Dragons catalans,3,Rugby – clubs
912,Géographie,Quelles sont les deux langues officielles de Malte ?,Le maltais et l'anglais,3,Langues
912,Divertissement,Quelle actrice britannique joue Hermione Granger dans la saga « Harry Potter » ?,Emma Watson,1,Sagas
912,Histoire,Quel ingénieur anglais est surnommé « le père des chemins de fer » ?,George Stephenson,2,Révolution industrielle
912,Arts & Littérature,"Quel homme d'État britannique reçut le prix Nobel de littérature en 1953, notamment pour ses écrits historiques ?",Winston Churchill,1,Prix Nobel de littérature
912,Sciences & Nature,Comment appelle-t-on l'étape où les ribosomes assemblent une protéine en lisant l'ARN messager ?,La traduction,3,Génétique
912,Sports & Loisirs,Quel jour de l'année fête-t-on la Chandeleur en mangeant des crêpes ?,Le 2 février,1,Fêtes et traditions
913,Géographie,Comment s'appelle la monnaie de la Hongrie ?,Le forint,3,Monnaies
913,Divertissement,"Quel cocktail James Bond commande-t-il « au shaker, pas à la cuillère » ?",Un (vodka) martini,1,James Bond
913,Histoire,"Quel empereur, rival de François Ier, régnait sur un empire « où le soleil ne se couche jamais » ?",Charles Quint,1,Europe au XVIe siècle
913,Arts & Littérature,"Quel peintre lorrain du XVIIe siècle est célèbre pour ses scènes éclairées à la bougie, comme « La Madeleine à la veilleuse » ?",Georges de La Tour,3,Baroque
913,Sciences & Nature,Quel inventeur américain aux plus de 1 000 brevets a mis au point une lampe à incandescence durable en 1879 ?,Thomas Edison,1,Grands scientifiques
913,Sports & Loisirs,"Quel piment rouge, bénéficiant d'une AOP, porte le nom d'un village du Pays basque ?",Le piment d'Espelette,2,Cuisine régionale
914,Géographie,Quel est le plus grand lac d'Italie ?,Le lac de Garde,2,Lacs
914,Divertissement,Quelle série sud-coréenne de 2021 fait participer des candidats endettés à des jeux d'enfants mortels ?,Squid Game,1,Séries internationales
914,Histoire,"Quelle arme, maniée par les archers anglais, fut décisive à Crécy et Azincourt ?",L'arc long (longbow),2,Guerre de Cent Ans
914,Arts & Littérature,Quel écrivain sénégalais a obtenu le prix Goncourt en 2021 pour « La Plus Secrète Mémoire des hommes » ?,Mohamed Mbougar Sarr,3,Prix Goncourt
914,Sciences & Nature,Comment s'appelle la galaxie dans laquelle se trouve le Système solaire ?,La Voie lactée,1,Astronomie : galaxies
914,Sports & Loisirs,Quelle ville a été la première à accueillir à la fois les Jeux olympiques d'été et ceux d'hiver ?,Pékin (2008 et 2022),2,Villes olympiques
915,Géographie,Quelle basilique marseillaise est surnommée « la Bonne Mère » ?,Notre-Dame-de-la-Garde,1,Monuments
915,Divertissement,"Quel seigneur maléfique, souvent sous forme de sanglier géant, est le grand méchant de la saga Zelda ?",Ganon,2,Jeux vidéo
915,Histoire,Quel explorateur islandais aurait atteint l'Amérique du Nord vers l'an 1000 ?,Leif Erikson,2,Vikings et Europe du Nord
915,Arts & Littérature,"Quelle règle du théâtre classique impose une seule action, en un seul lieu et en une seule journée ?",La règle des trois unités,2,Théâtre
915,Sciences & Nature,Quelle mission lunaire de 1970 a dû être abandonnée après l'explosion d'un réservoir d'oxygène ?,Apollo 13,1,Espace : missions
915,Sports & Loisirs,Quel rocher irlandais surmonté d'un phare a donné son nom à une célèbre course au large ?,Le Fastnet,3,Voile
916,Géographie,Quel naturaliste britannique a le premier expliqué la formation des atolls par l'enfoncement des volcans ?,Charles Darwin,3,Géographie physique
916,Divertissement,Quelle actrice incarne Holly Golightly dans « Diamants sur canapé » (1961) ?,Audrey Hepburn,1,Classiques hollywoodiens
916,Histoire,Quelle fleur fait l'objet d'une spéculation effrénée aux Provinces-Unies dans les années 1630 ?,La tulipe,1,Provinces-Unies
916,Arts & Littérature,Quelle immense épopée indienne raconte la guerre entre les Pandava et leurs cousins Kaurava ?,Le Mahabharata,2,Épopées d'Asie
916,Sciences & Nature,"Combien existe-t-il de polyèdres réguliers convexes, appelés solides de Platon ?",Cinq,3,Mathématiques
916,Sports & Loisirs,"Quel apéritif, mélange de crème de cassis et de vin blanc, porte le nom d'un chanoine maire de Dijon ?",Le kir,1,Cocktails
917,Géographie,Quel quartier historique fortifié de la capitale québécoise est inscrit à l'UNESCO depuis 1985 ?,Le Vieux-Québec,2,Québec
917,Divertissement,Quel acteur et réalisateur incarne Astérix dans « Astérix et Obélix : L'Empire du Milieu » (2023) ?,Guillaume Canet,2,Cinéma français
917,Histoire,Dans quelle ville est rédigée en 1787 la Constitution des États-Unis ?,Philadelphie,2,Indépendance américaine
917,Arts & Littérature,Quel personnage du « Cid » s'écrie « Ô rage ! ô désespoir ! ô vieillesse ennemie ! » ?,Don Diègue,2,Citations
917,Sciences & Nature,Quel trouble du comportement alimentaire se caractérise par une restriction drastique de nourriture et une peur intense de grossir ?,L'anorexie mentale,1,Psychologie
917,Sports & Loisirs,Quelle Française a remporté le simple dames de Roland-Garros en 2000 ?,Mary Pierce,2,Tennis – champions
918,Géographie,Quelles sont les deux couleurs du drapeau polonais ?,Blanc et rouge,1,Drapeaux
918,Divertissement,"Comment s'appelle le prix du meilleur album décerné au festival d'Angoulême, en forme de félin ?",Le Fauve d'or,3,BD franco-belge
918,Histoire,Quel complexe de camps situé en Pologne est devenu le symbole de l'extermination des Juifs d'Europe ?,Auschwitz-Birkenau,1,Shoah
918,Arts & Littérature,"Quel peintre normand, installé à Rome, a peint « Les Bergers d'Arcadie » ?",Nicolas Poussin,3,Classicisme
918,Sciences & Nature,Quel physicien autrichien a imaginé une expérience de pensée avec un chat à la fois mort et vivant ?,Erwin Schrödinger,1,Physique
918,Sports & Loisirs,Quel pays a organisé la Coupe du monde de football 2022 ?,Le Qatar,1,Football – Coupe du monde
919,Géographie,Quelle mer d'Asie centrale s'est en grande partie asséchée à cause de l'irrigation des champs de coton ?,La mer d'Aral,2,Océans et mers
919,Divertissement,Quelle princesse de Disney perd une pantoufle de verre en quittant le bal à minuit ?,Cendrillon,1,Animation
919,Histoire,Quelle bataille de 216 av. J.-C. vit Hannibal écraser les légions romaines en Apulie ?,Cannes,2,Rome antique
919,Arts & Littérature,Quel architecte a construit le château de Vaux-le-Vicomte pour le surintendant Fouquet ?,Louis Le Vau,3,Architectes
919,Sciences & Nature,Quelle protéine fibreuse constitue l'essentiel des cheveux et des ongles ?,La kératine,1,Peau et phanères
919,Sports & Loisirs,De quelle couleur est la zone centrale d'une cible de tir à l'arc olympique ?,Jaune (or),1,Vocabulaire et règles
920,Géographie,"Quel phare de l'estuaire de la Gironde, surnommé « le Versailles de la mer », est inscrit à l'UNESCO depuis 2021 ?",Le phare de Cordouan,3,Patrimoine UNESCO
920,Divertissement,Quel héros de série se sortait de toutes les situations grâce à son couteau suisse et à son ingéniosité ?,MacGyver,1,Séries américaines
920,Histoire,Quel monument est construit pour l'Exposition universelle de Paris de 1889 ?,La tour Eiffel,1,IIIe République
920,Arts & Littérature,Quel écrivain argentin installé à Paris a publié en 1963 le roman « Marelle » ?,Julio Cortázar,3,Littérature latino-américaine
920,Sciences & Nature,Dans quel organite des cellules végétales se déroule la photosynthèse ?,Le chloroplaste,1,Cellule
920,Sports & Loisirs,Quelle est la première propriété après la case Départ sur le plateau du Monopoly français classique ?,Le boulevard de Belleville,2,Jeux de société
921,Géographie,Quelle est la capitale de la Pologne ?,Varsovie,1,Capitales
921,Divertissement,Quel numéro désigne le héros de la série britannique « Le Prisonnier » ?,Le numéro 6,2,Séries britanniques
921,Histoire,"Quel amiral français remporte en 1781 la bataille de la baie de Chesapeake, privant les Britanniques de renforts à Yorktown ?",Le comte de Grasse,3,Indépendance américaine
921,Arts & Littérature,Quel ballet de Tchaïkovski se déroule une nuit de Noël et fait apparaître la fée Dragée ?,Casse-Noisette,1,Danse
921,Sciences & Nature,Dans quel archipel du Pacifique Darwin a-t-il observé les pinsons et tortues qui ont nourri sa théorie ?,Les Galápagos,2,Grands scientifiques
921,Sports & Loisirs,Quel pilote haut-alpin a succédé à Sébastien Loeb en remportant le championnat du monde des rallyes de 2013 à 2018 ?,Sébastien Ogier,2,Sports mécaniques
922,Géographie,"Quel détroit, large d'environ 180 km, sépare la province chinoise du Fujian de l'île qui lui fait face ?",Le détroit de Taïwan (Formose),2,Détroits et canaux
922,Divertissement,Quel acteur joue Fernand Naudin dans « Les Tontons flingueurs » (1963) ?,Lino Ventura,1,Classiques français
922,Histoire,Dans quelle capitale a été signé en avril 1951 le traité instituant la Communauté européenne du charbon et de l'acier ?,Paris,3,Construction européenne
922,Arts & Littérature,Quel animal a-t-on « dans la gorge » quand on a la voix enrouée ?,Un chat,1,Expressions
922,Sciences & Nature,"Quel oiseau marin possède la plus grande envergure du monde, pouvant dépasser 3 m ?",L'albatros hurleur,2,Oiseaux
922,Sports & Loisirs,"Au golf, comment appelle-t-on l'exploit de rentrer la balle dans le trou dès le coup de départ ?",Un trou en un (hole-in-one),1,Golf
923,Géographie,"Quel volcan mexicain, dont le nom nahuatl signifie « montagne qui fume », domine la vallée de Mexico ?",Le Popocatépetl,2,Volcans
923,Divertissement,À quelle date la Fête de la musique a-t-elle lieu chaque année en France ?,Le 21 juin,1,Festivals
923,Histoire,Quel roi d'Écosse battit les Anglais à Bannockburn en 1314 ?,Robert Bruce,3,Angleterre médiévale
923,Arts & Littérature,"Quel compositeur, cantor de Leipzig, a écrit les « Concertos brandebourgeois » ?",Jean-Sébastien Bach,1,Musique baroque
923,Sciences & Nature,"Quel homme d'affaires suisse, fondateur de la Croix-Rouge, fut colauréat du premier prix Nobel de la paix en 1901 ?",Henry Dunant,2,Santé publique
923,Sports & Loisirs,Quel style de lutte olympique interdit toute prise en dessous de la ceinture ?,La lutte gréco-romaine,2,Arts martiaux
924,Géographie,Quel ingénieur français a dessiné en 1791 le plan de la ville de Washington ?,Pierre Charles L'Enfant,3,Monuments et sites
924,Divertissement,Quel acteur incarne le contrebandier Han Solo dans la trilogie originale de « Star Wars » ?,Harrison Ford,1,Sagas
924,Histoire,En quelle année la Ve République a-t-elle été instaurée en France ?,1958,1,Ve République
924,Arts & Littérature,Dans quel album de Tintin le capitaine Haddock apparaît-il pour la première fois ?,Le Crabe aux pinces d'or,2,Bande dessinée
924,Sciences & Nature,"Quel arbre, dont la floraison est célébrée au Japon lors du hanami, est un symbole national ?",Le cerisier,1,Arbres
924,Sports & Loisirs,Quel attaquant néerlandais de l'AC Milan était surnommé « le Cygne d'Utrecht » ?,Marco van Basten,3,Football – champions
925,Géographie,Comment appelle-t-on les habitants du Puy-en-Velay ?,Les Ponots,3,Gentilés
925,Divertissement,Quel super-héros de Marvel se cache sous l'identité du jeune photographe Peter Parker ?,Spider-Man,1,Super-héros
925,Histoire,"Quel poète, membre du gouvernement provisoire, proclame la IIe République à l'Hôtel de Ville en février 1848 ?",Alphonse de Lamartine,2,IIe République
925,Arts & Littérature,"Quel ballet d'Adolphe Adam, créé à Paris en 1841, raconte l'histoire d'une paysanne devenue une Wili ?",Giselle,2,Danse
925,Sciences & Nature,Quel marsupial australien se nourrit presque exclusivement de feuilles d'eucalyptus ?,Le koala,1,Mammifères
925,Sports & Loisirs,Quelle boisson italienne au café doit son nom à la couleur de la robe des moines capucins ?,Le cappuccino,2,Boissons
926,Géographie,Quel navigateur français a découvert la Terre Adélie en 1840 et l'a baptisée du prénom de son épouse ?,Jules Dumont d'Urville,2,Pôles
926,Divertissement,Quel groupe britannique a sorti en 1979 l'album « The Wall » ?,Pink Floyd,1,Albums
926,Histoire,"Quel général vendéen, surnommé « Monsieur Henri », est tué en 1794 à l'âge de 21 ans ?",Henri de La Rochejaquelein,3,Révolution française
926,Arts & Littérature,Quelle clé utilise-t-on généralement pour noter la partie de main gauche au piano ?,La clé de fa,1,Solfège
926,Sciences & Nature,"Quel nombre, surnommé « nombre taxicab », est le plus petit à s'écrire de deux façons comme somme de deux cubes ?",1 729,3,Mathématiques
926,Sports & Loisirs,Quel agrès de gymnastique féminine ne mesure que 10 cm de large ?,La poutre,1,Vocabulaire et règles
927,Géographie,Dans quel manoir d'Amboise Léonard de Vinci a-t-il passé ses dernières années ?,Le Clos Lucé,2,Châteaux
927,Divertissement,Quel acteur-chanteur a popularisé « Les Feuilles mortes » ?,Yves Montand,1,Chanson française
927,Histoire,Quelle grande bataille navale a opposé les flottes britannique et allemande en mer du Nord en 1916 ?,La bataille du Jutland,3,Première Guerre mondiale
927,Arts & Littérature,Comment appelle-t-on une imitation comique d'une œuvre sérieuse ?,Une parodie,1,Vocabulaire littéraire
927,Sciences & Nature,Combien d'ailes possède une mouche ?,Deux,3,Insectes
927,Sports & Loisirs,Combien de gares compte le plateau du Monopoly ?,Quatre,1,Jeux de société
928,Géographie,Dans quel golfe breton se trouvent l'île aux Moines et l'île d'Arz ?,Le golfe du Morbihan,2,Îles
928,Divertissement,Quel instrument emblématique du jazz a été inventé par le Belge Adolphe Sax ?,Le saxophone,1,Jazz
928,Histoire,Quel projet d'armée européenne l'Assemblée nationale française a-t-elle rejeté en août 1954 ?,La CED,3,Construction européenne
928,Arts & Littérature,"Quel roman d'André Malraux, situé à Shanghai en 1927, a obtenu le prix Goncourt en 1933 ?",La Condition humaine,2,Prix Goncourt
928,Sciences & Nature,"Comment appelle-t-on un quadrilatère dont les quatre côtés ont la même longueur, sans angle droit ?",Un losange,1,Mathématiques
928,Sports & Loisirs,Quel ailier néo-zélandais a écrasé les Anglais de sa puissance en demi-finale de la Coupe du monde 1995 ?,Jonah Lomu,2,Rugby – champions
929,Géographie,Comment se nomme le peuple autochtone mélanésien de Nouvelle-Calédonie ?,Les Kanak,2,Outre-mer
929,Divertissement,Quelle série de Netflix met en scène des enfants de la ville d'Hawkins face au « Monde à l'envers » ?,Stranger Things,1,Séries américaines
929,Histoire,Quel grand voyageur marocain du XIVe siècle a parcouru le monde musulman jusqu'en Chine ?,Ibn Battûta,2,Monde musulman médiéval
929,Arts & Littérature,"Dans le sonnet « Voyelles » de Rimbaud, quelle couleur est associée à la lettre A ?",Noir,3,Poésie
929,Sciences & Nature,Comment appelle-t-on la transformation d'une chenille en papillon ?,La métamorphose,1,Biologie générale
929,Sports & Loisirs,"Quelle Norvégienne a reçu le premier Ballon d'or féminin, en 2018 ?",Ada Hegerberg,2,Football – champions
930,Géographie,Dans quelle ville d'Andalousie se trouve le palais de l'Alhambra ?,Grenade,1,Monuments
930,Divertissement,"Quel album de Johnny Hallyday, sorti en 1986 et écrit par Jean-Jacques Goldman, contient « Je te promets » ?",Gang,3,Albums
930,Histoire,Dans quel océan un tsunami a-t-il fait plus de 200 000 morts le 26 décembre 2004 ?,L'océan Indien,1,Catastrophes
930,Arts & Littérature,Quel écrivain martiniquais a obtenu le prix Goncourt en 1992 pour « Texaco » ?,Patrick Chamoiseau,3,Prix Goncourt
930,Sciences & Nature,Comment appelle-t-on la baisse de la vision de près qui survient naturellement avec l'âge ?,La presbytie,1,Sens : la vue
930,Sports & Loisirs,"Quelle course à étapes en solitaire, disputée sur des monotypes, est surnommée « l'université de la course au large » ?",La Solitaire du Figaro,2,Voile
931,Géographie,Quel golfe de la Méditerranée borde les côtes du Languedoc et du Roussillon ?,Le golfe du Lion,1,Côtes
931,Divertissement,Quel groupe britannique a chanté « My Generation » en 1965 ?,The Who,3,Rock
931,Histoire,"Quel préfet, unificateur de la Résistance intérieure, fut arrêté à Caluire, près de Lyon, en juin 1943 ?",Jean Moulin,1,Résistance
931,Arts & Littérature,"Comment surnommait-on le groupe de compositeurs russes réunissant Balakirev, Borodine, Cui, Moussorgski et Rimski-Korsakov ?",Le groupe des Cinq,3,Compositeurs
931,Sciences & Nature,Comment qualifie-t-on un triangle qui possède deux côtés de même longueur ?,Isocèle,1,Mathématiques
931,Sports & Loisirs,Quelle célèbre course motocycliste se dispute sur les routes de l'île de Man ?,Le Tourist Trophy,2,Sports mécaniques
932,Géographie,Comment appelle-t-on les habitants de Limoges ?,Les Limougeauds,2,Gentilés
932,Divertissement,Quel chanteur a interprété « Une belle histoire » en 1972 avec sa troupe du Big Bazar ?,Michel Fugain,2,Variété française
932,Histoire,Comment surnomme-t-on la vague de révolutions qui secoue l'Europe en 1848 ?,Le Printemps des peuples,2,Europe au XIXe siècle
932,Arts & Littérature,Quel auteur-compositeur américain reçut à la surprise générale le prix Nobel de littérature en 2016 ?,Bob Dylan,1,Prix Nobel de littérature
932,Sciences & Nature,Quel appareil l'Américain Elisha Otis a-t-il rendu sûr grâce à un frein de sécurité présenté à New York en 1854 ?,L'ascenseur,2,Inventeurs
932,Sports & Loisirs,Quelle ville bourguignonne est mondialement connue pour sa moutarde ?,Dijon,1,Produits du terroir
933,Géographie,Quel grand lac du Cambodge voit le cours de sa rivière s'inverser pendant la mousson ?,Le Tonlé Sap,3,Asie
933,Divertissement,"Quelle jeune actrice française est révélée en 1980 par le film « La Boum », où elle incarne Vic ?",Sophie Marceau,1,Acteurs
933,Histoire,Quel humoriste a fondé les Restos du cœur en 1985 ?,Coluche,1,Société française
933,Arts & Littérature,Quel roman Boris Vian a-t-il publié en 1946 sous le pseudonyme de Vernon Sullivan ?,J'irai cracher sur vos tombes,3,Romans
933,Sciences & Nature,"Quel est le plus grand lézard du monde, qui vit sur quelques îles d'Indonésie ?",Le dragon de Komodo,1,Reptiles et amphibiens
933,Sports & Loisirs,Comment appelle-t-on la science qui étudie la fabrication et la conservation du vin ?,L'œnologie,1,Vins
934,Géographie,Quelles chutes du Zambèze sont appelées localement « la fumée qui gronde » ?,Les chutes Victoria,1,Sites célèbres
934,Divertissement,Comment s'appelle la relique sacrée formée de trois triangles d'or dans la saga Zelda ?,La Triforce,2,Jeux vidéo
934,Histoire,Quelle île indonésienne a donné son nom à une petite espèce humaine surnommée « le hobbit » ?,Florès,3,Préhistoire
934,Arts & Littérature,Quel écrivain a raconté l'ascension de Georges Duroy dans « Bel-Ami » ?,Guy de Maupassant,1,Romans
934,Sciences & Nature,Comment appelle-t-on l'insecte qui émet de la lumière dans l'herbe les soirs d'été ?,"Le ver luisant (lampyre, luciole)",1,Insectes
934,Sports & Loisirs,À quelle échelle de réduction correspond la norme HO en modélisme ferroviaire ?,1/87,3,Loisirs créatifs
935,Géographie,Quel pont gothique orné de trente statues relie la Vieille Ville au quartier de Malá Strana à Prague ?,Le pont Charles,2,Monuments
935,Divertissement,"Quel guitariste britannique, surnommé « Slowhand », a composé « Layla » ?",Eric Clapton,2,Rock
935,Histoire,"Quel syndicat indépendant est né en 1980 dans les chantiers navals de Gdańsk, en Pologne ?",Solidarność,1,Fin de la guerre froide
935,Arts & Littérature,Combien de touches compte un piano moderne standard ?,88,2,Instruments
935,Sciences & Nature,Quel est le plus grand oiseau vivant ?,L'autruche,1,Oiseaux
935,Sports & Loisirs,"Contre quel pays les Barjots ont-ils remporté la finale du championnat du monde de handball 1995, en Islande ?",La Croatie,3,Handball – compétitions
936,Géographie,"Quelle île de Polynésie française, dominée par le mont Otemanu, est surnommée la « perle du Pacifique » ?",Bora-Bora,1,Océanie
936,Divertissement,Quel compositeur a créé la musique de « Comme d'habitude » avec Claude François ?,Jacques Revaux,3,Variété française
936,Histoire,"Quelle plage du débarquement, attribuée aux Américains, fut la plus meurtrière le 6 juin 1944 ?",Omaha Beach,1,Débarquement
936,Arts & Littérature,Quel chorégraphe né à Saint-Pétersbourg a cofondé le New York City Ballet en 1948 ?,George Balanchine,3,Danse
936,Sciences & Nature,Quel insecte transmet le paludisme à l'être humain ?,Le moustique (anophèle),1,Maladies
936,Sports & Loisirs,"Dans quelle ville belge les Gilles, coiffés de plumes d'autruche, lancent-ils des oranges pendant le carnaval ?",Binche,2,Fêtes et traditions
937,Géographie,Quel détroit sépare le Sri Lanka de l'Inde ?,Le détroit de Palk,3,Détroits et canaux
937,Divertissement,Quel film de Charlie Chaplin (1936) montre Charlot prisonnier des engrenages d'une usine ?,Les Temps modernes,1,Cinéma muet
937,Histoire,Comment appelle-t-on la terre concédée par un seigneur à son vassal ?,Un fief,1,Féodalité et vie médiévale
937,Arts & Littérature,Quel instrument donne traditionnellement le la pour accorder l'orchestre ?,Le hautbois,2,Orchestre
937,Sciences & Nature,Quel arbre produit les noix ?,Le noyer,1,Arbres
937,Sports & Loisirs,Quelle équipe la France a-t-elle éliminée aux tirs au but en quart de finale de la Coupe du monde 1998 ?,L'Italie,3,Football – Coupe du monde
938,Géographie,"Quel saint est fêté le 24 juin, jour de la fête nationale du Québec ?",Saint Jean-Baptiste,1,Québec
938,Divertissement,Dans quel film de Billy Wilder (1955) la robe blanche de Marilyn Monroe est-elle soulevée par une bouche d'aération du métro ?,Sept ans de réflexion,3,Classiques hollywoodiens
938,Histoire,Comment appelle-t-on le pogrom organisé dans toute l'Allemagne dans la nuit du 9 au 10 novembre 1938 ?,La Nuit de cristal,2,Allemagne nazie
938,Arts & Littérature,"Que mange-t-on « par la racine » quand on est mort et enterré, selon l'expression ?",Les pissenlits,1,Expressions
938,Sciences & Nature,Quel marsupial carnivore australien porte le nom d'une créature infernale ?,Le diable de Tasmanie,2,Mammifères
938,Sports & Loisirs,Combien de trous compte un parcours de golf standard ?,18,1,Golf
939,Géographie,Quelle est la plus vaste province du Canada ?,Le Québec,2,Québec
939,Divertissement,Quel acteur joue le gangster Tony Montana dans « Scarface » (1983) ?,Al Pacino,1,Acteurs
939,Histoire,"Quel mathématicien grec d'Alexandrie a rédigé les « Éléments », base de la géométrie ?",Euclide,2,Grèce antique
939,Arts & Littérature,Quel peintre a créé à la fin de sa vie des gouaches découpées comme « La Tristesse du roi » ?,Henri Matisse,2,Peintres
939,Sciences & Nature,"Quel antibiotique, découvert en 1943 aux États-Unis, fut le premier efficace contre la tuberculose ?",La streptomycine,3,Médicaments
939,Sports & Loisirs,Quel président américain a donné son surnom à l'ours en peluche appelé « teddy bear » ?,Theodore Roosevelt,1,Jouets
940,Géographie,"Quel parc national créé en 2012 aux portes de Marseille est à la fois terrestre, marin et périurbain ?",Le parc national des Calanques,2,Sites naturels
940,Divertissement,"Dans « Titanic », comment s'appelle le diamant bleu que porte Rose ?",Le Cœur de l'océan,2,Personnages
940,Histoire,Quelle forteresse syrienne des Hospitaliers est considérée comme le plus beau château des croisés ?,Le krak des Chevaliers,2,Croisades
940,Arts & Littérature,Quel animal demande au Petit Prince de l'apprivoiser ?,Le renard,1,Littérature jeunesse
940,Sciences & Nature,"Quel mathématicien allemand a présenté en 1900, à Paris, une liste de 23 grands problèmes ouverts ?",David Hilbert,3,Mathématiques
940,Sports & Loisirs,Quel mot l'arbitre de tennis annonce-t-il lorsque les deux joueurs sont à 40 partout ?,Égalité,1,Tennis – règles
941,Géographie,"Quelle rivière traverse Francfort, ville surnommée « Mainhattan » ?",Le Main,3,Fleuves
941,Divertissement,Quel plombier moustachu à casquette rouge est la mascotte de Nintendo ?,Mario,1,Jeux vidéo
941,Histoire,Quel empereur du Mali est célèbre pour son fastueux pèlerinage à La Mecque en 1324 ?,Mansa Moussa,2,Afrique médiévale
941,Arts & Littérature,Quel animal rusé est le héros d'un célèbre ensemble de récits satiriques du Moyen Âge ?,Le renard (Renart),1,Moyen Âge
941,Sciences & Nature,"Quel inventeur italien, prix Nobel de physique en 1909, est considéré comme le père de la radio (TSF) ?",Guglielmo Marconi,1,Télécommunications
941,Sports & Loisirs,Quel maître d'hôtel du prince de Condé se serait donné la mort en 1671 parce que la marée tardait à arriver ?,François Vatel,3,Histoire de la cuisine
942,Géographie,En quelle année un tsunami a-t-il dévasté les côtes de l'océan Indien un 26 décembre ?,2004,1,Plaques et séismes
942,Divertissement,"Quelle émission musicale de la BBC, diffusée de 1964 à 2006, présentait les meilleures ventes de disques ?",Top of the Pops,3,Télévision
942,Histoire,Quel roi d'Angleterre fut tué à la bataille de Bosworth en 1485 ?,Richard III,2,Angleterre médiévale
942,Arts & Littérature,Quels frères allemands ont recueilli le conte « Hansel et Gretel » ?,Les frères Grimm,1,Contes
942,Sciences & Nature,"Quelle réaction nucléaire, qui unit des noyaux d'hydrogène, produit l'énergie du Soleil ?",La fusion nucléaire,1,Physique
942,Sports & Loisirs,Quel boxeur français a été sacré champion olympique des mi-mouches aux Jeux de Sydney en 2000 ?,Brahim Asloum,3,Boxe
943,Géographie,Quelle ville américaine est surnommée « la ville des vents » ?,Chicago,1,Grandes villes
943,Divertissement,Quel film de Jean-Jacques Beineix (1986) révèle Béatrice Dalle dans le rôle de Betty ?,37°2 le matin,2,Cinéma français
943,Histoire,Quel chancelier de Louis XV supprime les parlements en 1771 ?,René de Maupeou,3,Louis XV
943,Arts & Littérature,Quel écrivain britannique a écrit « Le Livre de la jungle » ?,Rudyard Kipling,1,Littérature anglaise
943,Sciences & Nature,Quel physicien britannique a découvert l'électron en 1897 ?,Joseph John Thomson,3,Physique
943,Sports & Loisirs,Dans quelle ville se trouve le Camp Nou ?,Barcelone,1,Football – stades
944,Géographie,Quelle est la capitale de la Lettonie ?,Riga,2,Capitales
944,Divertissement,Quel pirate à la jambe de bois est le personnage le plus célèbre de « L'Île au trésor » de Stevenson ?,Long John Silver,2,Personnages de fiction
944,Histoire,Dans quelle ville des Ardennes Napoléon III capitule-t-il le 2 septembre 1870 ?,Sedan,1,Guerre de 1870
944,Arts & Littérature,Quel philosophe écossais des Lumières a écrit le « Traité de la nature humaine » ?,David Hume,3,Philosophie moderne
944,Sciences & Nature,Comment appelle-t-on la roche en fusion présente sous la surface de la Terre ?,Le magma,1,Géologie
944,Sports & Loisirs,"Quel cocktail de Porto Rico mélange rhum, jus d'ananas et crème de coco ?",La piña colada,2,Cocktails
945,Géographie,Comment les marins appellent-ils la zone de calmes et d'orages proche de l'équateur ?,Le pot-au-noir,3,Climats et milieux
945,Divertissement,"Quel chanteur et producteur a chanté « Happy » en 2013, pour le film « Moi, moche et méchant 2 » ?",Pharrell Williams,1,R&B
945,Histoire,Quel président a fait abaisser l'âge de la majorité civile et électorale de 21 à 18 ans en 1974 ?,Valéry Giscard d'Estaing,2,Ve République
945,Arts & Littérature,"Quel musée parisien, inauguré en 1977, affiche en façade ses tuyaux colorés ?",Le Centre Pompidou,1,Musées
945,Sciences & Nature,Comment appelle-t-on les acides aminés que le corps ne sait pas fabriquer et qui doivent venir de l'alimentation ?,Les acides aminés essentiels,2,Nutrition
945,Sports & Loisirs,Comment appelle-t-on le derby de Buenos Aires qui oppose Boca Juniors à River Plate ?,Le Superclásico,2,Football – clubs
946,Géographie,"Quelle capitale a été bâtie sur les ruines de Tenochtitlan, la cité aztèque ?",Mexico,2,Grandes villes
946,Divertissement,"Quel film de 2002 s'inspire de la jeunesse d'Eminem, qui y tient le rôle principal ?",8 Mile,2,Rap américain
946,Histoire,"Quel peuple germanique, qui pilla Rome en 455, a donné un mot synonyme de destructeur ?",Les Vandales,1,Grandes invasions
946,Arts & Littérature,"Quel écrivain d'origine russe, naturalisé américain, a écrit « Lolita » ?",Vladimir Nabokov,2,Littérature russe
946,Sciences & Nature,Comment appelle-t-on la danse par laquelle une abeille butineuse indique à ses congénères la direction des fleurs ?,La danse frétillante (en huit),3,Insectes
946,Sports & Loisirs,Dans quelle salle mythique de Manhattan jouent les New York Knicks ?,Le Madison Square Garden,1,Basket – stades
947,Géographie,Quel instrument astronomique de navigation figure sur le drapeau du Portugal ?,Une sphère armillaire,3,Drapeaux
947,Divertissement,Quelle actrice australienne incarne le rôle-titre du film « Barbie » (2023) ?,Margot Robbie,1,Acteurs
947,Histoire,"Qui fut le premier président de la République tunisienne, de 1957 à 1987 ?",Habib Bourguiba,2,Décolonisation
947,Arts & Littérature,Comment appelle-t-on le petit bâton avec lequel le chef dirige l'orchestre ?,La baguette,1,Orchestre
947,Sciences & Nature,À quelle classe d'animaux appartiennent les araignées et les scorpions ?,Les arachnides,2,Insectes
947,Sports & Loisirs,Combien de cases compte un damier de jeu de dames international ?,100,2,Jeux de société
948,Géographie,Quel est le point culminant de La Réunion ?,Le piton des Neiges,2,Outre-mer
948,Divertissement,"Quel groupe américain, créé par le producteur français Jacques Morali, a chanté « Y.M.C.A. » ?",Village People,1,Disco
948,Histoire,Près de quelle ville de Syrie Ramsès II affronta-t-il les Hittites vers 1274 av. J.-C. ?,Qadesh,2,Égypte ancienne
948,Arts & Littérature,Quel peintre flamand a peint « Chasseurs dans la neige » en 1565 ?,Pieter Bruegel l'Ancien,2,Tableaux célèbres
948,Sciences & Nature,Comment appelle-t-on le mode de reproduction où un embryon se développe à partir d'un ovule non fécondé ?,La parthénogenèse,3,Biologie générale
948,Sports & Loisirs,"Comment nomme-t-on une bouteille de vin ou de champagne d'une contenance de 1,5 litre ?",Un magnum,1,Vins
949,Géographie,"Quel pont couvert en bois, orné de peintures, est l'emblème de Lucerne ?",Le pont de la Chapelle (Kapellbrücke),3,Suisse
949,Divertissement,Quel acteur incarne le policier John McClane dans « Piège de cristal » (1988) ?,Bruce Willis,1,Acteurs
949,Histoire,"Quelle tenture du XIVe siècle, conservée au château d'Angers, illustre la fin du monde selon saint Jean ?",La tenture de l'Apocalypse,2,Culture médiévale
949,Arts & Littérature,Comment appelle-t-on la technique de peinture murale réalisée sur un enduit encore frais ?,La fresque,1,Techniques
949,Sciences & Nature,"Quel syndrome, nommé d'après une prise d'otages dans une banque suédoise en 1973, désigne l'attachement d'otages à leurs ravisseurs ?",Le syndrome de Stockholm,1,Psychologie
949,Sports & Loisirs,Comment appelle-t-on le fil de coton à brins séparables le plus utilisé en broderie ?,Le mouliné,3,Loisirs créatifs
950,Géographie,Quel architecte a conçu la pyramide de verre du Louvre ?,Ieoh Ming Pei (I. M. Pei),2,Monuments
950,Divertissement,Quel dessin animé français met en scène des collégiens combattant le virus XANA dans un monde virtuel ?,Code Lyoko,2,Dessins animés
950,Histoire,Combien d'épouses le roi Henri VIII a-t-il eues ?,Six,1,Angleterre Tudor
950,Arts & Littérature,"Quel peintre italien, maître du clair-obscur, a peint « La Vocation de saint Matthieu » ?",Le Caravage,2,Baroque
950,Sciences & Nature,"Quel neuropsychiatre français, auteur d'« Un merveilleux malheur », a popularisé la notion de résilience ?",Boris Cyrulnik,2,Psychologie
950,Sports & Loisirs,Avec quelle franchise NBA Larry Bird a-t-il fait toute sa carrière ?,Les Boston Celtics,1,Basket – clubs
951,Géographie,"Quelle exclave russe sur la Baltique, l'ancienne Königsberg, est coincée entre la Pologne et la Lituanie ?",Kaliningrad,2,Territoires
951,Divertissement,Quel jeu soviétique consiste à empiler des pièces géométriques qui tombent pour compléter des lignes ?,Tetris,1,Jeux vidéo
951,Histoire,Quel général commandait la division parachutiste lors de la bataille d'Alger en 1957 ?,Jacques Massu,3,Guerre d'Algérie
951,Arts & Littérature,Quel personnage de la commedia dell'arte porte un costume fait de losanges multicolores ?,Arlequin,1,Théâtre
951,Sciences & Nature,Comment appelle-t-on l'énergie que possède un corps du fait de sa vitesse ?,L'énergie cinétique,1,Physique
951,Sports & Loisirs,Quelle soupe de poissons de pêcheurs est considérée comme la cousine bretonne de la bouillabaisse ?,La cotriade,3,Cuisine régionale
952,Géographie,Quelle ville russe fondée en 1703 par Pierre le Grand fut la capitale de l'Empire russe ?,Saint-Pétersbourg,1,Villes
952,Divertissement,Comment s'appelle le vaisseau commercial dont l'équipage affronte la créature d'« Alien » (1979) ?,Le Nostromo,3,Science-fiction
952,Histoire,Sous quel arbre du bois de Vincennes Saint Louis rendait-il la justice selon la tradition ?,Un chêne,1,Capétiens
952,Arts & Littérature,Quel chorégraphe américain a travaillé toute sa vie aux côtés du compositeur John Cage ?,Merce Cunningham,3,Danse
952,Sciences & Nature,Comment s'appelle le milieu gélatineux qui remplit la cellule autour du noyau ?,Le cytoplasme,1,Cellule
952,Sports & Loisirs,Quel véhicule ferme la marche d'une course cycliste pour recueillir les coureurs qui abandonnent ?,La voiture-balai,1,Cyclisme – vocabulaire
953,Géographie,"Comment appelle-t-on l'avalanche brûlante de gaz, de cendres et de blocs qui dévale les pentes d'un volcan ?",Une nuée ardente (coulée pyroclastique),2,Volcans
953,Divertissement,Quelle comédie de Francis Veber (1981) réunit pour la première fois Pierre Richard et Gérard Depardieu ?,La Chèvre,2,Comédies françaises
953,Histoire,Quelle île la France acquiert-elle de la république de Gênes en 1768 ?,La Corse,1,Louis XV
953,Arts & Littérature,Quel peintre aveyronnais est célèbre pour ses toiles monochromes noires qu'il appelait « outrenoir » ?,Pierre Soulages,2,Art contemporain
953,Sciences & Nature,Comment appelle-t-on les ramifications des bois du cerf ?,Les andouillers (ou cors),3,Mammifères
953,Sports & Loisirs,Quel créateur français de chaussures est reconnaissable à ses semelles rouges ?,Christian Louboutin,1,Mode
954,Géographie,De la langue de quel pays voisin l'estonien est-il très proche ?,La Finlande (le finnois),3,Langues
954,Divertissement,Quelle chanteuse colombienne a interprété « Waka Waka » pour la Coupe du monde de football 2010 ?,Shakira,1,Pop latino
954,Histoire,Dans quelle ville indienne une fuite de gaz toxique d'une usine chimique a-t-elle tué des milliers de personnes en 1984 ?,Bhopal,2,Catastrophes
954,Arts & Littérature,Quel penseur a écrit « Le cœur a ses raisons que la raison ne connaît point » ?,Blaise Pascal,1,Citations
954,Sciences & Nature,Quel pigment donne leur couleur verte aux feuilles ?,La chlorophylle,1,Plantes
954,Sports & Loisirs,"Quel club français a perdu contre le Real Madrid la toute première finale de la Coupe des clubs champions, en 1956 ?",Le Stade de Reims,3,Football – clubs
955,Géographie,"Quel territoire du Canada, créé en 1999, est majoritairement peuplé d'Inuits ?",Le Nunavut,2,Pôles
955,Divertissement,Quelle rue londonienne les Beatles traversent-ils sur un passage piéton sur la pochette d'un album de 1969 ?,Abbey Road,1,Albums
955,Histoire,"Quel archéologue allemand, homme d'affaires passionné d'Homère, a fouillé le site de Troie au XIXe siècle ?",Heinrich Schliemann,2,Grèce antique
955,Arts & Littérature,Quel poète persan a composé autour de l'an 1000 le « Livre des Rois » (Shâh-Nâmeh) ?,Ferdowsi,3,Épopées d'Asie
955,Sciences & Nature,Comment appelle-t-on la larve de la grenouille ?,Le têtard,1,Noms des petits
955,Sports & Loisirs,Quel coureur kényan a bouclé un marathon en moins de deux heures lors d'une course non homologuée à Vienne en 2019 ?,Eliud Kipchoge,2,Athlétisme
956,Géographie,"Quelle ville bolivienne, l'une des plus hautes du monde, s'est enrichie grâce aux mines d'argent du Cerro Rico ?",Potosí,3,Grandes villes
956,Divertissement,Quel jeune ninja blond du village de Konoha porte en lui un démon renard à neuf queues ?,Naruto,1,Mangas
956,Histoire,Quels penseurs publient le Manifeste du parti communiste en 1848 ?,Karl Marx et Friedrich Engels,1,Europe au XIXe siècle
956,Arts & Littérature,"Quel mot en « -ou » prend un « x » au pluriel, avec bijou, caillou, chou, genou, hibou et joujou ?",Pou,2,Langue française
956,Sciences & Nature,Quelle ville a inauguré en 1863 le premier métro du monde ?,Londres,2,Transports
956,Sports & Loisirs,Quelle ville du Morbihan accueille chaque été le Festival interceltique ?,Lorient,2,Fêtes et traditions
957,Géographie,Quelle centrale nucléaire japonaise a été gravement endommagée par le tsunami de mars 2011 ?,Fukushima Daiichi,1,Plaques et séismes
957,Divertissement,"Quel film de Jacques Demy (1964), avec Catherine Deneuve, est entièrement chanté ?",Les Parapluies de Cherbourg,2,Cinéma français
957,Histoire,"Quel Premier ministre israélien, signataire des accords d'Oslo, a été assassiné à Tel-Aviv en 1995 ?",Yitzhak Rabin,2,Proche-Orient
957,Arts & Littérature,Sur quelle île de l'océan Indien se déroule l'opéra « Les Pêcheurs de perles » de Bizet ?,Ceylan (Sri Lanka),3,Opéra
957,Sciences & Nature,"Quel télescope spatial, lancé en 1990, porte le nom d'un astronome américain ?",Hubble,1,Espace : missions
957,Sports & Loisirs,Quel coureur britannique né au Kenya a remporté quatre Tours de France entre 2013 et 2017 ?,Chris Froome,2,Cyclisme – champions
958,Géographie,Quelle ville de la Somme possède la cathédrale gothique au plus vaste volume intérieur de France ?,Amiens,2,Villes
958,Divertissement,"Quel cabaret parisien du boulevard de Clichy, surmonté d'un moulin, est le temple du french cancan ?",Le Moulin Rouge,1,Salles et festivals
958,Histoire,"Quel texte de 842, rédigé en langue romane et en langue tudesque, est considéré comme l'acte de naissance du français écrit ?",Les serments de Strasbourg,3,Mérovingiens et Carolingiens
958,Arts & Littérature,Quel peintre belge a écrit « Ceci n'est pas une pipe » sous l'image d'une pipe ?,René Magritte,1,Surréalisme
958,Sciences & Nature,"Quel psychiatre suisse, d'abord disciple de Freud, a développé la notion d'inconscient collectif ?",Carl Gustav Jung,2,Psychologie
958,Sports & Loisirs,"À la pétanque, quelle expression désigne le fait de perdre une partie sur le score de 13 à 0 ?",Faire Fanny,1,Sports insolites
959,Géographie,Quel arc monumental de Mumbai commémore la venue du roi George V en 1911 ?,La Porte de l'Inde,3,Monuments et sites
959,Divertissement,Quelle chanteuse franco-malienne a connu un succès international avec « Djadja » en 2018 ?,Aya Nakamura,1,Pop urbaine
959,Histoire,Quelle bataille du 20 septembre 1792 est la première grande victoire de l'armée révolutionnaire ?,Valmy,1,Révolution française
959,Arts & Littérature,Quel dramaturge d'origine roumaine a écrit « La Cantatrice chauve » ?,Eugène Ionesco,2,Théâtre
959,Sciences & Nature,"Quelle vitamine, présente dans les légumes verts à feuilles, est indispensable à la coagulation du sang ?",La vitamine K,2,Nutrition
959,Sports & Loisirs,"Dans quelle commune, au nord de Paris, se trouve le Stade de France ?",Saint-Denis,1,Football – stades
960,Géographie,Quelle mer sépare l'Australie de la Nouvelle-Zélande ?,La mer de Tasman,2,Océans et mers
960,Divertissement,Dans quelle saga de films de course automobile Vin Diesel incarne-t-il Dominic Toretto ?,Fast and Furious,1,Sagas
960,Histoire,Quel corsaire malouin s'empare de Rio de Janeiro en 1711 ?,René Duguay-Trouin,3,Louis XIV
960,Arts & Littérature,Quelle danse de couple est née à la fin du XIXe siècle dans les faubourgs de Buenos Aires ?,Le tango,1,Danse
960,Sciences & Nature,"Quelle est la première portion de l'intestin grêle, juste après l'estomac ?",Le duodénum,2,Digestion
960,Sports & Loisirs,"Dans quelle ville écossaise se trouve l'Old Course, considéré comme le berceau du golf ?",St Andrews,2,Golf
961,Géographie,"Quel pont new-yorkais, inauguré en 1883, fut le premier grand pont suspendu à câbles d'acier ?",Le pont de Brooklyn,2,Monuments et sites
961,Divertissement,"Dans le jeu « Intervilles », quels animaux les candidats devaient-ils esquiver dans l'arène ?",Des vachettes,1,Jeux télé
961,Histoire,"Quel roi anglo-saxon du Wessex, surnommé « le Grand », résista aux Vikings au IXe siècle ?",Alfred le Grand,2,Vikings et Europe du Nord
961,Arts & Littérature,Qui a écrit le roman épistolaire « Les Liaisons dangereuses » (1782) ?,Choderlos de Laclos,2,Romans
961,Sciences & Nature,Quel sens est assuré par les corpuscules de Meissner et de Pacini situés dans la peau ?,Le toucher,2,Sens : le toucher
961,Sports & Loisirs,Quel coureur est devenu en 2012 le premier Britannique à remporter le Tour de France ?,Bradley Wiggins,2,Cyclisme – champions
962,Géographie,Quel grand lac hongrois est surnommé la « mer hongroise » ?,Le lac Balaton,2,Lacs
962,Divertissement,"Quel chanteur a interprété « Il est cinq heures, Paris s'éveille » en 1968 ?",Jacques Dutronc,1,Chanson française
962,Histoire,"Quelle mission de 1975 a vu, pour la première fois, l'amarrage d'un vaisseau américain et d'un vaisseau soviétique ?",Apollo-Soyouz,3,Conquête spatiale
962,Arts & Littérature,Combien de symphonies Beethoven a-t-il achevées ?,Neuf,1,Œuvres
962,Sciences & Nature,"Quel est le plus grand satellite de Saturne, doté d'une épaisse atmosphère ?",Titan,2,Astronomie : planètes
962,Sports & Loisirs,"Quelle patineuse norvégienne, triple championne olympique de 1928 à 1936, est ensuite devenue une vedette d'Hollywood ?",Sonja Henie,3,Sports d'hiver
963,Géographie,"Quel quartier de Shanghai, hérissé de gratte-ciel, fait face au Bund de l'autre côté du Huangpu ?",Pudong,3,Grandes villes
963,Divertissement,Quel acteur britannique a incarné Harry Potter dans les huit films de la saga ?,Daniel Radcliffe,1,Sagas
963,Histoire,"Quel révolutionnaire devient en 1912 le premier président, provisoire, de la République de Chine ?",Sun Yat-sen,2,Chine
963,Arts & Littérature,"Quel sculpteur a réalisé « Le Penseur », à l'origine destiné à sa « Porte de l'Enfer » ?",Auguste Rodin,1,Sculpture
963,Sciences & Nature,Comment s'appellent les minuscules sacs des poumons où se font les échanges gazeux ?,Les alvéoles pulmonaires,2,Respiration
963,Sports & Loisirs,Quel condiment japonais vert et très piquant accompagne traditionnellement les sushis ?,Le wasabi,1,Cuisine du monde
964,Géographie,"Quel archipel du golfe du Saint-Laurent, rattaché au Québec, est réputé pour ses dunes et ses maisons colorées ?",Les îles de la Madeleine,2,Québec
964,Divertissement,Quelle actrice suédoise incarne Ilsa Lund dans « Casablanca » (1942) ?,Ingrid Bergman,2,Classiques hollywoodiens
964,Histoire,Quel athlète afro-américain a remporté quatre médailles d'or aux Jeux olympiques de Berlin en 1936 ?,Jesse Owens,1,Entre-deux-guerres
964,Arts & Littérature,"Quel roman d'Hervé Le Tellier, où les passagers d'un même avion atterrissent deux fois, a obtenu le Goncourt en 2020 ?",L'Anomalie,2,Prix Goncourt
964,Sciences & Nature,"Quel défaut de la vision, corrigé par des verres divergents, empêche de voir nettement de loin ?",La myopie,1,Physique
964,Sports & Loisirs,"Contre quelle nation la France a-t-elle remporté la finale de la Coupe Davis 1991, à Lyon ?",Les États-Unis,3,Tennis – compétitions
965,Géographie,"Quel sommet des Alpes, accessible par téléphérique depuis Chamonix, culmine à 3 842 m ?",L'aiguille du Midi,2,Montagnes
965,Divertissement,Quelle héroïne polynésienne de Disney (2016) prend la mer avec le demi-dieu Maui ?,Vaiana,1,Animation
965,Histoire,"Quelle bataille de 1775, livrée le même jour que celle de Concord, ouvre la guerre d'Indépendance américaine ?",Lexington,3,Indépendance américaine
965,Arts & Littérature,Quel vieux passeur fait traverser le fleuve des Enfers aux âmes des morts contre une obole ?,Charon,1,Mythologie grecque
965,Sciences & Nature,Quel cartilage du larynx forme la saillie du cou appelée « pomme d'Adam » ?,Le cartilage thyroïde,3,Respiration
965,Sports & Loisirs,"Au golf, comment appelle-t-on la zone de gazon très ras qui entoure le trou ?",Le green,1,Golf
966,Géographie,"Quel immense lac de barrage du Ghana, formé par le barrage d'Akosombo, est l'un des plus vastes réservoirs du monde ?",Le lac Volta,3,Lacs
966,Divertissement,"Dans la saga « Twilight », quel est le prénom du vampire dont Bella Swan tombe amoureuse ?",Edward,1,Sagas
966,Histoire,Quel ministre de la Culture du général de Gaulle a créé les maisons de la culture ?,André Malraux,1,Culture et politique
966,Arts & Littérature,Quel dieu représenté par le disque solaire le pharaon époux de Néfertiti imposa-t-il comme dieu unique ?,Aton,3,Mythologie égyptienne
966,Sciences & Nature,Quelle épice est obtenue à partir de l'écorce séchée d'un arbre originaire du Sri Lanka ?,La cannelle,1,Plantes
966,Sports & Loisirs,"Aux échecs, comment appelle-t-on la prise particulière d'un pion adverse qui vient d'avancer de deux cases ?",La prise en passant,2,Échecs
967,Géographie,Quel massif entre l'Ouganda et la RDC est surnommé les « montagnes de la Lune » ?,Le Rwenzori,3,Montagnes
967,Divertissement,"Dans quel film de 1977 John Travolta incarne-t-il Tony Manero, roi des pistes de danse disco ?",La Fièvre du samedi soir,1,Comédies musicales
967,Histoire,Quel mois du calendrier républicain désigne la chute de Robespierre en 1794 ?,Thermidor,2,Révolution française
967,Arts & Littérature,Quel frère de Zeus règne sur le royaume des morts ?,Hadès,1,Mythologie grecque
967,Sciences & Nature,"Quelle planète tourne sur elle-même comme « couchée », avec un axe incliné d'environ 98 degrés ?",Uranus,2,Astronomie : planètes
967,Sports & Loisirs,"Quel sandwich niçois, pain rond garni des ingrédients de la salade niçoise, a un nom signifiant « pain mouillé » ?",Le pan bagnat,2,Cuisine régionale
968,Géographie,En combien de fuseaux horaires théoriques la Terre est-elle divisée ?,24,1,Fuseaux et latitudes
968,Divertissement,"Quelle chanson Dorothy chante-t-elle dans « Le Magicien d'Oz » (1939), rêvant d'un monde meilleur ?",Over the Rainbow,2,Musiques de films
968,Histoire,Quel philosophe et médecin persan est l'auteur du « Canon de la médecine » ?,Avicenne,2,Monde musulman médiéval
968,Arts & Littérature,"Quel hebdomadaire de bande dessinée, lancé par l'éditeur Dupuis en 1938, porte le nom d'un groom ?",Spirou,2,Bande dessinée
968,Sciences & Nature,Comment appelle-t-on la liaison chimique dans laquelle deux atomes mettent en commun des électrons ?,Une liaison covalente,3,Chimie : réactions
968,Sports & Loisirs,"Quel handballeur français, triple champion olympique (2008, 2012, 2021), a pour frère cadet Luka ?",Nikola Karabatic,1,Handball – champions
969,Géographie,Quelle ville est la préfecture du Morbihan ?,Vannes,2,Préfectures
969,Divertissement,Avec quel chanteur Axelle Red a-t-elle interprété « Manhattan-Kaboul » en 2002 ?,Renaud,2,Chanson française
969,Histoire,Combien de pays ont fondé la Communauté économique européenne en 1957 ?,Six,1,Construction européenne
969,Arts & Littérature,Quel architecte danois a conçu la Grande Arche de la Défense ?,Johan Otto von Spreckelsen,2,Architectes
969,Sciences & Nature,"Quel acide, dont le nom vient du latin désignant la fourmi, est injecté par les piqûres de fourmis ?",L'acide formique,3,Chimie : molécules
969,Sports & Loisirs,"Quel pays a remporté la toute première Coupe du monde de football, en 1930 ?",L'Uruguay,1,Football – Coupe du monde
970,Géographie,Quelle ville est devenue capitale du Soudan du Sud lors de son indépendance en 2011 ?,Djouba,3,Capitales
970,Divertissement,Quel guitariste de Guns N' Roses est reconnaissable à son haut-de-forme et à ses boucles noires ?,Slash,1,Hard rock
970,Histoire,Quel pape a ouvert le concile Vatican II en 1962 ?,Jean XXIII,2,Personnalités
970,Arts & Littérature,"Quel écrivain français né en Algérie, auteur de « L'Étranger », reçut le prix Nobel de littérature en 1957 ?",Albert Camus,1,Prix Nobel de littérature
970,Sciences & Nature,Quel naturaliste français est considéré comme le fondateur de la paléontologie et de l'anatomie comparée ?,Georges Cuvier,3,Grands scientifiques
970,Sports & Loisirs,"Quelle compétition masculine par nations, créée en 1900, porte le nom d'un joueur américain ?",La Coupe Davis,1,Tennis – compétitions
971,Géographie,Quel nom porte depuis 1976 la ville vietnamienne autrefois appelée Saïgon ?,Hô Chi Minh-Ville,1,Asie
971,Divertissement,"Quel film de Maurice Pialat, avec Gérard Depardieu en prêtre, a remporté la Palme d'or en 1987 ?",Sous le soleil de Satan,3,Festival de Cannes
971,Histoire,Quel traité signé en 1957 a institué la Communauté économique européenne ?,Le traité de Rome,1,Construction européenne
971,Arts & Littérature,Quel poète italien de la Renaissance a écrit l'épopée « La Jérusalem délivrée » ?,Le Tasse,3,Littérature italienne
971,Sciences & Nature,Quel verbe désigne le cri du corbeau ?,Croasser,1,Cris des animaux
971,Sports & Loisirs,"Quelle marque au félin bondissant a été fondée par Rudolf Dassler, frère du fondateur d'Adidas ?",Puma,2,Mode
972,Géographie,Quelle ville est la préfecture du Finistère ?,Quimper,2,Préfectures
972,Divertissement,Quels sont les prénoms des trois espionnes de « Totally Spies » ?,"Sam, Clover et Alex",2,Dessins animés
972,Histoire,Quelle pierre découverte en 1799 lors de l'expédition d'Égypte a permis de déchiffrer les hiéroglyphes ?,La pierre de Rosette,1,Napoléon
972,Arts & Littérature,Comment appelle-t-on les estampes japonaises dont le nom signifie « images du monde flottant » ?,Ukiyo-e,3,Estampes
972,Sciences & Nature,Comment appelle-t-on une épidémie qui s'étend à l'échelle de toute la planète ?,Une pandémie,1,Santé publique
972,Sports & Loisirs,Quel sport inspiré de la saga Harry Potter se pratique un balai entre les jambes ?,Le quidditch (quadball),1,Sports insolites
973,Géographie,Quels numéros portent les deux départements de Corse ?,2A et 2B,1,Départements
973,Divertissement,"Quel chanteur américain, mort noyé en 1997, a enregistré une version célèbre de « Hallelujah » ?",Jeff Buckley,3,Rock
973,Histoire,"Dans quel territoire français du Pacifique se trouve la grotte d'Ouvéa, théâtre d'une prise d'otages en 1988 ?",La Nouvelle-Calédonie,2,Outre-mer
973,Arts & Littérature,Quel roman de l'Allemand Michael Ende raconte l'aventure d'un garçon aspiré dans le livre qu'il est en train de lire ?,L'Histoire sans fin,2,Littérature allemande
973,Sciences & Nature,Quel astronaute français a séjourné dans la Station spatiale internationale lors des missions Proxima et Alpha ?,Thomas Pesquet,1,Espace : astronautes
973,Sports & Loisirs,Quel coureur éthiopien a remporté le 10 000 m olympique en 1996 et en 2000 ?,Haile Gebrselassie,2,Athlétisme
974,Géographie,Quel est le plus grand lac d'Afrique ?,Le lac Victoria,1,Lacs
974,Divertissement,Quel acteur irlandais tient le rôle-titre d'« Oppenheimer » (2023) ?,Cillian Murphy,2,Acteurs
974,Histoire,Quel architecte de Louis XIV a dessiné la place Vendôme et le dôme des Invalides ?,Jules Hardouin-Mansart,3,Louis XIV
974,Arts & Littérature,"Dans quel pays est né Georges Simenon, le père du commissaire Maigret ?",La Belgique,1,Francophonie
974,Sciences & Nature,Sous quelle forme le foie et les muscles stockent-ils le glucose ?,Le glycogène,2,Nutrition
974,Sports & Loisirs,Combien de minutes dure une exclusion temporaire au handball ?,2 minutes,1,Handball – règles
975,Géographie,"Quelle colline, au cœur de l'île de Montréal, a donné son nom à la ville ?",Le mont Royal,1,Québec
975,Divertissement,"Quel film d'animation en volume de Henry Selick (1993) a pour héros Jack Skellington, roi d'Halloween ?",L'Étrange Noël de monsieur Jack,2,Animation
975,Histoire,"Selon la tradition, en quelle année ont eu lieu les premiers Jeux olympiques antiques ?",776 av. J.-C.,2,Grèce antique
975,Arts & Littérature,Quel précepteur de Candide répète que « tout est au mieux dans le meilleur des mondes possibles » ?,Pangloss,2,Personnages
975,Sciences & Nature,"Quel minéral, abondant dans les produits laitiers, est le principal minéral des os ?",Le calcium,1,Nutrition
975,Sports & Loisirs,Dans quelle salle couverte de Nanterre le Racing 92 joue-t-il à domicile ?,Paris La Défense Arena,3,Rugby – stades
976,Géographie,Quel volcan de l'État de Washington a perdu une partie de son sommet lors de son explosion de mai 1980 ?,Le mont Saint Helens,2,Volcans
976,Divertissement,Quel rappeur new-yorkais a épousé Beyoncé en 2008 ?,Jay-Z,1,Rap américain
976,Histoire,Quel texte promulgué en 1685 réglemente l'esclavage dans les colonies françaises ?,Le Code noir,2,Colonies
976,Arts & Littérature,Quel compositeur et pianiste virtuose a écrit les « Rhapsodies hongroises » ?,Franz Liszt,2,Compositeurs
976,Sciences & Nature,Comment appelle-t-on les petites saillies de la langue qui abritent les bourgeons du goût ?,Les papilles gustatives,1,Sens : le goût
976,Sports & Loisirs,"Dans quel pays du Royaume-Uni se déroule la course de Cooper's Hill, où l'on dévale une pente derrière une meule de fromage ?",L'Angleterre,3,Sports insolites
977,Géographie,Quel est le plus vaste océan du monde ?,L'océan Pacifique,1,Océans et mers
977,Divertissement,Quel numéro de Minitel permettait de consulter l'annuaire électronique ?,Le 3611,3,Internet
977,Histoire,"Quels souverains, surnommés les Rois catholiques, financèrent le voyage de Colomb ?",Isabelle et Ferdinand,1,Péninsule ibérique et découvertes
977,Arts & Littérature,Quel roman de Marguerite Yourcenar prend la forme d'une longue lettre d'un empereur romain à Marc Aurèle ?,Mémoires d'Hadrien,2,Romans
977,Sciences & Nature,"Quel terminal télématique, lancé en France au début des années 1980, a été définitivement arrêté en 2012 ?",Le Minitel,1,Télécommunications
977,Sports & Loisirs,Comment les Écossais appellent-ils les festivités du dernier jour de l'année ?,Hogmanay,3,Fêtes et traditions
978,Géographie,Quelle ville est la capitale constitutionnelle de la Bolivie ?,Sucre,3,Amériques
978,Divertissement,Comment s'appelle l'école de sorcellerie fréquentée par Harry Potter ?,Poudlard,1,Sagas
978,Histoire,"Quelle ville du Mali René Caillié est-il le premier Européen à visiter et à en revenir, en 1828 ?",Tombouctou,2,Explorations
978,Arts & Littérature,Quel dieu grec messager des dieux porte des sandales ailées ?,Hermès,1,Mythologie grecque
978,Sciences & Nature,Quel chercheur canadien a découvert l'insuline en 1921 avec Charles Best ?,Frederick Banting,2,Grands médecins
978,Sports & Loisirs,Quel club français est surnommé « les Canaris » ?,Le FC Nantes,2,Football – clubs
979,Géographie,Quel méridien a été choisi en 1884 comme méridien de référence international ?,Le méridien de Greenwich,1,Fuseaux et latitudes
979,Divertissement,"Dans « La Soupe aux choux » (1981), de quelle planète vient l'extraterrestre surnommé la Denrée ?",Oxo,3,Comédies françaises
979,Histoire,Quel mot d'origine bretonne désigne une grande pierre dressée verticalement par les hommes du Néolithique ?,Un menhir,1,Préhistoire
979,Arts & Littérature,Quel peintre espagnol a représenté l'exécution de civils madrilènes par les troupes françaises dans « Tres de mayo » ?,Francisco de Goya,2,Tableaux célèbres
979,Sciences & Nature,"Quel genre de plante parasite d'Asie du Sud-Est produit la plus grande fleur du monde, à l'odeur de viande pourrie ?",La rafflésie (Rafflesia),3,Plantes
979,Sports & Loisirs,"Comment appelle-t-on la discipline qui consiste à franchir les obstacles urbains en courant, sautant et grimpant ?",Le parkour,1,Sports insolites
980,Géographie,Quelle ville du Viêt Nam fut la capitale impériale de la dynastie Nguyễn ?,Hué,3,Grandes villes
980,Divertissement,"Quel concours culinaire de M6, lancé en 2010, oppose des cuisiniers professionnels jugés par de grands chefs ?",Top Chef,1,Émissions
980,Histoire,Dans quelle résidence présidentielle américaine l'Égypte et Israël ont-ils conclu des accords de paix en 1978 ?,Camp David,2,Proche-Orient
980,Arts & Littérature,Quel danseur américain a formé un duo légendaire avec Ginger Rogers dans les comédies musicales des années 1930 ?,Fred Astaire,1,Danse
980,Sciences & Nature,Quel ingénieur français a donné son nom à la force qui dévie les vents et les courants en raison de la rotation de la Terre ?,Gaspard-Gustave Coriolis,2,Physique
980,Sports & Loisirs,Quel nageur français a été sacré champion olympique du 50 m nage libre aux Jeux de Londres en 2012 ?,Florent Manaudou,1,Natation
981,Géographie,"Quel grand marais de Loire-Atlantique, près de Saint-Nazaire, forme un parc naturel régional ?",La Brière,3,Sites naturels
981,Divertissement,"Quel site de partage de vidéos, fondé en 2005, a été racheté par Google dès 2006 ?",YouTube,1,Internet
981,Histoire,Quel dirigeant chinois a engagé à partir de 1978 les grandes réformes économiques de la Chine ?,Deng Xiaoping,2,Chine
981,Arts & Littérature,Quel monstre à corps d'homme et tête de taureau était enfermé dans le Labyrinthe de Crète ?,Le Minotaure,1,Mythologie grecque
981,Sciences & Nature,"Quel chiffre, pourtant essentiel, n'existe pas dans la numération romaine ?",Le zéro,2,Mathématiques
981,Sports & Loisirs,Quel nageur français a remporté le 100 m nage libre olympique aux Jeux de Pékin en 2008 ?,Alain Bernard,2,Natation
982,Géographie,Quelle ville est la préfecture de l'Aveyron ?,Rodez,2,Préfectures
982,Divertissement,"Dans « Monstres & Cie » (2001), comment s'appelle le grand monstre bleu à poils violets, ami de Bob ?",Sulli,2,Animation
982,Histoire,Quelle ville du Massachusetts est le théâtre d'un célèbre procès en sorcellerie en 1692 ?,Salem,1,Amérique coloniale
982,Arts & Littérature,"Quel peintre impressionniste, né aux Antilles danoises, a peint de nombreuses vues de Pontoise ?",Camille Pissarro,3,Impressionnisme
982,Sciences & Nature,Comment appelle-t-on le petit du lapin ?,Le lapereau,1,Noms des petits
982,Sports & Loisirs,Quel art martial japonais se pratique en armure avec des sabres en bambou appelés shinai ?,Le kendo,2,Arts martiaux
983,Géographie,Quelle ville du Vaucluse possède un théâtre antique au mur de scène remarquablement conservé ?,Orange,2,Patrimoine UNESCO
983,Divertissement,Quelle chanteuse a connu un succès international avec « Dernière danse » en 2013 ?,Indila,1,Pop française
983,Histoire,"Le tombeau de quel souverain de Carie, à Halicarnasse, a donné un nom commun désignant un monument funéraire grandiose ?",Mausole,2,Grèce antique
983,Arts & Littérature,Quel écrivain irlandais a publié « Dracula » en 1897 ?,Bram Stoker,2,Littérature anglaise
983,Sciences & Nature,"Comment appelle-t-on le cancer de la peau le plus dangereux, qui se développe à partir des cellules pigmentaires ?",Le mélanome,2,Maladies
983,Sports & Loisirs,Quel club a remporté la Coupe d'Europe de rugby en 2022 et en 2023 ?,Le Stade rochelais,2,Rugby – compétitions
984,Géographie,"Quelle statue vénérée est abritée par le Wat Phra Kaew, dans l'enceinte du Grand Palais de Bangkok ?",Le Bouddha d'émeraude,2,Monuments et sites
984,Divertissement,Dans quel pays d'Afrique se trouve le club de vacances du premier film « Les Bronzés » (1978) ?,La Côte d'Ivoire,2,Comédies françaises
984,Histoire,"Dans quelle région se tenaient, aux XIIe et XIIIe siècles, les grandes foires réunissant marchands flamands et italiens ?",La Champagne,2,Féodalité et vie médiévale
984,Arts & Littérature,Quel animal a-t-on « au plafond » quand on est un peu fou ?,Une araignée,1,Expressions
984,Sciences & Nature,"Quel est le plus gros objet de la ceinture principale d'astéroïdes, classé planète naine ?",Cérès,3,Astronomie : petits corps
984,Sports & Loisirs,Quel club joue ses matchs à domicile au Parc des Princes ?,Le Paris Saint-Germain,1,Football – stades
985,Géographie,Quelle est la capitale de l'Islande ?,Reykjavik,1,Capitales
985,Divertissement,Quel chanteur surnommé « la Tortue » a remporté la « Nouvelle Star » en 2006 ?,Christophe Willem,2,Téléréalité
985,Histoire,Comment appelle-t-on les ouvriers de la soie lyonnais révoltés en 1831 et 1834 ?,Les canuts,2,Monarchie de Juillet
985,Arts & Littérature,"Quel compositeur français a écrit l'opéra « Lakmé », célèbre pour son « Duo des fleurs » ?",Léo Delibes,3,Opéra
985,Sciences & Nature,"Comment appelle-t-on le petit du sanglier, reconnaissable à son pelage rayé ?",Le marcassin,1,Noms des petits
985,Sports & Loisirs,Quel entraîneur dirigeait les Experts lors de leurs titres olympiques de 2008 et 2012 ?,Claude Onesta,2,Handball – équipe de France
986,Géographie,Quelle base navale d'Hawaï fut attaquée par l'aviation japonaise le 7 décembre 1941 ?,Pearl Harbor,1,Monuments et sites
986,Divertissement,Dans quel jeu de Valve la phrase « Le gâteau est un mensonge » est-elle devenue culte ?,Portal,3,Jeux vidéo
986,Histoire,Comment appelle-t-on la révolution de 1688 qui renverse le roi Jacques II d'Angleterre ?,La Glorieuse Révolution,2,Angleterre
986,Arts & Littérature,Combien de vers compte un sonnet ?,14,1,Versification
986,Sciences & Nature,"Quelle intoxication, appelée « mal des ardents » au Moyen Âge, était due à un champignon parasite du seigle ?",L'ergotisme,3,Maladies
986,Sports & Loisirs,"Quel cerceau en plastique, que l'on fait tourner autour de la taille, a fait fureur aux États-Unis en 1958 ?",Le hula hoop,1,Jouets
987,Géographie,Quelle île de Polynésie française est célèbre pour son lagon et le mont Otemanu ?,Bora-Bora,1,Outre-mer
987,Divertissement,Dans quelle ville se trouve l'hôpital de la série « Urgences » ?,Chicago,2,Séries américaines
987,Histoire,"Quel neveu de Louis XVIII, fils du futur Charles X, est assassiné en 1820 à la sortie de l'Opéra ?",Le duc de Berry,3,Restauration
987,Arts & Littérature,Quelle ruse imaginée par Ulysse permet aux Grecs de pénétrer dans Troie ?,Un cheval de bois,1,Épopées antiques
987,Sciences & Nature,Quel est le plus grand des primates actuels ?,Le gorille,2,Mammifères
987,Sports & Loisirs,"Quelle farine, emblématique de la Corse, sert à préparer la pulenda et de nombreux gâteaux de l'île ?",La farine de châtaigne,2,Cuisine régionale
988,Géographie,Quelle est la capitale de la Nouvelle-Zélande ?,Wellington,1,Océanie
988,Divertissement,Quel acteur incarne « Le Grand Blond avec une chaussure noire » dans le film d'Yves Robert (1972) ?,Pierre Richard,2,Comédies françaises
988,Histoire,Quel fils de Philippe Auguste ne régna que de 1223 à 1226 ?,Louis VIII,3,Capétiens
988,Arts & Littérature,Par quelle partie de son corps tire-t-on le diable quand on a du mal à joindre les deux bouts ?,La queue,1,Expressions
988,Sciences & Nature,Comment appelle-t-on une substance qui accélère une réaction chimique sans être consommée ?,Un catalyseur,1,Chimie : réactions
988,Sports & Loisirs,Quel club de la Côte d'Azur est surnommé « les Aiglons » ?,L'OGC Nice,3,Football – clubs
989,Géographie,Quelle est la capitale de l'Irlande du Nord ?,Belfast,1,Capitales
989,Divertissement,Quel film de Justine Triet a remporté la Palme d'or au Festival de Cannes en 2023 ?,Anatomie d'une chute,2,Festival de Cannes
989,Histoire,Quel traité international signé en 1968 vise à empêcher la diffusion des armes nucléaires ?,Le traité de non-prolifération,3,Guerre froide
989,Arts & Littérature,"Quel prince troyen enleva Hélène, déclenchant la guerre de Troie ?",Pâris,1,Épopées antiques
989,Sciences & Nature,Quel acide puissant est sécrété par la paroi de l'estomac ?,L'acide chlorhydrique,2,Digestion
989,Sports & Loisirs,"Quelle sauce provençale émulsionnée, à l'ail et à l'huile d'olive, tire son nom de ses deux ingrédients ?",L'aïoli,2,Cuisine régionale
990,Géographie,Quel volcan hawaïen est le plus volumineux volcan actif de la planète ?,Le Mauna Loa,2,Volcans
990,Divertissement,Pour quel film muet et en noir et blanc Jean Dujardin a-t-il reçu l'Oscar du meilleur acteur en 2012 ?,The Artist,2,Oscars
990,Histoire,Quel roi de France remporta la bataille de Bouvines en 1214 ?,Philippe Auguste,1,Capétiens
990,Arts & Littérature,Dans quel recueil de Pierre Gripari figure « La Sorcière de la rue Mouffetard » ?,Contes de la rue Broca,3,Littérature jeunesse
990,Sciences & Nature,"Quel chimiste et industriel suédois, inventeur de la dynamite, a légué sa fortune pour créer des prix célèbres ?",Alfred Nobel,1,Chimie : histoire
990,Sports & Loisirs,Comment appelle-t-on l'avenue-stade où défilent les écoles de samba lors du carnaval de Rio ?,Le Sambodrome,3,Fêtes et traditions
991,Géographie,"Quel affluent de la Seine la rejoint à Charenton-le-Pont, aux portes de Paris ?",La Marne,2,Fleuves et rivières
991,Divertissement,Quel détective créé par Arthur Conan Doyle habite au 221B Baker Street ?,Sherlock Holmes,1,Personnages de fiction
991,Histoire,Quel sultan ottoman s'empara de Constantinople en 1453 ?,Mehmed II,2,Byzance
991,Arts & Littérature,Dans quel roman de Stendhal Fabrice del Dongo erre-t-il sur le champ de bataille de Waterloo ?,La Chartreuse de Parme,2,Romans
991,Sciences & Nature,Par quel parent l'ADN mitochondrial est-il transmis chez l'être humain ?,La mère,2,Génétique
991,Sports & Loisirs,"Selon les règles FIBA, combien de fautes personnelles entraînent l'exclusion définitive d'un joueur ?",5,2,Basket – règles
992,Géographie,Quel explorateur américain a affirmé avoir atteint le pôle Nord en avril 1909 ?,Robert Peary,2,Pôles
992,Divertissement,Dans quel film de 1986 Tom Cruise incarne-t-il un pilote de chasse surnommé Maverick ?,Top Gun,1,Cinéma américain
992,Histoire,"Selon la tradition, quelle cité phénicienne a fondé Carthage ?",Tyr,3,Mésopotamie et Proche-Orient
992,Arts & Littérature,"Quel siècle, celui de Molière, Racine et Louis XIV, est surnommé le « Grand Siècle » ?",Le XVIIe siècle,1,Histoire littéraire
992,Sciences & Nature,Quel jeu vidéo de blocs à empiler a été créé en 1984 par le Soviétique Alexeï Pajitnov ?,Tetris,2,Informatique
992,Sports & Loisirs,Quels Jeux olympiques d'été ont été boycottés par les États-Unis après l'invasion soviétique de l'Afghanistan ?,Moscou 1980,2,Histoire des JO
993,Géographie,Quel est le plus haut sommet des Pyrénées françaises ?,Le Vignemale,3,Montagnes
993,Divertissement,Quel jeu d'arcade de 1980 met en scène une boule jaune qui avale des pastilles en fuyant des fantômes ?,Pac-Man,1,Jeux vidéo
993,Histoire,"Comment appelle-t-on le commerce maritime qui reliait l'Europe, l'Afrique et l'Amérique aux XVIIe et XVIIIe siècles ?",Le commerce triangulaire,1,Colonies
993,Arts & Littérature,Quelle autrice a publié en 1756 la version la plus célèbre de « La Belle et la Bête » ?,Madame Leprince de Beaumont,3,Contes
993,Sciences & Nature,Quel naturaliste suédois du XVIIIe siècle a instauré le système de nomenclature à deux noms latins ?,Carl von Linné,1,Classification
993,Sports & Loisirs,"Quel saut de patinage artistique, le seul à s'élancer vers l'avant, comporte une demi-rotation supplémentaire ?",L'axel,2,Sports d'hiver
994,Géographie,"Quel petit pays anglophone, étiré le long d'un fleuve, est presque entièrement enclavé dans le Sénégal ?",La Gambie,2,Pays
994,Divertissement,Quelle aventurière archéologue est l'héroïne de la série de jeux « Tomb Raider » ?,Lara Croft,1,Jeux vidéo
994,Histoire,Dans quel musée est conservée la stèle du code de Hammurabi ?,Le Louvre,2,Mésopotamie et Proche-Orient
994,Arts & Littérature,Quel écrivain espagnol a connu un succès mondial avec « L'Ombre du vent » en 2001 ?,Carlos Ruiz Zafón,2,Littérature espagnole
994,Sciences & Nature,Combien de dents compte la denture définitive complète d'un adulte ?,32,1,Dents
994,Sports & Loisirs,"Quelle nageuse australienne a remporté le 100 m nage libre olympique en 1956, 1960 et 1964 ?",Dawn Fraser,3,Natation
995,Géographie,Comment s'appelle la monnaie de l'Afrique du Sud ?,Le rand,2,Monnaies
995,Divertissement,Quel jeu d'arcade japonais de 1978 fait tirer un canon sur des vagues d'extraterrestres descendant vers le sol ?,Space Invaders,2,Jeux vidéo
995,Histoire,Quel pacte de non-agression l'Allemagne nazie et l'URSS signent-elles en août 1939 ?,Le pacte germano-soviétique,1,Seconde Guerre mondiale
995,Arts & Littérature,Quel roman inachevé de Flaubert met en scène deux copistes qui se lancent dans toutes les sciences ?,Bouvard et Pécuchet,3,Romans
995,Sciences & Nature,Quel jeu vidéo japonais de 1980 met en scène une boule jaune poursuivie par des fantômes dans un labyrinthe ?,Pac-Man,1,Informatique
995,Sports & Loisirs,Quelle eau-de-vie normande est obtenue par distillation du cidre ?,Le calvados,1,Spiritueux
996,Géographie,Quel département français d'Amérique du Sud abrite le centre spatial de Kourou ?,La Guyane,1,Amériques
996,Divertissement,Quelle actrice incarne l'agent du FBI Clarice Starling dans « Le Silence des agneaux » (1991) ?,Jodie Foster,2,Acteurs
996,Histoire,Quel homme d'État a dirigé le Portugal d'une main de fer de 1932 à 1968 ?,António de Oliveira Salazar,3,Europe du Sud
996,Arts & Littérature,Quel écrivain américain a écrit « Gatsby le Magnifique » ?,F. Scott Fitzgerald,1,Littérature américaine
996,Sciences & Nature,"Quel est le nom du « pacemaker » naturel du cœur, situé dans l'oreillette droite ?",Le nœud sinusal,3,Cœur et circulation
996,Sports & Loisirs,Quelle compétition de golf oppose tous les deux ans une équipe européenne à une équipe américaine ?,La Ryder Cup,1,Golf
997,Géographie,Quel ingénieur militaire de Louis XIV a vu douze de ses sites fortifiés inscrits à l'UNESCO en 2008 ?,Vauban,1,Patrimoine UNESCO
997,Divertissement,Quel modèle de voiture rouge à bande blanche conduisaient Starsky et Hutch ?,Ford Gran Torino,3,Séries américaines
997,Histoire,Quelle famille de banquiers domina la vie politique de Florence au XVe siècle ?,Les Médicis,1,Italie médiévale
997,Arts & Littérature,"Quel compositeur espagnol, aveugle depuis l'enfance, a écrit le « Concierto de Aranjuez » pour guitare ?",Joaquín Rodrigo,3,Œuvres
997,Sciences & Nature,"Quelle épice, la plus chère du monde, est constituée des stigmates d'une fleur de crocus ?",Le safran,1,Plantes
997,Sports & Loisirs,"Quel pays a remporté la Coupe du monde féminine 2019, organisée en France ?",Les États-Unis,2,Football – Coupe du monde
998,Géographie,Quel célèbre musée de Saint-Pétersbourg occupe notamment le palais d'Hiver ?,L'Ermitage,2,Monuments
998,Divertissement,Quel cinéaste japonais a réalisé « Les Sept Samouraïs » (1954) ?,Akira Kurosawa,2,Cinéma asiatique
998,Histoire,Quelle ministre de la Santé a défendu en 1975 la loi dépénalisant l'interruption volontaire de grossesse ?,Simone Veil,1,Société française
998,Arts & Littérature,"Quel roman de Jean-Paul Sartre, paru en 1938, est le journal d'Antoine Roquentin ?",La Nausée,2,Romans
998,Sciences & Nature,"Quel ouvrage de Freud, paru fin 1899, est consacré à l'analyse des rêves ?",L'Interprétation des rêves,2,Psychologie
998,Sports & Loisirs,Quel troisième ligne barbu était surnommé « l'Homme des cavernes » par la presse britannique ?,Sébastien Chabal,1,Rugby – champions
999,Géographie,Quelle ville est la préfecture de la Meuse ?,Bar-le-Duc,3,Préfectures
999,Divertissement,Quel jeu télévisé parodique d'Alain Chabat oppose l'équipe Ketchup et l'équipe Mayo ?,Burger Quiz,1,Jeux télé
999,Histoire,Quel ouragan a dévasté La Nouvelle-Orléans en août 2005 ?,Katrina,1,Catastrophes
999,Arts & Littérature,Quel est le titre le plus élevé dans la hiérarchie des danseurs du Ballet de l'Opéra de Paris ?,Danseur étoile,2,Danse
999,Sciences & Nature,Quels organites remplis d'enzymes digèrent les déchets de la cellule ?,Les lysosomes,3,Cellule
999,Sports & Loisirs,Avec le lait de quel animal est fabriquée la véritable mozzarella de Campanie ?,La bufflonne,1,Fromages
1000,Géographie,Quelle ville est la préfecture de la Manche ?,Saint-Lô,2,Préfectures
1000,Divertissement,Quel acteur incarne Obélix dans « Astérix et Obélix contre César » (1999) ?,Gérard Depardieu,1,Cinéma français
1000,Histoire,Quel pape couronna Charlemagne empereur ?,Léon III,3,Mérovingiens et Carolingiens
1000,Arts & Littérature,"Quel animal de La Fontaine veut se faire aussi gros que le bœuf, et en éclate ?",La grenouille,1,Fables
1000,Sciences & Nature,Comment appelle-t-on un ion chargé positivement ?,Un cation,2,Chimie : réactions
1000,Sports & Loisirs,Comment appelle-t-on le coureur chargé d'imposer un rythme rapide en début de course de demi-fond avant d'abandonner ?,Un lièvre,2,Vocabulaire et règles
